"date","metric","submetric","value","display"
2023-09-09,"Respiratory illness visits","Overall",8.24,"Percent"
2023-09-16,"Respiratory illness visits","Overall",8.41,"Percent"
2023-09-23,"Respiratory illness visits","Overall",10.33,"Percent"
2023-09-30,"Respiratory illness visits","Overall",10.78,"Percent"
2023-10-07,"Respiratory illness visits","Overall",10.57,"Percent"
2023-10-14,"Respiratory illness visits","Overall",11.15,"Percent"
2023-10-21,"Respiratory illness visits","Overall",11.77,"Percent"
2023-10-28,"Respiratory illness visits","Overall",12.16,"Percent"
2023-11-04,"Respiratory illness visits","Overall",12.38,"Percent"
2023-11-11,"Respiratory illness visits","Overall",13.82,"Percent"
2023-11-18,"Respiratory illness visits","Overall",14.2,"Percent"
2023-11-25,"Respiratory illness visits","Overall",15.03,"Percent"
2023-12-02,"Respiratory illness visits","Overall",15.82,"Percent"
2023-12-09,"Respiratory illness visits","Overall",16.48,"Percent"
2023-12-16,"Respiratory illness visits","Overall",18.05,"Percent"
2023-12-23,"Respiratory illness visits","Overall",20.07,"Percent"
2023-12-30,"Respiratory illness visits","Overall",22.65,"Percent"
2024-01-06,"Respiratory illness visits","Overall",19.47,"Percent"
2024-01-13,"Respiratory illness visits","Overall",17.79,"Percent"
2024-01-20,"Respiratory illness visits","Overall",16.07,"Percent"
2024-01-27,"Respiratory illness visits","Overall",15.38,"Percent"
2024-02-03,"Respiratory illness visits","Overall",14.74,"Percent"
2024-02-10,"Respiratory illness visits","Overall",14.68,"Percent"
2024-02-17,"Respiratory illness visits","Overall",14.41,"Percent"
2024-02-24,"Respiratory illness visits","Overall",13.51,"Percent"
2024-03-02,"Respiratory illness visits","Overall",12.61,"Percent"
2024-03-09,"Respiratory illness visits","Overall",11.67,"Percent"
2024-03-16,"Respiratory illness visits","Overall",11.5,"Percent"
2024-03-23,"Respiratory illness visits","Overall",11.5,"Percent"
2024-03-30,"Respiratory illness visits","Overall",11.59,"Percent"
2024-04-06,"Respiratory illness visits","Overall",11.48,"Percent"
2024-04-13,"Respiratory illness visits","Overall",10.81,"Percent"
2024-04-20,"Respiratory illness visits","Overall",10.39,"Percent"
2024-04-27,"Respiratory illness visits","Overall",9.98,"Percent"
2024-05-04,"Respiratory illness visits","Overall",9,"Percent"
2024-05-11,"Respiratory illness visits","Overall",8.73,"Percent"
2024-05-18,"Respiratory illness visits","Overall",9.41,"Percent"
2024-05-25,"Respiratory illness visits","Overall",9.05,"Percent"
2024-06-01,"Respiratory illness visits","Overall",8.94,"Percent"
2024-06-08,"Respiratory illness visits","Overall",8.71,"Percent"
2024-06-15,"Respiratory illness visits","Overall",8.59,"Percent"
2024-06-22,"Respiratory illness visits","Overall",8.16,"Percent"
2024-06-29,"Respiratory illness visits","Overall",8.17,"Percent"
2024-07-06,"Respiratory illness visits","Overall",8,"Percent"
2024-07-13,"Respiratory illness visits","Overall",7.27,"Percent"
2024-07-20,"Respiratory illness visits","Overall",7.3,"Percent"
2024-07-27,"Respiratory illness visits","Overall",7.49,"Percent"
2024-08-03,"Respiratory illness visits","Overall",7.72,"Percent"
2024-08-10,"Respiratory illness visits","Overall",7.2,"Percent"
2024-08-17,"Respiratory illness visits","Overall",7.53,"Percent"
2024-08-24,"Respiratory illness visits","Overall",7.48,"Percent"
2024-08-31,"Respiratory illness visits","Overall",7.51,"Percent"
2024-09-07,"Respiratory illness visits","Overall",7.6,"Percent"
2024-09-14,"Respiratory illness visits","Overall",8.44,"Percent"
2024-09-21,"Respiratory illness visits","Overall",9.9,"Percent"
2024-09-28,"Respiratory illness visits","Overall",9.84,"Percent"
2024-10-05,"Respiratory illness visits","Overall",9.86,"Percent"
2024-10-12,"Respiratory illness visits","Overall",10.18,"Percent"
2024-10-19,"Respiratory illness visits","Overall",10.42,"Percent"
2024-10-26,"Respiratory illness visits","Overall",10.58,"Percent"
2024-11-02,"Respiratory illness visits","Overall",10.22,"Percent"
2024-11-09,"Respiratory illness visits","Overall",10.95,"Percent"
2024-11-16,"Respiratory illness visits","Overall",11.36,"Percent"
2024-11-23,"Respiratory illness visits","Overall",11.86,"Percent"
2024-11-30,"Respiratory illness visits","Overall",12.77,"Percent"
2024-12-07,"Respiratory illness visits","Overall",13.36,"Percent"
2024-12-14,"Respiratory illness visits","Overall",14.23,"Percent"
2024-12-21,"Respiratory illness visits","Overall",15.37,"Percent"
2024-12-28,"Respiratory illness visits","Overall",18.36,"Percent"
2025-01-04,"Respiratory illness visits","Overall",18.74,"Percent"
2025-01-11,"Respiratory illness visits","Overall",17.74,"Percent"
2025-01-18,"Respiratory illness visits","Overall",19.29,"Percent"
2025-01-25,"Respiratory illness visits","Overall",19.88,"Percent"
2025-02-01,"Respiratory illness visits","Overall",18.67,"Percent"
2025-02-08,"Respiratory illness visits","Overall",17.22,"Percent"
2025-02-15,"Respiratory illness visits","Overall",15.41,"Percent"
2025-02-22,"Respiratory illness visits","Overall",13.88,"Percent"
2025-03-01,"Respiratory illness visits","Overall",11.95,"Percent"
2025-03-08,"Respiratory illness visits","Overall",11.43,"Percent"
2025-03-15,"Respiratory illness visits","Overall",11.26,"Percent"
2025-03-22,"Respiratory illness visits","Overall",11.19,"Percent"
2025-03-29,"Respiratory illness visits","Overall",11.02,"Percent"
2025-04-05,"Respiratory illness visits","Overall",10.62,"Percent"
2025-04-12,"Respiratory illness visits","Overall",10.2,"Percent"
2025-04-19,"Respiratory illness visits","Overall",9.27,"Percent"
2025-04-26,"Respiratory illness visits","Overall",8.84,"Percent"
2025-05-03,"Respiratory illness visits","Overall",8.63,"Percent"
2025-05-10,"Respiratory illness visits","Overall",7.91,"Percent"
2025-05-17,"Respiratory illness visits","Overall",8.37,"Percent"
2025-05-24,"Respiratory illness visits","Overall",8.52,"Percent"
2025-05-31,"Respiratory illness visits","Overall",8.7,"Percent"
2025-06-07,"Respiratory illness visits","Overall",8.25,"Percent"
2025-06-14,"Respiratory illness visits","Overall",7.87,"Percent"
2025-06-21,"Respiratory illness visits","Overall",7.95,"Percent"
2025-06-28,"Respiratory illness visits","Overall",7.39,"Percent"
2025-07-05,"Respiratory illness visits","Overall",7.05,"Percent"
2025-07-12,"Respiratory illness visits","Overall",6.76,"Percent"
2025-07-19,"Respiratory illness visits","Overall",6.34,"Percent"
2025-07-26,"Respiratory illness visits","Overall",6.48,"Percent"
2025-08-02,"Respiratory illness visits","Overall",6.59,"Percent"
2025-08-09,"Respiratory illness visits","Overall",6.98,"Percent"
2025-08-16,"Respiratory illness visits","Overall",6.78,"Percent"
2025-08-23,"Respiratory illness visits","Overall",6.56,"Percent"
2025-08-30,"Respiratory illness visits","Overall",6.52,"Percent"
2025-09-06,"Respiratory illness visits","Overall",6.57,"Percent"
2025-09-13,"Respiratory illness visits","Overall",6.98,"Percent"
2025-09-20,"Respiratory illness visits","Overall",8.19,"Percent"
2025-09-27,"Respiratory illness visits","Overall",8.31,"Percent"
2025-10-04,"Respiratory illness visits","Overall",7.98,"Percent"
2025-10-11,"Respiratory illness visits","Overall",7.7,"Percent"
2025-10-18,"Respiratory illness visits","Overall",7.93,"Percent"
2025-10-25,"Respiratory illness visits","Overall",8.23,"Percent"
2025-11-01,"Respiratory illness visits","Overall",8.48,"Percent"
2025-11-08,"Respiratory illness visits","Overall",9.39,"Percent"
2025-11-15,"Respiratory illness visits","Overall",9.6,"Percent"
2025-11-22,"Respiratory illness visits","Overall",11.43,"Percent"
2025-11-29,"Respiratory illness visits","Overall",14.9,"Percent"
2025-12-06,"Respiratory illness visits","Overall",16.44,"Percent"
2025-12-13,"Respiratory illness visits","Overall",20.57,"Percent"
2025-12-20,"Respiratory illness visits","Overall",23.69,"Percent"
2025-12-27,"Respiratory illness visits","Overall",22.36,"Percent"
2026-01-03,"Respiratory illness visits","Overall",17.31,"Percent"
2026-01-10,"Respiratory illness visits","Overall",13.15,"Percent"
2026-01-17,"Respiratory illness visits","Overall",10.6,"Percent"
2026-01-24,"Respiratory illness visits","Overall",9.9,"Percent"
2026-01-31,"Respiratory illness visits","Overall",9.42,"Percent"
2026-02-07,"Respiratory illness visits","Overall",9.34,"Percent"
2026-02-14,"Respiratory illness visits","Overall",9.63,"Percent"
2026-02-21,"Respiratory illness visits","Overall",10.37,"Percent"
2026-02-28,"Respiratory illness visits","Overall",9.07,"Percent"
2026-03-07,"Respiratory illness visits","Overall",8.97,"Percent"
2026-03-14,"Respiratory illness visits","Overall",9.4,"Percent"
2026-03-21,"Respiratory illness visits","Overall",10.37,"Percent"
2026-03-28,"Respiratory illness visits","Overall",10.7,"Percent"
2026-04-04,"Respiratory illness visits","Overall",10.41,"Percent"
2026-04-11,"Respiratory illness visits","Overall",8.83,"Percent"
2026-04-18,"Respiratory illness visits","Overall",7.76,"Percent"
2026-04-25,"Respiratory illness visits","Overall",7.84,"Percent"
2026-05-02,"Respiratory illness visits","Overall",8.33,"Percent"
2026-05-09,"Respiratory illness visits","Overall",8.78,"Percent"
2026-05-16,"Respiratory illness visits","Overall",8.61,"Percent"
2026-05-23,"Respiratory illness visits","Overall",8.08,"Percent"
2026-05-30,"Respiratory illness visits","Overall",7.84,"Percent"
2026-06-06,"Respiratory illness visits","Overall",7.48,"Percent"
2026-06-13,"Respiratory illness visits","Overall",6.83,"Percent"
2026-06-20,"Respiratory illness visits","Overall",6.76,"Percent"
2026-06-27,"Respiratory illness visits","Overall",6.57,"Percent"
2026-07-04,"Respiratory illness visits","Overall",6.52,"Percent"
2026-07-11,"Respiratory illness visits","Overall",6.17,"Percent"
2026-07-18,"Respiratory illness visits","Overall",6.02,"Percent"
2026-07-25,"Respiratory illness visits","Overall",5.9,"Percent"
2026-08-01,"Respiratory illness visits","Overall",5.71,"Percent"
2026-08-08,"Respiratory illness visits","Overall",5.49,"Percent"
2026-08-15,"Respiratory illness visits","Overall",5.66,"Percent"
2026-08-22,"Respiratory illness visits","Overall",5.97,"Percent"
2026-08-29,"Respiratory illness visits","Overall",5.91,"Percent"
2026-09-05,"Respiratory illness visits","Overall",6.05,"Percent"
2023-09-09,"Respiratory illness hospitalizations","Overall",8.44,"Percent"
2023-09-16,"Respiratory illness hospitalizations","Overall",7.99,"Percent"
2023-09-23,"Respiratory illness hospitalizations","Overall",8.27,"Percent"
2023-09-30,"Respiratory illness hospitalizations","Overall",8.9,"Percent"
2023-10-07,"Respiratory illness hospitalizations","Overall",9.27,"Percent"
2023-10-14,"Respiratory illness hospitalizations","Overall",8.85,"Percent"
2023-10-21,"Respiratory illness hospitalizations","Overall",9.54,"Percent"
2023-10-28,"Respiratory illness hospitalizations","Overall",9.08,"Percent"
2023-11-04,"Respiratory illness hospitalizations","Overall",9.04,"Percent"
2023-11-11,"Respiratory illness hospitalizations","Overall",10.64,"Percent"
2023-11-18,"Respiratory illness hospitalizations","Overall",10.54,"Percent"
2023-11-25,"Respiratory illness hospitalizations","Overall",11.12,"Percent"
2023-12-02,"Respiratory illness hospitalizations","Overall",11.48,"Percent"
2023-12-09,"Respiratory illness hospitalizations","Overall",12.14,"Percent"
2023-12-16,"Respiratory illness hospitalizations","Overall",12.73,"Percent"
2023-12-23,"Respiratory illness hospitalizations","Overall",13.77,"Percent"
2023-12-30,"Respiratory illness hospitalizations","Overall",16.63,"Percent"
2024-01-06,"Respiratory illness hospitalizations","Overall",15.86,"Percent"
2024-01-13,"Respiratory illness hospitalizations","Overall",14.01,"Percent"
2024-01-20,"Respiratory illness hospitalizations","Overall",12.62,"Percent"
2024-01-27,"Respiratory illness hospitalizations","Overall",11.97,"Percent"
2024-02-03,"Respiratory illness hospitalizations","Overall",10.83,"Percent"
2024-02-10,"Respiratory illness hospitalizations","Overall",10.99,"Percent"
2024-02-17,"Respiratory illness hospitalizations","Overall",10.83,"Percent"
2024-02-24,"Respiratory illness hospitalizations","Overall",10.63,"Percent"
2024-03-02,"Respiratory illness hospitalizations","Overall",10.12,"Percent"
2024-03-09,"Respiratory illness hospitalizations","Overall",8.84,"Percent"
2024-03-16,"Respiratory illness hospitalizations","Overall",8.9,"Percent"
2024-03-23,"Respiratory illness hospitalizations","Overall",8.46,"Percent"
2024-03-30,"Respiratory illness hospitalizations","Overall",8.57,"Percent"
2024-04-06,"Respiratory illness hospitalizations","Overall",9.24,"Percent"
2024-04-13,"Respiratory illness hospitalizations","Overall",8.64,"Percent"
2024-04-20,"Respiratory illness hospitalizations","Overall",8.27,"Percent"
2024-04-27,"Respiratory illness hospitalizations","Overall",8.51,"Percent"
2024-05-04,"Respiratory illness hospitalizations","Overall",8.78,"Percent"
2024-05-11,"Respiratory illness hospitalizations","Overall",7.85,"Percent"
2024-05-18,"Respiratory illness hospitalizations","Overall",8.2,"Percent"
2024-05-25,"Respiratory illness hospitalizations","Overall",8.93,"Percent"
2024-06-01,"Respiratory illness hospitalizations","Overall",8.07,"Percent"
2024-06-08,"Respiratory illness hospitalizations","Overall",8.22,"Percent"
2024-06-15,"Respiratory illness hospitalizations","Overall",7.66,"Percent"
2024-06-22,"Respiratory illness hospitalizations","Overall",7.87,"Percent"
2024-06-29,"Respiratory illness hospitalizations","Overall",8.32,"Percent"
2024-07-06,"Respiratory illness hospitalizations","Overall",8.23,"Percent"
2024-07-13,"Respiratory illness hospitalizations","Overall",7.26,"Percent"
2024-07-20,"Respiratory illness hospitalizations","Overall",7.3,"Percent"
2024-07-27,"Respiratory illness hospitalizations","Overall",7.58,"Percent"
2024-08-03,"Respiratory illness hospitalizations","Overall",7.88,"Percent"
2024-08-10,"Respiratory illness hospitalizations","Overall",7.2,"Percent"
2024-08-17,"Respiratory illness hospitalizations","Overall",7.69,"Percent"
2024-08-24,"Respiratory illness hospitalizations","Overall",7.58,"Percent"
2024-08-31,"Respiratory illness hospitalizations","Overall",7.6,"Percent"
2024-09-07,"Respiratory illness hospitalizations","Overall",6.77,"Percent"
2024-09-14,"Respiratory illness hospitalizations","Overall",7.57,"Percent"
2024-09-21,"Respiratory illness hospitalizations","Overall",8.19,"Percent"
2024-09-28,"Respiratory illness hospitalizations","Overall",7.65,"Percent"
2024-10-05,"Respiratory illness hospitalizations","Overall",8.37,"Percent"
2024-10-12,"Respiratory illness hospitalizations","Overall",8.6,"Percent"
2024-10-19,"Respiratory illness hospitalizations","Overall",8.9,"Percent"
2024-10-26,"Respiratory illness hospitalizations","Overall",8.76,"Percent"
2024-11-02,"Respiratory illness hospitalizations","Overall",7.87,"Percent"
2024-11-09,"Respiratory illness hospitalizations","Overall",8.34,"Percent"
2024-11-16,"Respiratory illness hospitalizations","Overall",8.58,"Percent"
2024-11-23,"Respiratory illness hospitalizations","Overall",8.9,"Percent"
2024-11-30,"Respiratory illness hospitalizations","Overall",9.23,"Percent"
2024-12-07,"Respiratory illness hospitalizations","Overall",9.45,"Percent"
2024-12-14,"Respiratory illness hospitalizations","Overall",10.19,"Percent"
2024-12-21,"Respiratory illness hospitalizations","Overall",10.68,"Percent"
2024-12-28,"Respiratory illness hospitalizations","Overall",13.76,"Percent"
2025-01-04,"Respiratory illness hospitalizations","Overall",15.59,"Percent"
2025-01-11,"Respiratory illness hospitalizations","Overall",14.04,"Percent"
2025-01-18,"Respiratory illness hospitalizations","Overall",13.93,"Percent"
2025-01-25,"Respiratory illness hospitalizations","Overall",14.12,"Percent"
2025-02-01,"Respiratory illness hospitalizations","Overall",13.91,"Percent"
2025-02-08,"Respiratory illness hospitalizations","Overall",13.36,"Percent"
2025-02-15,"Respiratory illness hospitalizations","Overall",12.1,"Percent"
2025-02-22,"Respiratory illness hospitalizations","Overall",11.53,"Percent"
2025-03-01,"Respiratory illness hospitalizations","Overall",10.61,"Percent"
2025-03-08,"Respiratory illness hospitalizations","Overall",10.02,"Percent"
2025-03-15,"Respiratory illness hospitalizations","Overall",9.26,"Percent"
2025-03-22,"Respiratory illness hospitalizations","Overall",8.85,"Percent"
2025-03-29,"Respiratory illness hospitalizations","Overall",9.43,"Percent"
2025-04-05,"Respiratory illness hospitalizations","Overall",9.48,"Percent"
2025-04-12,"Respiratory illness hospitalizations","Overall",9.13,"Percent"
2025-04-19,"Respiratory illness hospitalizations","Overall",8.72,"Percent"
2025-04-26,"Respiratory illness hospitalizations","Overall",8.92,"Percent"
2025-05-03,"Respiratory illness hospitalizations","Overall",8.66,"Percent"
2025-05-10,"Respiratory illness hospitalizations","Overall",8.32,"Percent"
2025-05-17,"Respiratory illness hospitalizations","Overall",8.35,"Percent"
2025-05-24,"Respiratory illness hospitalizations","Overall",7.73,"Percent"
2025-05-31,"Respiratory illness hospitalizations","Overall",8.29,"Percent"
2025-06-07,"Respiratory illness hospitalizations","Overall",8.36,"Percent"
2025-06-14,"Respiratory illness hospitalizations","Overall",7.84,"Percent"
2025-06-21,"Respiratory illness hospitalizations","Overall",8.09,"Percent"
2025-06-28,"Respiratory illness hospitalizations","Overall",7.35,"Percent"
2025-07-05,"Respiratory illness hospitalizations","Overall",7.31,"Percent"
2025-07-12,"Respiratory illness hospitalizations","Overall",7.42,"Percent"
2025-07-19,"Respiratory illness hospitalizations","Overall",7.06,"Percent"
2025-07-26,"Respiratory illness hospitalizations","Overall",7.38,"Percent"
2025-08-02,"Respiratory illness hospitalizations","Overall",7.6,"Percent"
2025-08-09,"Respiratory illness hospitalizations","Overall",6.79,"Percent"
2025-08-16,"Respiratory illness hospitalizations","Overall",7.17,"Percent"
2025-08-23,"Respiratory illness hospitalizations","Overall",6.67,"Percent"
2025-08-30,"Respiratory illness hospitalizations","Overall",6.9,"Percent"
2025-09-06,"Respiratory illness hospitalizations","Overall",6.23,"Percent"
2025-09-13,"Respiratory illness hospitalizations","Overall",7.12,"Percent"
2025-09-20,"Respiratory illness hospitalizations","Overall",6.83,"Percent"
2025-09-27,"Respiratory illness hospitalizations","Overall",7.3,"Percent"
2025-10-04,"Respiratory illness hospitalizations","Overall",7.33,"Percent"
2025-10-11,"Respiratory illness hospitalizations","Overall",7.75,"Percent"
2025-10-18,"Respiratory illness hospitalizations","Overall",7.78,"Percent"
2025-10-25,"Respiratory illness hospitalizations","Overall",7.5,"Percent"
2025-11-01,"Respiratory illness hospitalizations","Overall",7.71,"Percent"
2025-11-08,"Respiratory illness hospitalizations","Overall",8.13,"Percent"
2025-11-15,"Respiratory illness hospitalizations","Overall",8.5,"Percent"
2025-11-22,"Respiratory illness hospitalizations","Overall",8.66,"Percent"
2025-11-29,"Respiratory illness hospitalizations","Overall",10.13,"Percent"
2025-12-06,"Respiratory illness hospitalizations","Overall",11,"Percent"
2025-12-13,"Respiratory illness hospitalizations","Overall",11.96,"Percent"
2025-12-20,"Respiratory illness hospitalizations","Overall",14.59,"Percent"
2025-12-27,"Respiratory illness hospitalizations","Overall",14.77,"Percent"
2026-01-03,"Respiratory illness hospitalizations","Overall",14.14,"Percent"
2026-01-10,"Respiratory illness hospitalizations","Overall",12.03,"Percent"
2026-01-17,"Respiratory illness hospitalizations","Overall",9.93,"Percent"
2026-01-24,"Respiratory illness hospitalizations","Overall",9.66,"Percent"
2026-01-31,"Respiratory illness hospitalizations","Overall",9.55,"Percent"
2026-02-07,"Respiratory illness hospitalizations","Overall",8.75,"Percent"
2026-02-14,"Respiratory illness hospitalizations","Overall",8.58,"Percent"
2026-02-21,"Respiratory illness hospitalizations","Overall",9.41,"Percent"
2026-02-28,"Respiratory illness hospitalizations","Overall",9.17,"Percent"
2026-03-07,"Respiratory illness hospitalizations","Overall",8.67,"Percent"
2026-03-14,"Respiratory illness hospitalizations","Overall",8.6,"Percent"
2026-03-21,"Respiratory illness hospitalizations","Overall",8.78,"Percent"
2026-03-28,"Respiratory illness hospitalizations","Overall",8.13,"Percent"
2026-04-04,"Respiratory illness hospitalizations","Overall",8.58,"Percent"
2026-04-11,"Respiratory illness hospitalizations","Overall",6.36,"Percent"
2026-04-18,"Respiratory illness hospitalizations","Overall",6,"Percent"
2026-04-25,"Respiratory illness hospitalizations","Overall",6.1,"Percent"
2026-05-02,"Respiratory illness hospitalizations","Overall",6.06,"Percent"
2026-05-09,"Respiratory illness hospitalizations","Overall",6.12,"Percent"
2026-05-16,"Respiratory illness hospitalizations","Overall",5.5,"Percent"
2026-05-23,"Respiratory illness hospitalizations","Overall",5.75,"Percent"
2026-05-30,"Respiratory illness hospitalizations","Overall",6.51,"Percent"
2026-06-06,"Respiratory illness hospitalizations","Overall",6.4,"Percent"
2026-06-13,"Respiratory illness hospitalizations","Overall",6.62,"Percent"
2026-06-20,"Respiratory illness hospitalizations","Overall",6.52,"Percent"
2026-06-27,"Respiratory illness hospitalizations","Overall",6.39,"Percent"
2026-07-04,"Respiratory illness hospitalizations","Overall",6.8,"Percent"
2026-07-11,"Respiratory illness hospitalizations","Overall",6.21,"Percent"
2026-07-18,"Respiratory illness hospitalizations","Overall",6.15,"Percent"
2026-07-25,"Respiratory illness hospitalizations","Overall",6.19,"Percent"
2026-08-01,"Respiratory illness hospitalizations","Overall",6.17,"Percent"
2026-08-08,"Respiratory illness hospitalizations","Overall",6.02,"Percent"
2026-08-15,"Respiratory illness hospitalizations","Overall",6.25,"Percent"
2026-08-22,"Respiratory illness hospitalizations","Overall",6.44,"Percent"
2026-08-29,"Respiratory illness hospitalizations","Overall",6.1,"Percent"
2026-09-05,"Respiratory illness hospitalizations","Overall",6.2,"Percent"
2023-09-09,"COVID-19 visits","Overall",1.72,"Percent"
2023-09-16,"COVID-19 visits","Overall",1.56,"Percent"
2023-09-23,"COVID-19 visits","Overall",1.6,"Percent"
2023-09-30,"COVID-19 visits","Overall",1.46,"Percent"
2023-10-07,"COVID-19 visits","Overall",1.06,"Percent"
2023-10-14,"COVID-19 visits","Overall",0.89,"Percent"
2023-10-21,"COVID-19 visits","Overall",0.78,"Percent"
2023-10-28,"COVID-19 visits","Overall",0.68,"Percent"
2023-11-04,"COVID-19 visits","Overall",0.52,"Percent"
2023-11-11,"COVID-19 visits","Overall",0.53,"Percent"
2023-11-18,"COVID-19 visits","Overall",0.58,"Percent"
2023-11-25,"COVID-19 visits","Overall",0.74,"Percent"
2023-12-02,"COVID-19 visits","Overall",0.87,"Percent"
2023-12-09,"COVID-19 visits","Overall",1.06,"Percent"
2023-12-16,"COVID-19 visits","Overall",1.35,"Percent"
2023-12-23,"COVID-19 visits","Overall",1.93,"Percent"
2023-12-30,"COVID-19 visits","Overall",2.7,"Percent"
2024-01-06,"COVID-19 visits","Overall",2.57,"Percent"
2024-01-13,"COVID-19 visits","Overall",2.25,"Percent"
2024-01-20,"COVID-19 visits","Overall",1.79,"Percent"
2024-01-27,"COVID-19 visits","Overall",1.53,"Percent"
2024-02-03,"COVID-19 visits","Overall",1.11,"Percent"
2024-02-10,"COVID-19 visits","Overall",1.03,"Percent"
2024-02-17,"COVID-19 visits","Overall",0.84,"Percent"
2024-02-24,"COVID-19 visits","Overall",0.63,"Percent"
2024-03-02,"COVID-19 visits","Overall",0.51,"Percent"
2024-03-09,"COVID-19 visits","Overall",0.37,"Percent"
2024-03-16,"COVID-19 visits","Overall",0.32,"Percent"
2024-03-23,"COVID-19 visits","Overall",0.29,"Percent"
2024-03-30,"COVID-19 visits","Overall",0.28,"Percent"
2024-04-06,"COVID-19 visits","Overall",0.24,"Percent"
2024-04-13,"COVID-19 visits","Overall",0.27,"Percent"
2024-04-20,"COVID-19 visits","Overall",0.26,"Percent"
2024-04-27,"COVID-19 visits","Overall",0.28,"Percent"
2024-05-04,"COVID-19 visits","Overall",0.33,"Percent"
2024-05-11,"COVID-19 visits","Overall",0.3,"Percent"
2024-05-18,"COVID-19 visits","Overall",0.41,"Percent"
2024-05-25,"COVID-19 visits","Overall",0.46,"Percent"
2024-06-01,"COVID-19 visits","Overall",0.52,"Percent"
2024-06-08,"COVID-19 visits","Overall",0.62,"Percent"
2024-06-15,"COVID-19 visits","Overall",0.79,"Percent"
2024-06-22,"COVID-19 visits","Overall",0.95,"Percent"
2024-06-29,"COVID-19 visits","Overall",1.02,"Percent"
2024-07-06,"COVID-19 visits","Overall",1.23,"Percent"
2024-07-13,"COVID-19 visits","Overall",1.13,"Percent"
2024-07-20,"COVID-19 visits","Overall",1.2,"Percent"
2024-07-27,"COVID-19 visits","Overall",1.22,"Percent"
2024-08-03,"COVID-19 visits","Overall",1.29,"Percent"
2024-08-10,"COVID-19 visits","Overall",0.96,"Percent"
2024-08-17,"COVID-19 visits","Overall",1,"Percent"
2024-08-24,"COVID-19 visits","Overall",0.86,"Percent"
2024-08-31,"COVID-19 visits","Overall",0.76,"Percent"
2024-09-07,"COVID-19 visits","Overall",0.67,"Percent"
2024-09-14,"COVID-19 visits","Overall",0.65,"Percent"
2024-09-21,"COVID-19 visits","Overall",0.48,"Percent"
2024-09-28,"COVID-19 visits","Overall",0.44,"Percent"
2024-10-05,"COVID-19 visits","Overall",0.29,"Percent"
2024-10-12,"COVID-19 visits","Overall",0.2,"Percent"
2024-10-19,"COVID-19 visits","Overall",0.19,"Percent"
2024-10-26,"COVID-19 visits","Overall",0.2,"Percent"
2024-11-02,"COVID-19 visits","Overall",0.18,"Percent"
2024-11-09,"COVID-19 visits","Overall",0.19,"Percent"
2024-11-16,"COVID-19 visits","Overall",0.15,"Percent"
2024-11-23,"COVID-19 visits","Overall",0.16,"Percent"
2024-11-30,"COVID-19 visits","Overall",0.18,"Percent"
2024-12-07,"COVID-19 visits","Overall",0.22,"Percent"
2024-12-14,"COVID-19 visits","Overall",0.25,"Percent"
2024-12-21,"COVID-19 visits","Overall",0.32,"Percent"
2024-12-28,"COVID-19 visits","Overall",0.4,"Percent"
2025-01-04,"COVID-19 visits","Overall",0.5,"Percent"
2025-01-11,"COVID-19 visits","Overall",0.43,"Percent"
2025-01-18,"COVID-19 visits","Overall",0.5,"Percent"
2025-01-25,"COVID-19 visits","Overall",0.57,"Percent"
2025-02-01,"COVID-19 visits","Overall",0.57,"Percent"
2025-02-08,"COVID-19 visits","Overall",0.63,"Percent"
2025-02-15,"COVID-19 visits","Overall",0.63,"Percent"
2025-02-22,"COVID-19 visits","Overall",0.71,"Percent"
2025-03-01,"COVID-19 visits","Overall",0.7,"Percent"
2025-03-08,"COVID-19 visits","Overall",0.71,"Percent"
2025-03-15,"COVID-19 visits","Overall",0.77,"Percent"
2025-03-22,"COVID-19 visits","Overall",0.85,"Percent"
2025-03-29,"COVID-19 visits","Overall",0.84,"Percent"
2025-04-05,"COVID-19 visits","Overall",0.82,"Percent"
2025-04-12,"COVID-19 visits","Overall",0.71,"Percent"
2025-04-19,"COVID-19 visits","Overall",0.65,"Percent"
2025-04-26,"COVID-19 visits","Overall",0.55,"Percent"
2025-05-03,"COVID-19 visits","Overall",0.4,"Percent"
2025-05-10,"COVID-19 visits","Overall",0.34,"Percent"
2025-05-17,"COVID-19 visits","Overall",0.37,"Percent"
2025-05-24,"COVID-19 visits","Overall",0.35,"Percent"
2025-05-31,"COVID-19 visits","Overall",0.42,"Percent"
2025-06-07,"COVID-19 visits","Overall",0.36,"Percent"
2025-06-14,"COVID-19 visits","Overall",0.35,"Percent"
2025-06-21,"COVID-19 visits","Overall",0.37,"Percent"
2025-06-28,"COVID-19 visits","Overall",0.33,"Percent"
2025-07-05,"COVID-19 visits","Overall",0.33,"Percent"
2025-07-12,"COVID-19 visits","Overall",0.38,"Percent"
2025-07-19,"COVID-19 visits","Overall",0.36,"Percent"
2025-07-26,"COVID-19 visits","Overall",0.42,"Percent"
2025-08-02,"COVID-19 visits","Overall",0.47,"Percent"
2025-08-09,"COVID-19 visits","Overall",0.59,"Percent"
2025-08-16,"COVID-19 visits","Overall",0.65,"Percent"
2025-08-23,"COVID-19 visits","Overall",0.61,"Percent"
2025-08-30,"COVID-19 visits","Overall",0.57,"Percent"
2025-09-06,"COVID-19 visits","Overall",0.63,"Percent"
2025-09-13,"COVID-19 visits","Overall",0.59,"Percent"
2025-09-20,"COVID-19 visits","Overall",0.56,"Percent"
2025-09-27,"COVID-19 visits","Overall",0.51,"Percent"
2025-10-04,"COVID-19 visits","Overall",0.34,"Percent"
2025-10-11,"COVID-19 visits","Overall",0.29,"Percent"
2025-10-18,"COVID-19 visits","Overall",0.22,"Percent"
2025-10-25,"COVID-19 visits","Overall",0.18,"Percent"
2025-11-01,"COVID-19 visits","Overall",0.18,"Percent"
2025-11-08,"COVID-19 visits","Overall",0.18,"Percent"
2025-11-15,"COVID-19 visits","Overall",0.18,"Percent"
2025-11-22,"COVID-19 visits","Overall",0.14,"Percent"
2025-11-29,"COVID-19 visits","Overall",0.18,"Percent"
2025-12-06,"COVID-19 visits","Overall",0.18,"Percent"
2025-12-13,"COVID-19 visits","Overall",0.19,"Percent"
2025-12-20,"COVID-19 visits","Overall",0.19,"Percent"
2025-12-27,"COVID-19 visits","Overall",0.25,"Percent"
2026-01-03,"COVID-19 visits","Overall",0.26,"Percent"
2026-01-10,"COVID-19 visits","Overall",0.28,"Percent"
2026-01-17,"COVID-19 visits","Overall",0.29,"Percent"
2026-01-24,"COVID-19 visits","Overall",0.22,"Percent"
2026-01-31,"COVID-19 visits","Overall",0.22,"Percent"
2026-02-07,"COVID-19 visits","Overall",0.26,"Percent"
2026-02-14,"COVID-19 visits","Overall",0.27,"Percent"
2026-02-21,"COVID-19 visits","Overall",0.27,"Percent"
2026-02-28,"COVID-19 visits","Overall",0.25,"Percent"
2026-03-07,"COVID-19 visits","Overall",0.21,"Percent"
2026-03-14,"COVID-19 visits","Overall",0.23,"Percent"
2026-03-21,"COVID-19 visits","Overall",0.28,"Percent"
2026-03-28,"COVID-19 visits","Overall",0.29,"Percent"
2026-04-04,"COVID-19 visits","Overall",0.27,"Percent"
2026-04-11,"COVID-19 visits","Overall",0.22,"Percent"
2026-04-18,"COVID-19 visits","Overall",0.22,"Percent"
2026-04-25,"COVID-19 visits","Overall",0.14,"Percent"
2026-05-02,"COVID-19 visits","Overall",0.14,"Percent"
2026-05-09,"COVID-19 visits","Overall",0.15,"Percent"
2026-05-16,"COVID-19 visits","Overall",0.12,"Percent"
2026-05-23,"COVID-19 visits","Overall",0.13,"Percent"
2026-05-30,"COVID-19 visits","Overall",0.09,"Percent"
2026-06-06,"COVID-19 visits","Overall",0.1,"Percent"
2026-06-13,"COVID-19 visits","Overall",0.11,"Percent"
2026-06-20,"COVID-19 visits","Overall",0.06,"Percent"
2026-06-27,"COVID-19 visits","Overall",0.08,"Percent"
2026-07-04,"COVID-19 visits","Overall",0.15,"Percent"
2026-07-11,"COVID-19 visits","Overall",0.11,"Percent"
2026-07-18,"COVID-19 visits","Overall",0.18,"Percent"
2026-07-25,"COVID-19 visits","Overall",0.18,"Percent"
2026-08-01,"COVID-19 visits","Overall",0.24,"Percent"
2026-08-08,"COVID-19 visits","Overall",0.28,"Percent"
2026-08-15,"COVID-19 visits","Overall",0.34,"Percent"
2026-08-22,"COVID-19 visits","Overall",0.38,"Percent"
2026-08-29,"COVID-19 visits","Overall",0.46,"Percent"
2026-09-05,"COVID-19 visits","Overall",0.51,"Percent"
2023-09-09,"COVID-19 hospitalizations","Overall",1.77,"Percent"
2023-09-16,"COVID-19 hospitalizations","Overall",1.72,"Percent"
2023-09-23,"COVID-19 hospitalizations","Overall",1.78,"Percent"
2023-09-30,"COVID-19 hospitalizations","Overall",1.62,"Percent"
2023-10-07,"COVID-19 hospitalizations","Overall",1.27,"Percent"
2023-10-14,"COVID-19 hospitalizations","Overall",1.15,"Percent"
2023-10-21,"COVID-19 hospitalizations","Overall",1.16,"Percent"
2023-10-28,"COVID-19 hospitalizations","Overall",0.85,"Percent"
2023-11-04,"COVID-19 hospitalizations","Overall",0.77,"Percent"
2023-11-11,"COVID-19 hospitalizations","Overall",0.69,"Percent"
2023-11-18,"COVID-19 hospitalizations","Overall",0.84,"Percent"
2023-11-25,"COVID-19 hospitalizations","Overall",1,"Percent"
2023-12-02,"COVID-19 hospitalizations","Overall",1.13,"Percent"
2023-12-09,"COVID-19 hospitalizations","Overall",1.34,"Percent"
2023-12-16,"COVID-19 hospitalizations","Overall",1.66,"Percent"
2023-12-23,"COVID-19 hospitalizations","Overall",2.21,"Percent"
2023-12-30,"COVID-19 hospitalizations","Overall",2.97,"Percent"
2024-01-06,"COVID-19 hospitalizations","Overall",2.83,"Percent"
2024-01-13,"COVID-19 hospitalizations","Overall",2.63,"Percent"
2024-01-20,"COVID-19 hospitalizations","Overall",2.03,"Percent"
2024-01-27,"COVID-19 hospitalizations","Overall",1.97,"Percent"
2024-02-03,"COVID-19 hospitalizations","Overall",1.29,"Percent"
2024-02-10,"COVID-19 hospitalizations","Overall",1.33,"Percent"
2024-02-17,"COVID-19 hospitalizations","Overall",1.16,"Percent"
2024-02-24,"COVID-19 hospitalizations","Overall",0.75,"Percent"
2024-03-02,"COVID-19 hospitalizations","Overall",0.82,"Percent"
2024-03-09,"COVID-19 hospitalizations","Overall",0.49,"Percent"
2024-03-16,"COVID-19 hospitalizations","Overall",0.45,"Percent"
2024-03-23,"COVID-19 hospitalizations","Overall",0.31,"Percent"
2024-03-30,"COVID-19 hospitalizations","Overall",0.28,"Percent"
2024-04-06,"COVID-19 hospitalizations","Overall",0.35,"Percent"
2024-04-13,"COVID-19 hospitalizations","Overall",0.32,"Percent"
2024-04-20,"COVID-19 hospitalizations","Overall",0.26,"Percent"
2024-04-27,"COVID-19 hospitalizations","Overall",0.24,"Percent"
2024-05-04,"COVID-19 hospitalizations","Overall",0.49,"Percent"
2024-05-11,"COVID-19 hospitalizations","Overall",0.28,"Percent"
2024-05-18,"COVID-19 hospitalizations","Overall",0.43,"Percent"
2024-05-25,"COVID-19 hospitalizations","Overall",0.5,"Percent"
2024-06-01,"COVID-19 hospitalizations","Overall",0.54,"Percent"
2024-06-08,"COVID-19 hospitalizations","Overall",0.62,"Percent"
2024-06-15,"COVID-19 hospitalizations","Overall",0.62,"Percent"
2024-06-22,"COVID-19 hospitalizations","Overall",1.06,"Percent"
2024-06-29,"COVID-19 hospitalizations","Overall",1.1,"Percent"
2024-07-06,"COVID-19 hospitalizations","Overall",1.17,"Percent"
2024-07-13,"COVID-19 hospitalizations","Overall",1.02,"Percent"
2024-07-20,"COVID-19 hospitalizations","Overall",1.21,"Percent"
2024-07-27,"COVID-19 hospitalizations","Overall",1.38,"Percent"
2024-08-03,"COVID-19 hospitalizations","Overall",1.36,"Percent"
2024-08-10,"COVID-19 hospitalizations","Overall",0.9,"Percent"
2024-08-17,"COVID-19 hospitalizations","Overall",1.07,"Percent"
2024-08-24,"COVID-19 hospitalizations","Overall",0.96,"Percent"
2024-08-31,"COVID-19 hospitalizations","Overall",0.83,"Percent"
2024-09-07,"COVID-19 hospitalizations","Overall",0.57,"Percent"
2024-09-14,"COVID-19 hospitalizations","Overall",0.67,"Percent"
2024-09-21,"COVID-19 hospitalizations","Overall",0.53,"Percent"
2024-09-28,"COVID-19 hospitalizations","Overall",0.45,"Percent"
2024-10-05,"COVID-19 hospitalizations","Overall",0.38,"Percent"
2024-10-12,"COVID-19 hospitalizations","Overall",0.32,"Percent"
2024-10-19,"COVID-19 hospitalizations","Overall",0.32,"Percent"
2024-10-26,"COVID-19 hospitalizations","Overall",0.28,"Percent"
2024-11-02,"COVID-19 hospitalizations","Overall",0.2,"Percent"
2024-11-09,"COVID-19 hospitalizations","Overall",0.24,"Percent"
2024-11-16,"COVID-19 hospitalizations","Overall",0.23,"Percent"
2024-11-23,"COVID-19 hospitalizations","Overall",0.19,"Percent"
2024-11-30,"COVID-19 hospitalizations","Overall",0.2,"Percent"
2024-12-07,"COVID-19 hospitalizations","Overall",0.25,"Percent"
2024-12-14,"COVID-19 hospitalizations","Overall",0.33,"Percent"
2024-12-21,"COVID-19 hospitalizations","Overall",0.44,"Percent"
2024-12-28,"COVID-19 hospitalizations","Overall",0.52,"Percent"
2025-01-04,"COVID-19 hospitalizations","Overall",0.53,"Percent"
2025-01-11,"COVID-19 hospitalizations","Overall",0.47,"Percent"
2025-01-18,"COVID-19 hospitalizations","Overall",0.68,"Percent"
2025-01-25,"COVID-19 hospitalizations","Overall",0.54,"Percent"
2025-02-01,"COVID-19 hospitalizations","Overall",0.6,"Percent"
2025-02-08,"COVID-19 hospitalizations","Overall",0.75,"Percent"
2025-02-15,"COVID-19 hospitalizations","Overall",0.67,"Percent"
2025-02-22,"COVID-19 hospitalizations","Overall",0.88,"Percent"
2025-03-01,"COVID-19 hospitalizations","Overall",0.82,"Percent"
2025-03-08,"COVID-19 hospitalizations","Overall",0.88,"Percent"
2025-03-15,"COVID-19 hospitalizations","Overall",0.81,"Percent"
2025-03-22,"COVID-19 hospitalizations","Overall",0.87,"Percent"
2025-03-29,"COVID-19 hospitalizations","Overall",0.9,"Percent"
2025-04-05,"COVID-19 hospitalizations","Overall",0.94,"Percent"
2025-04-12,"COVID-19 hospitalizations","Overall",0.65,"Percent"
2025-04-19,"COVID-19 hospitalizations","Overall",0.64,"Percent"
2025-04-26,"COVID-19 hospitalizations","Overall",0.61,"Percent"
2025-05-03,"COVID-19 hospitalizations","Overall",0.49,"Percent"
2025-05-10,"COVID-19 hospitalizations","Overall",0.48,"Percent"
2025-05-17,"COVID-19 hospitalizations","Overall",0.46,"Percent"
2025-05-24,"COVID-19 hospitalizations","Overall",0.35,"Percent"
2025-05-31,"COVID-19 hospitalizations","Overall",0.41,"Percent"
2025-06-07,"COVID-19 hospitalizations","Overall",0.3,"Percent"
2025-06-14,"COVID-19 hospitalizations","Overall",0.36,"Percent"
2025-06-21,"COVID-19 hospitalizations","Overall",0.31,"Percent"
2025-06-28,"COVID-19 hospitalizations","Overall",0.29,"Percent"
2025-07-05,"COVID-19 hospitalizations","Overall",0.34,"Percent"
2025-07-12,"COVID-19 hospitalizations","Overall",0.31,"Percent"
2025-07-19,"COVID-19 hospitalizations","Overall",0.28,"Percent"
2025-07-26,"COVID-19 hospitalizations","Overall",0.38,"Percent"
2025-08-02,"COVID-19 hospitalizations","Overall",0.4,"Percent"
2025-08-09,"COVID-19 hospitalizations","Overall",0.42,"Percent"
2025-08-16,"COVID-19 hospitalizations","Overall",0.54,"Percent"
2025-08-23,"COVID-19 hospitalizations","Overall",0.52,"Percent"
2025-08-30,"COVID-19 hospitalizations","Overall",0.4,"Percent"
2025-09-06,"COVID-19 hospitalizations","Overall",0.43,"Percent"
2025-09-13,"COVID-19 hospitalizations","Overall",0.46,"Percent"
2025-09-20,"COVID-19 hospitalizations","Overall",0.36,"Percent"
2025-09-27,"COVID-19 hospitalizations","Overall",0.35,"Percent"
2025-10-04,"COVID-19 hospitalizations","Overall",0.32,"Percent"
2025-10-11,"COVID-19 hospitalizations","Overall",0.34,"Percent"
2025-10-18,"COVID-19 hospitalizations","Overall",0.26,"Percent"
2025-10-25,"COVID-19 hospitalizations","Overall",0.23,"Percent"
2025-11-01,"COVID-19 hospitalizations","Overall",0.29,"Percent"
2025-11-08,"COVID-19 hospitalizations","Overall",0.23,"Percent"
2025-11-15,"COVID-19 hospitalizations","Overall",0.22,"Percent"
2025-11-22,"COVID-19 hospitalizations","Overall",0.17,"Percent"
2025-11-29,"COVID-19 hospitalizations","Overall",0.34,"Percent"
2025-12-06,"COVID-19 hospitalizations","Overall",0.22,"Percent"
2025-12-13,"COVID-19 hospitalizations","Overall",0.22,"Percent"
2025-12-20,"COVID-19 hospitalizations","Overall",0.25,"Percent"
2025-12-27,"COVID-19 hospitalizations","Overall",0.25,"Percent"
2026-01-03,"COVID-19 hospitalizations","Overall",0.23,"Percent"
2026-01-10,"COVID-19 hospitalizations","Overall",0.29,"Percent"
2026-01-17,"COVID-19 hospitalizations","Overall",0.4,"Percent"
2026-01-24,"COVID-19 hospitalizations","Overall",0.19,"Percent"
2026-01-31,"COVID-19 hospitalizations","Overall",0.22,"Percent"
2026-02-07,"COVID-19 hospitalizations","Overall",0.33,"Percent"
2026-02-14,"COVID-19 hospitalizations","Overall",0.3,"Percent"
2026-02-21,"COVID-19 hospitalizations","Overall",0.22,"Percent"
2026-02-28,"COVID-19 hospitalizations","Overall",0.33,"Percent"
2026-03-07,"COVID-19 hospitalizations","Overall",0.2,"Percent"
2026-03-14,"COVID-19 hospitalizations","Overall",0.13,"Percent"
2026-03-21,"COVID-19 hospitalizations","Overall",0.13,"Percent"
2026-03-28,"COVID-19 hospitalizations","Overall",0.24,"Percent"
2026-04-04,"COVID-19 hospitalizations","Overall",0.19,"Percent"
2026-04-11,"COVID-19 hospitalizations","Overall",0.16,"Percent"
2026-04-18,"COVID-19 hospitalizations","Overall",0.26,"Percent"
2026-04-25,"COVID-19 hospitalizations","Overall",0.14,"Percent"
2026-05-02,"COVID-19 hospitalizations","Overall",0.11,"Percent"
2026-05-09,"COVID-19 hospitalizations","Overall",0.13,"Percent"
2026-05-16,"COVID-19 hospitalizations","Overall",0.13,"Percent"
2026-05-23,"COVID-19 hospitalizations","Overall",0.1,"Percent"
2026-05-30,"COVID-19 hospitalizations","Overall",0.08,"Percent"
2026-06-06,"COVID-19 hospitalizations","Overall",0.12,"Percent"
2026-06-13,"COVID-19 hospitalizations","Overall",0.06,"Percent"
2026-06-20,"COVID-19 hospitalizations","Overall",0.07,"Percent"
2026-06-27,"COVID-19 hospitalizations","Overall",0.04,"Percent"
2026-07-04,"COVID-19 hospitalizations","Overall",0.13,"Percent"
2026-07-11,"COVID-19 hospitalizations","Overall",0.07,"Percent"
2026-07-18,"COVID-19 hospitalizations","Overall",0.2,"Percent"
2026-07-25,"COVID-19 hospitalizations","Overall",0.2,"Percent"
2026-08-01,"COVID-19 hospitalizations","Overall",0.18,"Percent"
2026-08-08,"COVID-19 hospitalizations","Overall",0.15,"Percent"
2026-08-15,"COVID-19 hospitalizations","Overall",0.16,"Percent"
2026-08-22,"COVID-19 hospitalizations","Overall",0.19,"Percent"
2026-08-29,"COVID-19 hospitalizations","Overall",0.3,"Percent"
2026-09-05,"COVID-19 hospitalizations","Overall",0.27,"Percent"
2023-09-09,"Influenza visits","Overall",0.1,"Percent"
2023-09-16,"Influenza visits","Overall",0.11,"Percent"
2023-09-23,"Influenza visits","Overall",0.13,"Percent"
2023-09-30,"Influenza visits","Overall",0.12,"Percent"
2023-10-07,"Influenza visits","Overall",0.16,"Percent"
2023-10-14,"Influenza visits","Overall",0.16,"Percent"
2023-10-21,"Influenza visits","Overall",0.16,"Percent"
2023-10-28,"Influenza visits","Overall",0.17,"Percent"
2023-11-04,"Influenza visits","Overall",0.21,"Percent"
2023-11-11,"Influenza visits","Overall",0.34,"Percent"
2023-11-18,"Influenza visits","Overall",0.57,"Percent"
2023-11-25,"Influenza visits","Overall",0.85,"Percent"
2023-12-02,"Influenza visits","Overall",1.22,"Percent"
2023-12-09,"Influenza visits","Overall",1.77,"Percent"
2023-12-16,"Influenza visits","Overall",2.85,"Percent"
2023-12-23,"Influenza visits","Overall",3.79,"Percent"
2023-12-30,"Influenza visits","Overall",4.66,"Percent"
2024-01-06,"Influenza visits","Overall",3.23,"Percent"
2024-01-13,"Influenza visits","Overall",3.01,"Percent"
2024-01-20,"Influenza visits","Overall",2.91,"Percent"
2024-01-27,"Influenza visits","Overall",2.77,"Percent"
2024-02-03,"Influenza visits","Overall",2.47,"Percent"
2024-02-10,"Influenza visits","Overall",2.31,"Percent"
2024-02-17,"Influenza visits","Overall",2.37,"Percent"
2024-02-24,"Influenza visits","Overall",2.28,"Percent"
2024-03-02,"Influenza visits","Overall",1.93,"Percent"
2024-03-09,"Influenza visits","Overall",1.61,"Percent"
2024-03-16,"Influenza visits","Overall",1.26,"Percent"
2024-03-23,"Influenza visits","Overall",1.07,"Percent"
2024-03-30,"Influenza visits","Overall",1.06,"Percent"
2024-04-06,"Influenza visits","Overall",1,"Percent"
2024-04-13,"Influenza visits","Overall",0.79,"Percent"
2024-04-20,"Influenza visits","Overall",0.59,"Percent"
2024-04-27,"Influenza visits","Overall",0.48,"Percent"
2024-05-04,"Influenza visits","Overall",0.4,"Percent"
2024-05-11,"Influenza visits","Overall",0.27,"Percent"
2024-05-18,"Influenza visits","Overall",0.19,"Percent"
2024-05-25,"Influenza visits","Overall",0.19,"Percent"
2024-06-01,"Influenza visits","Overall",0.12,"Percent"
2024-06-08,"Influenza visits","Overall",0.1,"Percent"
2024-06-15,"Influenza visits","Overall",0.1,"Percent"
2024-06-22,"Influenza visits","Overall",0.11,"Percent"
2024-06-29,"Influenza visits","Overall",0.12,"Percent"
2024-07-06,"Influenza visits","Overall",0.09,"Percent"
2024-07-13,"Influenza visits","Overall",0.09,"Percent"
2024-07-20,"Influenza visits","Overall",0.1,"Percent"
2024-07-27,"Influenza visits","Overall",0.09,"Percent"
2024-08-03,"Influenza visits","Overall",0.07,"Percent"
2024-08-10,"Influenza visits","Overall",0.05,"Percent"
2024-08-17,"Influenza visits","Overall",0.07,"Percent"
2024-08-24,"Influenza visits","Overall",0.06,"Percent"
2024-08-31,"Influenza visits","Overall",0.04,"Percent"
2024-09-07,"Influenza visits","Overall",0.06,"Percent"
2024-09-14,"Influenza visits","Overall",0.06,"Percent"
2024-09-21,"Influenza visits","Overall",0.06,"Percent"
2024-09-28,"Influenza visits","Overall",0.04,"Percent"
2024-10-05,"Influenza visits","Overall",0.05,"Percent"
2024-10-12,"Influenza visits","Overall",0.06,"Percent"
2024-10-19,"Influenza visits","Overall",0.05,"Percent"
2024-10-26,"Influenza visits","Overall",0.1,"Percent"
2024-11-02,"Influenza visits","Overall",0.12,"Percent"
2024-11-09,"Influenza visits","Overall",0.13,"Percent"
2024-11-16,"Influenza visits","Overall",0.16,"Percent"
2024-11-23,"Influenza visits","Overall",0.26,"Percent"
2024-11-30,"Influenza visits","Overall",0.4,"Percent"
2024-12-07,"Influenza visits","Overall",0.64,"Percent"
2024-12-14,"Influenza visits","Overall",1.31,"Percent"
2024-12-21,"Influenza visits","Overall",2.23,"Percent"
2024-12-28,"Influenza visits","Overall",4.11,"Percent"
2025-01-04,"Influenza visits","Overall",4.89,"Percent"
2025-01-11,"Influenza visits","Overall",4.58,"Percent"
2025-01-18,"Influenza visits","Overall",5.72,"Percent"
2025-01-25,"Influenza visits","Overall",6.39,"Percent"
2025-02-01,"Influenza visits","Overall",5.82,"Percent"
2025-02-08,"Influenza visits","Overall",5.02,"Percent"
2025-02-15,"Influenza visits","Overall",3.97,"Percent"
2025-02-22,"Influenza visits","Overall",3.17,"Percent"
2025-03-01,"Influenza visits","Overall",2.25,"Percent"
2025-03-08,"Influenza visits","Overall",1.97,"Percent"
2025-03-15,"Influenza visits","Overall",1.58,"Percent"
2025-03-22,"Influenza visits","Overall",1.39,"Percent"
2025-03-29,"Influenza visits","Overall",1.13,"Percent"
2025-04-05,"Influenza visits","Overall",1,"Percent"
2025-04-12,"Influenza visits","Overall",0.68,"Percent"
2025-04-19,"Influenza visits","Overall",0.52,"Percent"
2025-04-26,"Influenza visits","Overall",0.39,"Percent"
2025-05-03,"Influenza visits","Overall",0.24,"Percent"
2025-05-10,"Influenza visits","Overall",0.18,"Percent"
2025-05-17,"Influenza visits","Overall",0.15,"Percent"
2025-05-24,"Influenza visits","Overall",0.13,"Percent"
2025-05-31,"Influenza visits","Overall",0.08,"Percent"
2025-06-07,"Influenza visits","Overall",0.07,"Percent"
2025-06-14,"Influenza visits","Overall",0.07,"Percent"
2025-06-21,"Influenza visits","Overall",0.07,"Percent"
2025-06-28,"Influenza visits","Overall",0.05,"Percent"
2025-07-05,"Influenza visits","Overall",0.05,"Percent"
2025-07-12,"Influenza visits","Overall",0.05,"Percent"
2025-07-19,"Influenza visits","Overall",0.05,"Percent"
2025-07-26,"Influenza visits","Overall",0.05,"Percent"
2025-08-02,"Influenza visits","Overall",0.04,"Percent"
2025-08-09,"Influenza visits","Overall",0.04,"Percent"
2025-08-16,"Influenza visits","Overall",0.03,"Percent"
2025-08-23,"Influenza visits","Overall",0.05,"Percent"
2025-08-30,"Influenza visits","Overall",0.04,"Percent"
2025-09-06,"Influenza visits","Overall",0.06,"Percent"
2025-09-13,"Influenza visits","Overall",0.05,"Percent"
2025-09-20,"Influenza visits","Overall",0.06,"Percent"
2025-09-27,"Influenza visits","Overall",0.06,"Percent"
2025-10-04,"Influenza visits","Overall",0.06,"Percent"
2025-10-11,"Influenza visits","Overall",0.05,"Percent"
2025-10-18,"Influenza visits","Overall",0.1,"Percent"
2025-10-25,"Influenza visits","Overall",0.12,"Percent"
2025-11-01,"Influenza visits","Overall",0.22,"Percent"
2025-11-08,"Influenza visits","Overall",0.47,"Percent"
2025-11-15,"Influenza visits","Overall",0.64,"Percent"
2025-11-22,"Influenza visits","Overall",1.57,"Percent"
2025-11-29,"Influenza visits","Overall",3.4,"Percent"
2025-12-06,"Influenza visits","Overall",4.2,"Percent"
2025-12-13,"Influenza visits","Overall",6.74,"Percent"
2025-12-20,"Influenza visits","Overall",8.86,"Percent"
2025-12-27,"Influenza visits","Overall",8.02,"Percent"
2026-01-03,"Influenza visits","Overall",5.01,"Percent"
2026-01-10,"Influenza visits","Overall",2.51,"Percent"
2026-01-17,"Influenza visits","Overall",1.27,"Percent"
2026-01-24,"Influenza visits","Overall",0.81,"Percent"
2026-01-31,"Influenza visits","Overall",0.52,"Percent"
2026-02-07,"Influenza visits","Overall",0.43,"Percent"
2026-02-14,"Influenza visits","Overall",0.59,"Percent"
2026-02-21,"Influenza visits","Overall",0.77,"Percent"
2026-02-28,"Influenza visits","Overall",0.65,"Percent"
2026-03-07,"Influenza visits","Overall",0.73,"Percent"
2026-03-14,"Influenza visits","Overall",0.94,"Percent"
2026-03-21,"Influenza visits","Overall",1.01,"Percent"
2026-03-28,"Influenza visits","Overall",1.15,"Percent"
2026-04-04,"Influenza visits","Overall",1.07,"Percent"
2026-04-11,"Influenza visits","Overall",0.75,"Percent"
2026-04-18,"Influenza visits","Overall",0.49,"Percent"
2026-04-25,"Influenza visits","Overall",0.32,"Percent"
2026-05-02,"Influenza visits","Overall",0.34,"Percent"
2026-05-09,"Influenza visits","Overall",0.34,"Percent"
2026-05-16,"Influenza visits","Overall",0.28,"Percent"
2026-05-23,"Influenza visits","Overall",0.26,"Percent"
2026-05-30,"Influenza visits","Overall",0.15,"Percent"
2026-06-06,"Influenza visits","Overall",0.12,"Percent"
2026-06-13,"Influenza visits","Overall",0.1,"Percent"
2026-06-20,"Influenza visits","Overall",0.07,"Percent"
2026-06-27,"Influenza visits","Overall",0.05,"Percent"
2026-07-04,"Influenza visits","Overall",0.05,"Percent"
2026-07-11,"Influenza visits","Overall",0.04,"Percent"
2026-07-18,"Influenza visits","Overall",0.06,"Percent"
2026-07-25,"Influenza visits","Overall",0.03,"Percent"
2026-08-01,"Influenza visits","Overall",0.05,"Percent"
2026-08-08,"Influenza visits","Overall",0.05,"Percent"
2026-08-15,"Influenza visits","Overall",0.04,"Percent"
2026-08-22,"Influenza visits","Overall",0.04,"Percent"
2026-08-29,"Influenza visits","Overall",0.06,"Percent"
2026-09-05,"Influenza visits","Overall",0.08,"Percent"
2023-09-09,"Influenza hospitalizations","Overall",0.06,"Percent"
2023-09-16,"Influenza hospitalizations","Overall",0.08,"Percent"
2023-09-23,"Influenza hospitalizations","Overall",0.04,"Percent"
2023-09-30,"Influenza hospitalizations","Overall",0.08,"Percent"
2023-10-07,"Influenza hospitalizations","Overall",0.1,"Percent"
2023-10-14,"Influenza hospitalizations","Overall",0.04,"Percent"
2023-10-21,"Influenza hospitalizations","Overall",0.14,"Percent"
2023-10-28,"Influenza hospitalizations","Overall",0.1,"Percent"
2023-11-04,"Influenza hospitalizations","Overall",0.14,"Percent"
2023-11-11,"Influenza hospitalizations","Overall",0.19,"Percent"
2023-11-18,"Influenza hospitalizations","Overall",0.41,"Percent"
2023-11-25,"Influenza hospitalizations","Overall",0.44,"Percent"
2023-12-02,"Influenza hospitalizations","Overall",0.91,"Percent"
2023-12-09,"Influenza hospitalizations","Overall",1.18,"Percent"
2023-12-16,"Influenza hospitalizations","Overall",1.75,"Percent"
2023-12-23,"Influenza hospitalizations","Overall",2.37,"Percent"
2023-12-30,"Influenza hospitalizations","Overall",3.22,"Percent"
2024-01-06,"Influenza hospitalizations","Overall",2.56,"Percent"
2024-01-13,"Influenza hospitalizations","Overall",2.47,"Percent"
2024-01-20,"Influenza hospitalizations","Overall",1.96,"Percent"
2024-01-27,"Influenza hospitalizations","Overall",1.69,"Percent"
2024-02-03,"Influenza hospitalizations","Overall",1.46,"Percent"
2024-02-10,"Influenza hospitalizations","Overall",1.28,"Percent"
2024-02-17,"Influenza hospitalizations","Overall",1.27,"Percent"
2024-02-24,"Influenza hospitalizations","Overall",1.35,"Percent"
2024-03-02,"Influenza hospitalizations","Overall",1.12,"Percent"
2024-03-09,"Influenza hospitalizations","Overall",0.81,"Percent"
2024-03-16,"Influenza hospitalizations","Overall",0.46,"Percent"
2024-03-23,"Influenza hospitalizations","Overall",0.53,"Percent"
2024-03-30,"Influenza hospitalizations","Overall",0.56,"Percent"
2024-04-06,"Influenza hospitalizations","Overall",0.52,"Percent"
2024-04-13,"Influenza hospitalizations","Overall",0.47,"Percent"
2024-04-20,"Influenza hospitalizations","Overall",0.25,"Percent"
2024-04-27,"Influenza hospitalizations","Overall",0.24,"Percent"
2024-05-04,"Influenza hospitalizations","Overall",0.2,"Percent"
2024-05-11,"Influenza hospitalizations","Overall",0.13,"Percent"
2024-05-18,"Influenza hospitalizations","Overall",0.08,"Percent"
2024-05-25,"Influenza hospitalizations","Overall",0.07,"Percent"
2024-06-01,"Influenza hospitalizations","Overall",0.06,"Percent"
2024-06-08,"Influenza hospitalizations","Overall",0.05,"Percent"
2024-06-15,"Influenza hospitalizations","Overall",0.03,"Percent"
2024-06-22,"Influenza hospitalizations","Overall",0.06,"Percent"
2024-06-29,"Influenza hospitalizations","Overall",0.1,"Percent"
2024-07-06,"Influenza hospitalizations","Overall",0.12,"Percent"
2024-07-13,"Influenza hospitalizations","Overall",0.09,"Percent"
2024-07-20,"Influenza hospitalizations","Overall",0.05,"Percent"
2024-07-27,"Influenza hospitalizations","Overall",0.06,"Percent"
2024-08-03,"Influenza hospitalizations","Overall",0.06,"Percent"
2024-08-10,"Influenza hospitalizations","Overall",0.03,"Percent"
2024-08-17,"Influenza hospitalizations","Overall",0.03,"Percent"
2024-08-24,"Influenza hospitalizations","Overall",0.02,"Percent"
2024-08-31,"Influenza hospitalizations","Overall",0.02,"Percent"
2024-09-07,"Influenza hospitalizations","Overall",0.05,"Percent"
2024-09-14,"Influenza hospitalizations","Overall",0.05,"Percent"
2024-09-21,"Influenza hospitalizations","Overall",0.02,"Percent"
2024-09-28,"Influenza hospitalizations","Overall",0.05,"Percent"
2024-10-05,"Influenza hospitalizations","Overall",0.02,"Percent"
2024-10-12,"Influenza hospitalizations","Overall",0.08,"Percent"
2024-10-19,"Influenza hospitalizations","Overall",0.02,"Percent"
2024-10-26,"Influenza hospitalizations","Overall",0.05,"Percent"
2024-11-02,"Influenza hospitalizations","Overall",0.07,"Percent"
2024-11-09,"Influenza hospitalizations","Overall",0.04,"Percent"
2024-11-16,"Influenza hospitalizations","Overall",0.1,"Percent"
2024-11-23,"Influenza hospitalizations","Overall",0.13,"Percent"
2024-11-30,"Influenza hospitalizations","Overall",0.22,"Percent"
2024-12-07,"Influenza hospitalizations","Overall",0.38,"Percent"
2024-12-14,"Influenza hospitalizations","Overall",0.77,"Percent"
2024-12-21,"Influenza hospitalizations","Overall",1.24,"Percent"
2024-12-28,"Influenza hospitalizations","Overall",2.51,"Percent"
2025-01-04,"Influenza hospitalizations","Overall",3.52,"Percent"
2025-01-11,"Influenza hospitalizations","Overall",2.91,"Percent"
2025-01-18,"Influenza hospitalizations","Overall",3.49,"Percent"
2025-01-25,"Influenza hospitalizations","Overall",4.1,"Percent"
2025-02-01,"Influenza hospitalizations","Overall",3.86,"Percent"
2025-02-08,"Influenza hospitalizations","Overall",3.26,"Percent"
2025-02-15,"Influenza hospitalizations","Overall",2.35,"Percent"
2025-02-22,"Influenza hospitalizations","Overall",1.79,"Percent"
2025-03-01,"Influenza hospitalizations","Overall",1.44,"Percent"
2025-03-08,"Influenza hospitalizations","Overall",1.19,"Percent"
2025-03-15,"Influenza hospitalizations","Overall",0.68,"Percent"
2025-03-22,"Influenza hospitalizations","Overall",0.57,"Percent"
2025-03-29,"Influenza hospitalizations","Overall",0.39,"Percent"
2025-04-05,"Influenza hospitalizations","Overall",0.43,"Percent"
2025-04-12,"Influenza hospitalizations","Overall",0.21,"Percent"
2025-04-19,"Influenza hospitalizations","Overall",0.15,"Percent"
2025-04-26,"Influenza hospitalizations","Overall",0.13,"Percent"
2025-05-03,"Influenza hospitalizations","Overall",0.11,"Percent"
2025-05-10,"Influenza hospitalizations","Overall",0.11,"Percent"
2025-05-17,"Influenza hospitalizations","Overall",0.1,"Percent"
2025-05-24,"Influenza hospitalizations","Overall",0.06,"Percent"
2025-05-31,"Influenza hospitalizations","Overall",0.04,"Percent"
2025-06-07,"Influenza hospitalizations","Overall",0.08,"Percent"
2025-06-14,"Influenza hospitalizations","Overall",0.09,"Percent"
2025-06-21,"Influenza hospitalizations","Overall",0.05,"Percent"
2025-06-28,"Influenza hospitalizations","Overall",0.04,"Percent"
2025-07-05,"Influenza hospitalizations","Overall",0.02,"Percent"
2025-07-12,"Influenza hospitalizations","Overall",0.03,"Percent"
2025-07-19,"Influenza hospitalizations","Overall",0.01,"Percent"
2025-07-26,"Influenza hospitalizations","Overall",0.04,"Percent"
2025-08-02,"Influenza hospitalizations","Overall",0.01,"Percent"
2025-08-09,"Influenza hospitalizations","Overall",0.04,"Percent"
2025-08-16,"Influenza hospitalizations","Overall",0.02,"Percent"
2025-08-23,"Influenza hospitalizations","Overall",0.03,"Percent"
2025-08-30,"Influenza hospitalizations","Overall",0.02,"Percent"
2025-09-06,"Influenza hospitalizations","Overall",0.04,"Percent"
2025-09-13,"Influenza hospitalizations","Overall",0.02,"Percent"
2025-09-20,"Influenza hospitalizations","Overall",0.02,"Percent"
2025-09-27,"Influenza hospitalizations","Overall",0.05,"Percent"
2025-10-04,"Influenza hospitalizations","Overall",0.03,"Percent"
2025-10-11,"Influenza hospitalizations","Overall",0.02,"Percent"
2025-10-18,"Influenza hospitalizations","Overall",0.01,"Percent"
2025-10-25,"Influenza hospitalizations","Overall",0.03,"Percent"
2025-11-01,"Influenza hospitalizations","Overall",0.04,"Percent"
2025-11-08,"Influenza hospitalizations","Overall",0.15,"Percent"
2025-11-15,"Influenza hospitalizations","Overall",0.31,"Percent"
2025-11-22,"Influenza hospitalizations","Overall",0.66,"Percent"
2025-11-29,"Influenza hospitalizations","Overall",1.33,"Percent"
2025-12-06,"Influenza hospitalizations","Overall",1.89,"Percent"
2025-12-13,"Influenza hospitalizations","Overall",3.17,"Percent"
2025-12-20,"Influenza hospitalizations","Overall",4.8,"Percent"
2025-12-27,"Influenza hospitalizations","Overall",4.48,"Percent"
2026-01-03,"Influenza hospitalizations","Overall",3.57,"Percent"
2026-01-10,"Influenza hospitalizations","Overall",2.06,"Percent"
2026-01-17,"Influenza hospitalizations","Overall",0.95,"Percent"
2026-01-24,"Influenza hospitalizations","Overall",0.62,"Percent"
2026-01-31,"Influenza hospitalizations","Overall",0.38,"Percent"
2026-02-07,"Influenza hospitalizations","Overall",0.19,"Percent"
2026-02-14,"Influenza hospitalizations","Overall",0.23,"Percent"
2026-02-21,"Influenza hospitalizations","Overall",0.27,"Percent"
2026-02-28,"Influenza hospitalizations","Overall",0.3,"Percent"
2026-03-07,"Influenza hospitalizations","Overall",0.24,"Percent"
2026-03-14,"Influenza hospitalizations","Overall",0.28,"Percent"
2026-03-21,"Influenza hospitalizations","Overall",0.25,"Percent"
2026-03-28,"Influenza hospitalizations","Overall",0.25,"Percent"
2026-04-04,"Influenza hospitalizations","Overall",0.3,"Percent"
2026-04-11,"Influenza hospitalizations","Overall",0.22,"Percent"
2026-04-18,"Influenza hospitalizations","Overall",0.1,"Percent"
2026-04-25,"Influenza hospitalizations","Overall",0.1,"Percent"
2026-05-02,"Influenza hospitalizations","Overall",0.1,"Percent"
2026-05-09,"Influenza hospitalizations","Overall",0.09,"Percent"
2026-05-16,"Influenza hospitalizations","Overall",0.05,"Percent"
2026-05-23,"Influenza hospitalizations","Overall",0.07,"Percent"
2026-05-30,"Influenza hospitalizations","Overall",0.03,"Percent"
2026-06-06,"Influenza hospitalizations","Overall",0.02,"Percent"
2026-06-13,"Influenza hospitalizations","Overall",0.05,"Percent"
2026-06-20,"Influenza hospitalizations","Overall",0.03,"Percent"
2026-06-27,"Influenza hospitalizations","Overall",0.02,"Percent"
2026-07-04,"Influenza hospitalizations","Overall",0.04,"Percent"
2026-07-11,"Influenza hospitalizations","Overall",0.02,"Percent"
2026-07-18,"Influenza hospitalizations","Overall",0.07,"Percent"
2026-07-25,"Influenza hospitalizations","Overall",0.03,"Percent"
2026-08-01,"Influenza hospitalizations","Overall",0.04,"Percent"
2026-08-08,"Influenza hospitalizations","Overall",0.02,"Percent"
2026-08-15,"Influenza hospitalizations","Overall",0.02,"Percent"
2026-08-22,"Influenza hospitalizations","Overall",0.02,"Percent"
2026-08-29,"Influenza hospitalizations","Overall",0.04,"Percent"
2026-09-05,"Influenza hospitalizations","Overall",0.04,"Percent"
2023-09-09,"RSV visits","Overall",0.02,"Percent"
2023-09-16,"RSV visits","Overall",0.03,"Percent"
2023-09-23,"RSV visits","Overall",0.03,"Percent"
2023-09-30,"RSV visits","Overall",0.05,"Percent"
2023-10-07,"RSV visits","Overall",0.09,"Percent"
2023-10-14,"RSV visits","Overall",0.13,"Percent"
2023-10-21,"RSV visits","Overall",0.18,"Percent"
2023-10-28,"RSV visits","Overall",0.29,"Percent"
2023-11-04,"RSV visits","Overall",0.33,"Percent"
2023-11-11,"RSV visits","Overall",0.4,"Percent"
2023-11-18,"RSV visits","Overall",0.46,"Percent"
2023-11-25,"RSV visits","Overall",0.49,"Percent"
2023-12-02,"RSV visits","Overall",0.54,"Percent"
2023-12-09,"RSV visits","Overall",0.53,"Percent"
2023-12-16,"RSV visits","Overall",0.44,"Percent"
2023-12-23,"RSV visits","Overall",0.36,"Percent"
2023-12-30,"RSV visits","Overall",0.34,"Percent"
2024-01-06,"RSV visits","Overall",0.25,"Percent"
2024-01-13,"RSV visits","Overall",0.17,"Percent"
2024-01-20,"RSV visits","Overall",0.15,"Percent"
2024-01-27,"RSV visits","Overall",0.14,"Percent"
2024-02-03,"RSV visits","Overall",0.1,"Percent"
2024-02-10,"RSV visits","Overall",0.08,"Percent"
2024-02-17,"RSV visits","Overall",0.07,"Percent"
2024-02-24,"RSV visits","Overall",0.08,"Percent"
2024-03-02,"RSV visits","Overall",0.06,"Percent"
2024-03-09,"RSV visits","Overall",0.05,"Percent"
2024-03-16,"RSV visits","Overall",0.04,"Percent"
2024-03-23,"RSV visits","Overall",0.03,"Percent"
2024-03-30,"RSV visits","Overall",0.04,"Percent"
2024-04-06,"RSV visits","Overall",0.03,"Percent"
2024-04-13,"RSV visits","Overall",0.03,"Percent"
2024-04-20,"RSV visits","Overall",0.02,"Percent"
2024-04-27,"RSV visits","Overall",0.01,"Percent"
2024-05-04,"RSV visits","Overall",0.01,"Percent"
2024-05-11,"RSV visits","Overall",0.01,"Percent"
2024-05-18,"RSV visits","Overall",0.01,"Percent"
2024-05-25,"RSV visits","Overall",0.02,"Percent"
2024-06-01,"RSV visits","Overall",0.01,"Percent"
2024-06-08,"RSV visits","Overall",0.01,"Percent"
2024-06-15,"RSV visits","Overall",0.01,"Percent"
2024-06-22,"RSV visits","Overall",0.01,"Percent"
2024-06-29,"RSV visits","Overall",0.01,"Percent"
2024-07-06,"RSV visits","Overall",0.01,"Percent"
2024-07-13,"RSV visits","Overall",0,"Percent"
2024-07-20,"RSV visits","Overall",0.01,"Percent"
2024-07-27,"RSV visits","Overall",0.01,"Percent"
2024-08-03,"RSV visits","Overall",0.01,"Percent"
2024-08-10,"RSV visits","Overall",0.01,"Percent"
2024-08-17,"RSV visits","Overall",0.01,"Percent"
2024-08-24,"RSV visits","Overall",0.01,"Percent"
2024-08-31,"RSV visits","Overall",0.01,"Percent"
2024-09-07,"RSV visits","Overall",0.01,"Percent"
2024-09-14,"RSV visits","Overall",0.02,"Percent"
2024-09-21,"RSV visits","Overall",0.02,"Percent"
2024-09-28,"RSV visits","Overall",0.03,"Percent"
2024-10-05,"RSV visits","Overall",0.05,"Percent"
2024-10-12,"RSV visits","Overall",0.05,"Percent"
2024-10-19,"RSV visits","Overall",0.07,"Percent"
2024-10-26,"RSV visits","Overall",0.07,"Percent"
2024-11-02,"RSV visits","Overall",0.12,"Percent"
2024-11-09,"RSV visits","Overall",0.19,"Percent"
2024-11-16,"RSV visits","Overall",0.29,"Percent"
2024-11-23,"RSV visits","Overall",0.36,"Percent"
2024-11-30,"RSV visits","Overall",0.52,"Percent"
2024-12-07,"RSV visits","Overall",0.56,"Percent"
2024-12-14,"RSV visits","Overall",0.52,"Percent"
2024-12-21,"RSV visits","Overall",0.51,"Percent"
2024-12-28,"RSV visits","Overall",0.49,"Percent"
2025-01-04,"RSV visits","Overall",0.39,"Percent"
2025-01-11,"RSV visits","Overall",0.27,"Percent"
2025-01-18,"RSV visits","Overall",0.23,"Percent"
2025-01-25,"RSV visits","Overall",0.16,"Percent"
2025-02-01,"RSV visits","Overall",0.15,"Percent"
2025-02-08,"RSV visits","Overall",0.14,"Percent"
2025-02-15,"RSV visits","Overall",0.1,"Percent"
2025-02-22,"RSV visits","Overall",0.11,"Percent"
2025-03-01,"RSV visits","Overall",0.09,"Percent"
2025-03-08,"RSV visits","Overall",0.07,"Percent"
2025-03-15,"RSV visits","Overall",0.05,"Percent"
2025-03-22,"RSV visits","Overall",0.05,"Percent"
2025-03-29,"RSV visits","Overall",0.04,"Percent"
2025-04-05,"RSV visits","Overall",0.04,"Percent"
2025-04-12,"RSV visits","Overall",0.04,"Percent"
2025-04-19,"RSV visits","Overall",0.03,"Percent"
2025-04-26,"RSV visits","Overall",0.02,"Percent"
2025-05-03,"RSV visits","Overall",0.01,"Percent"
2025-05-10,"RSV visits","Overall",0.01,"Percent"
2025-05-17,"RSV visits","Overall",0.01,"Percent"
2025-05-24,"RSV visits","Overall",0.01,"Percent"
2025-05-31,"RSV visits","Overall",0.01,"Percent"
2025-06-07,"RSV visits","Overall",0.01,"Percent"
2025-06-14,"RSV visits","Overall",0.01,"Percent"
2025-06-21,"RSV visits","Overall",0.01,"Percent"
2025-06-28,"RSV visits","Overall",0.01,"Percent"
2025-07-05,"RSV visits","Overall",0.01,"Percent"
2025-07-12,"RSV visits","Overall",0,"Percent"
2025-07-19,"RSV visits","Overall",0.01,"Percent"
2025-07-26,"RSV visits","Overall",0.01,"Percent"
2025-08-02,"RSV visits","Overall",0,"Percent"
2025-08-09,"RSV visits","Overall",0.01,"Percent"
2025-08-16,"RSV visits","Overall",0.01,"Percent"
2025-08-23,"RSV visits","Overall",0.01,"Percent"
2025-08-30,"RSV visits","Overall",0.01,"Percent"
2025-09-06,"RSV visits","Overall",0.01,"Percent"
2025-09-13,"RSV visits","Overall",0.02,"Percent"
2025-09-20,"RSV visits","Overall",0.01,"Percent"
2025-09-27,"RSV visits","Overall",0.01,"Percent"
2025-10-04,"RSV visits","Overall",0.02,"Percent"
2025-10-11,"RSV visits","Overall",0.02,"Percent"
2025-10-18,"RSV visits","Overall",0.03,"Percent"
2025-10-25,"RSV visits","Overall",0.03,"Percent"
2025-11-01,"RSV visits","Overall",0.05,"Percent"
2025-11-08,"RSV visits","Overall",0.07,"Percent"
2025-11-15,"RSV visits","Overall",0.07,"Percent"
2025-11-22,"RSV visits","Overall",0.12,"Percent"
2025-11-29,"RSV visits","Overall",0.2,"Percent"
2025-12-06,"RSV visits","Overall",0.25,"Percent"
2025-12-13,"RSV visits","Overall",0.26,"Percent"
2025-12-20,"RSV visits","Overall",0.3,"Percent"
2025-12-27,"RSV visits","Overall",0.37,"Percent"
2026-01-03,"RSV visits","Overall",0.38,"Percent"
2026-01-10,"RSV visits","Overall",0.3,"Percent"
2026-01-17,"RSV visits","Overall",0.31,"Percent"
2026-01-24,"RSV visits","Overall",0.34,"Percent"
2026-01-31,"RSV visits","Overall",0.38,"Percent"
2026-02-07,"RSV visits","Overall",0.35,"Percent"
2026-02-14,"RSV visits","Overall",0.35,"Percent"
2026-02-21,"RSV visits","Overall",0.39,"Percent"
2026-02-28,"RSV visits","Overall",0.27,"Percent"
2026-03-07,"RSV visits","Overall",0.28,"Percent"
2026-03-14,"RSV visits","Overall",0.25,"Percent"
2026-03-21,"RSV visits","Overall",0.2,"Percent"
2026-03-28,"RSV visits","Overall",0.17,"Percent"
2026-04-04,"RSV visits","Overall",0.14,"Percent"
2026-04-11,"RSV visits","Overall",0.11,"Percent"
2026-04-18,"RSV visits","Overall",0.08,"Percent"
2026-04-25,"RSV visits","Overall",0.05,"Percent"
2026-05-02,"RSV visits","Overall",0.04,"Percent"
2026-05-09,"RSV visits","Overall",0.02,"Percent"
2026-05-16,"RSV visits","Overall",0.02,"Percent"
2026-05-23,"RSV visits","Overall",0.02,"Percent"
2026-05-30,"RSV visits","Overall",0.02,"Percent"
2026-06-06,"RSV visits","Overall",0.01,"Percent"
2026-06-13,"RSV visits","Overall",0.01,"Percent"
2026-06-20,"RSV visits","Overall",0.01,"Percent"
2026-06-27,"RSV visits","Overall",0.01,"Percent"
2026-07-04,"RSV visits","Overall",0,"Percent"
2026-07-11,"RSV visits","Overall",0.01,"Percent"
2026-07-18,"RSV visits","Overall",0.01,"Percent"
2026-07-25,"RSV visits","Overall",0.01,"Percent"
2026-08-01,"RSV visits","Overall",0.01,"Percent"
2026-08-08,"RSV visits","Overall",0.01,"Percent"
2026-08-15,"RSV visits","Overall",0.02,"Percent"
2026-08-22,"RSV visits","Overall",0.01,"Percent"
2026-08-29,"RSV visits","Overall",0.01,"Percent"
2026-09-05,"RSV visits","Overall",0.02,"Percent"
2023-09-09,"RSV hospitalizations","Overall",0.03,"Percent"
2023-09-16,"RSV hospitalizations","Overall",0.04,"Percent"
2023-09-23,"RSV hospitalizations","Overall",0.03,"Percent"
2023-09-30,"RSV hospitalizations","Overall",0.06,"Percent"
2023-10-07,"RSV hospitalizations","Overall",0.08,"Percent"
2023-10-14,"RSV hospitalizations","Overall",0.13,"Percent"
2023-10-21,"RSV hospitalizations","Overall",0.21,"Percent"
2023-10-28,"RSV hospitalizations","Overall",0.31,"Percent"
2023-11-04,"RSV hospitalizations","Overall",0.38,"Percent"
2023-11-11,"RSV hospitalizations","Overall",0.49,"Percent"
2023-11-18,"RSV hospitalizations","Overall",0.54,"Percent"
2023-11-25,"RSV hospitalizations","Overall",0.69,"Percent"
2023-12-02,"RSV hospitalizations","Overall",0.74,"Percent"
2023-12-09,"RSV hospitalizations","Overall",0.69,"Percent"
2023-12-16,"RSV hospitalizations","Overall",0.57,"Percent"
2023-12-23,"RSV hospitalizations","Overall",0.46,"Percent"
2023-12-30,"RSV hospitalizations","Overall",0.55,"Percent"
2024-01-06,"RSV hospitalizations","Overall",0.35,"Percent"
2024-01-13,"RSV hospitalizations","Overall",0.2,"Percent"
2024-01-20,"RSV hospitalizations","Overall",0.18,"Percent"
2024-01-27,"RSV hospitalizations","Overall",0.31,"Percent"
2024-02-03,"RSV hospitalizations","Overall",0.17,"Percent"
2024-02-10,"RSV hospitalizations","Overall",0.1,"Percent"
2024-02-17,"RSV hospitalizations","Overall",0.16,"Percent"
2024-02-24,"RSV hospitalizations","Overall",0.12,"Percent"
2024-03-02,"RSV hospitalizations","Overall",0.11,"Percent"
2024-03-09,"RSV hospitalizations","Overall",0.06,"Percent"
2024-03-16,"RSV hospitalizations","Overall",0.06,"Percent"
2024-03-23,"RSV hospitalizations","Overall",0.04,"Percent"
2024-03-30,"RSV hospitalizations","Overall",0.06,"Percent"
2024-04-06,"RSV hospitalizations","Overall",0.06,"Percent"
2024-04-13,"RSV hospitalizations","Overall",0.06,"Percent"
2024-04-20,"RSV hospitalizations","Overall",0,"Percent"
2024-04-27,"RSV hospitalizations","Overall",0.03,"Percent"
2024-05-04,"RSV hospitalizations","Overall",0.03,"Percent"
2024-05-11,"RSV hospitalizations","Overall",0.03,"Percent"
2024-05-18,"RSV hospitalizations","Overall",0.01,"Percent"
2024-05-25,"RSV hospitalizations","Overall",0.05,"Percent"
2024-06-01,"RSV hospitalizations","Overall",0.03,"Percent"
2024-06-08,"RSV hospitalizations","Overall",0.03,"Percent"
2024-06-15,"RSV hospitalizations","Overall",0.04,"Percent"
2024-06-22,"RSV hospitalizations","Overall",0.02,"Percent"
2024-06-29,"RSV hospitalizations","Overall",0.01,"Percent"
2024-07-06,"RSV hospitalizations","Overall",0.05,"Percent"
2024-07-13,"RSV hospitalizations","Overall",0.02,"Percent"
2024-07-20,"RSV hospitalizations","Overall",0.01,"Percent"
2024-07-27,"RSV hospitalizations","Overall",0.03,"Percent"
2024-08-03,"RSV hospitalizations","Overall",0.03,"Percent"
2024-08-10,"RSV hospitalizations","Overall",0.02,"Percent"
2024-08-17,"RSV hospitalizations","Overall",0.02,"Percent"
2024-08-24,"RSV hospitalizations","Overall",0.01,"Percent"
2024-08-31,"RSV hospitalizations","Overall",0.02,"Percent"
2024-09-07,"RSV hospitalizations","Overall",0.01,"Percent"
2024-09-14,"RSV hospitalizations","Overall",0.05,"Percent"
2024-09-21,"RSV hospitalizations","Overall",0.05,"Percent"
2024-09-28,"RSV hospitalizations","Overall",0.04,"Percent"
2024-10-05,"RSV hospitalizations","Overall",0.03,"Percent"
2024-10-12,"RSV hospitalizations","Overall",0.03,"Percent"
2024-10-19,"RSV hospitalizations","Overall",0.12,"Percent"
2024-10-26,"RSV hospitalizations","Overall",0.12,"Percent"
2024-11-02,"RSV hospitalizations","Overall",0.17,"Percent"
2024-11-09,"RSV hospitalizations","Overall",0.31,"Percent"
2024-11-16,"RSV hospitalizations","Overall",0.37,"Percent"
2024-11-23,"RSV hospitalizations","Overall",0.37,"Percent"
2024-11-30,"RSV hospitalizations","Overall",0.52,"Percent"
2024-12-07,"RSV hospitalizations","Overall",0.74,"Percent"
2024-12-14,"RSV hospitalizations","Overall",0.68,"Percent"
2024-12-21,"RSV hospitalizations","Overall",0.57,"Percent"
2024-12-28,"RSV hospitalizations","Overall",0.49,"Percent"
2025-01-04,"RSV hospitalizations","Overall",0.52,"Percent"
2025-01-11,"RSV hospitalizations","Overall",0.3,"Percent"
2025-01-18,"RSV hospitalizations","Overall",0.2,"Percent"
2025-01-25,"RSV hospitalizations","Overall",0.2,"Percent"
2025-02-01,"RSV hospitalizations","Overall",0.19,"Percent"
2025-02-08,"RSV hospitalizations","Overall",0.22,"Percent"
2025-02-15,"RSV hospitalizations","Overall",0.13,"Percent"
2025-02-22,"RSV hospitalizations","Overall",0.11,"Percent"
2025-03-01,"RSV hospitalizations","Overall",0.13,"Percent"
2025-03-08,"RSV hospitalizations","Overall",0.12,"Percent"
2025-03-15,"RSV hospitalizations","Overall",0.1,"Percent"
2025-03-22,"RSV hospitalizations","Overall",0.11,"Percent"
2025-03-29,"RSV hospitalizations","Overall",0.06,"Percent"
2025-04-05,"RSV hospitalizations","Overall",0.04,"Percent"
2025-04-12,"RSV hospitalizations","Overall",0.05,"Percent"
2025-04-19,"RSV hospitalizations","Overall",0.04,"Percent"
2025-04-26,"RSV hospitalizations","Overall",0.03,"Percent"
2025-05-03,"RSV hospitalizations","Overall",0.03,"Percent"
2025-05-10,"RSV hospitalizations","Overall",0.02,"Percent"
2025-05-17,"RSV hospitalizations","Overall",0.01,"Percent"
2025-05-24,"RSV hospitalizations","Overall",0.02,"Percent"
2025-05-31,"RSV hospitalizations","Overall",0.02,"Percent"
2025-06-07,"RSV hospitalizations","Overall",0.02,"Percent"
2025-06-14,"RSV hospitalizations","Overall",0.01,"Percent"
2025-06-21,"RSV hospitalizations","Overall",0.03,"Percent"
2025-06-28,"RSV hospitalizations","Overall",0.02,"Percent"
2025-07-05,"RSV hospitalizations","Overall",0.01,"Percent"
2025-07-12,"RSV hospitalizations","Overall",0.01,"Percent"
2025-07-19,"RSV hospitalizations","Overall",0.01,"Percent"
2025-07-26,"RSV hospitalizations","Overall",0,"Percent"
2025-08-02,"RSV hospitalizations","Overall",0,"Percent"
2025-08-09,"RSV hospitalizations","Overall",0.01,"Percent"
2025-08-16,"RSV hospitalizations","Overall",0.02,"Percent"
2025-08-23,"RSV hospitalizations","Overall",0.01,"Percent"
2025-08-30,"RSV hospitalizations","Overall",0.03,"Percent"
2025-09-06,"RSV hospitalizations","Overall",0.03,"Percent"
2025-09-13,"RSV hospitalizations","Overall",0.05,"Percent"
2025-09-20,"RSV hospitalizations","Overall",0.02,"Percent"
2025-09-27,"RSV hospitalizations","Overall",0.04,"Percent"
2025-10-04,"RSV hospitalizations","Overall",0.05,"Percent"
2025-10-11,"RSV hospitalizations","Overall",0.05,"Percent"
2025-10-18,"RSV hospitalizations","Overall",0.01,"Percent"
2025-10-25,"RSV hospitalizations","Overall",0.02,"Percent"
2025-11-01,"RSV hospitalizations","Overall",0.07,"Percent"
2025-11-08,"RSV hospitalizations","Overall",0.08,"Percent"
2025-11-15,"RSV hospitalizations","Overall",0.1,"Percent"
2025-11-22,"RSV hospitalizations","Overall",0.16,"Percent"
2025-11-29,"RSV hospitalizations","Overall",0.33,"Percent"
2025-12-06,"RSV hospitalizations","Overall",0.32,"Percent"
2025-12-13,"RSV hospitalizations","Overall",0.21,"Percent"
2025-12-20,"RSV hospitalizations","Overall",0.39,"Percent"
2025-12-27,"RSV hospitalizations","Overall",0.34,"Percent"
2026-01-03,"RSV hospitalizations","Overall",0.41,"Percent"
2026-01-10,"RSV hospitalizations","Overall",0.26,"Percent"
2026-01-17,"RSV hospitalizations","Overall",0.41,"Percent"
2026-01-24,"RSV hospitalizations","Overall",0.46,"Percent"
2026-01-31,"RSV hospitalizations","Overall",0.39,"Percent"
2026-02-07,"RSV hospitalizations","Overall",0.45,"Percent"
2026-02-14,"RSV hospitalizations","Overall",0.48,"Percent"
2026-02-21,"RSV hospitalizations","Overall",0.49,"Percent"
2026-02-28,"RSV hospitalizations","Overall",0.28,"Percent"
2026-03-07,"RSV hospitalizations","Overall",0.34,"Percent"
2026-03-14,"RSV hospitalizations","Overall",0.32,"Percent"
2026-03-21,"RSV hospitalizations","Overall",0.25,"Percent"
2026-03-28,"RSV hospitalizations","Overall",0.22,"Percent"
2026-04-04,"RSV hospitalizations","Overall",0.22,"Percent"
2026-04-11,"RSV hospitalizations","Overall",0.06,"Percent"
2026-04-18,"RSV hospitalizations","Overall",0.08,"Percent"
2026-04-25,"RSV hospitalizations","Overall",0.04,"Percent"
2026-05-02,"RSV hospitalizations","Overall",0.04,"Percent"
2026-05-09,"RSV hospitalizations","Overall",0.02,"Percent"
2026-05-16,"RSV hospitalizations","Overall",0.02,"Percent"
2026-05-23,"RSV hospitalizations","Overall",0.01,"Percent"
2026-05-30,"RSV hospitalizations","Overall",0.03,"Percent"
2026-06-06,"RSV hospitalizations","Overall",0.02,"Percent"
2026-06-13,"RSV hospitalizations","Overall",0.01,"Percent"
2026-06-20,"RSV hospitalizations","Overall",0.01,"Percent"
2026-06-27,"RSV hospitalizations","Overall",0.01,"Percent"
2026-07-04,"RSV hospitalizations","Overall",0.01,"Percent"
2026-07-11,"RSV hospitalizations","Overall",0,"Percent"
2026-07-18,"RSV hospitalizations","Overall",0.01,"Percent"
2026-07-25,"RSV hospitalizations","Overall",0.01,"Percent"
2026-08-01,"RSV hospitalizations","Overall",0.02,"Percent"
2026-08-08,"RSV hospitalizations","Overall",0.04,"Percent"
2026-08-15,"RSV hospitalizations","Overall",0.03,"Percent"
2026-08-22,"RSV hospitalizations","Overall",0,"Percent"
2026-08-29,"RSV hospitalizations","Overall",0.02,"Percent"
2026-09-05,"RSV hospitalizations","Overall",0.04,"Percent"
2023-09-09,"COVID-19 visits by borough","Bronx",1.54,"Percent"
2023-09-16,"COVID-19 visits by borough","Bronx",1.44,"Percent"
2023-09-23,"COVID-19 visits by borough","Bronx",1.43,"Percent"
2023-09-30,"COVID-19 visits by borough","Bronx",1.15,"Percent"
2023-10-07,"COVID-19 visits by borough","Bronx",0.87,"Percent"
2023-10-14,"COVID-19 visits by borough","Bronx",0.81,"Percent"
2023-10-21,"COVID-19 visits by borough","Bronx",0.66,"Percent"
2023-10-28,"COVID-19 visits by borough","Bronx",0.59,"Percent"
2023-11-04,"COVID-19 visits by borough","Bronx",0.46,"Percent"
2023-11-11,"COVID-19 visits by borough","Bronx",0.45,"Percent"
2023-11-18,"COVID-19 visits by borough","Bronx",0.49,"Percent"
2023-11-25,"COVID-19 visits by borough","Bronx",0.69,"Percent"
2023-12-02,"COVID-19 visits by borough","Bronx",0.91,"Percent"
2023-12-09,"COVID-19 visits by borough","Bronx",1.08,"Percent"
2023-12-16,"COVID-19 visits by borough","Bronx",1.23,"Percent"
2023-12-23,"COVID-19 visits by borough","Bronx",1.87,"Percent"
2023-12-30,"COVID-19 visits by borough","Bronx",2.69,"Percent"
2024-01-06,"COVID-19 visits by borough","Bronx",2.34,"Percent"
2024-01-13,"COVID-19 visits by borough","Bronx",2.2,"Percent"
2024-01-20,"COVID-19 visits by borough","Bronx",1.73,"Percent"
2024-01-27,"COVID-19 visits by borough","Bronx",1.37,"Percent"
2024-02-03,"COVID-19 visits by borough","Bronx",1,"Percent"
2024-02-10,"COVID-19 visits by borough","Bronx",0.99,"Percent"
2024-02-17,"COVID-19 visits by borough","Bronx",0.81,"Percent"
2024-02-24,"COVID-19 visits by borough","Bronx",0.56,"Percent"
2024-03-02,"COVID-19 visits by borough","Bronx",0.46,"Percent"
2024-03-09,"COVID-19 visits by borough","Bronx",0.36,"Percent"
2024-03-16,"COVID-19 visits by borough","Bronx",0.33,"Percent"
2024-03-23,"COVID-19 visits by borough","Bronx",0.27,"Percent"
2024-03-30,"COVID-19 visits by borough","Bronx",0.18,"Percent"
2024-04-06,"COVID-19 visits by borough","Bronx",0.16,"Percent"
2024-04-13,"COVID-19 visits by borough","Bronx",0.24,"Percent"
2024-04-20,"COVID-19 visits by borough","Bronx",0.27,"Percent"
2024-04-27,"COVID-19 visits by borough","Bronx",0.23,"Percent"
2024-05-04,"COVID-19 visits by borough","Bronx",0.29,"Percent"
2024-05-11,"COVID-19 visits by borough","Bronx",0.28,"Percent"
2024-05-18,"COVID-19 visits by borough","Bronx",0.36,"Percent"
2024-05-25,"COVID-19 visits by borough","Bronx",0.51,"Percent"
2024-06-01,"COVID-19 visits by borough","Bronx",0.6,"Percent"
2024-06-08,"COVID-19 visits by borough","Bronx",0.59,"Percent"
2024-06-15,"COVID-19 visits by borough","Bronx",0.65,"Percent"
2024-06-22,"COVID-19 visits by borough","Bronx",0.92,"Percent"
2024-06-29,"COVID-19 visits by borough","Bronx",1.07,"Percent"
2024-07-06,"COVID-19 visits by borough","Bronx",1.16,"Percent"
2024-07-13,"COVID-19 visits by borough","Bronx",1.01,"Percent"
2024-07-20,"COVID-19 visits by borough","Bronx",1.05,"Percent"
2024-07-27,"COVID-19 visits by borough","Bronx",1.11,"Percent"
2024-08-03,"COVID-19 visits by borough","Bronx",1.1,"Percent"
2024-08-10,"COVID-19 visits by borough","Bronx",0.89,"Percent"
2024-08-17,"COVID-19 visits by borough","Bronx",0.88,"Percent"
2024-08-24,"COVID-19 visits by borough","Bronx",0.8,"Percent"
2024-08-31,"COVID-19 visits by borough","Bronx",0.72,"Percent"
2024-09-07,"COVID-19 visits by borough","Bronx",0.53,"Percent"
2024-09-14,"COVID-19 visits by borough","Bronx",0.64,"Percent"
2024-09-21,"COVID-19 visits by borough","Bronx",0.39,"Percent"
2024-09-28,"COVID-19 visits by borough","Bronx",0.39,"Percent"
2024-10-05,"COVID-19 visits by borough","Bronx",0.3,"Percent"
2024-10-12,"COVID-19 visits by borough","Bronx",0.13,"Percent"
2024-10-19,"COVID-19 visits by borough","Bronx",0.11,"Percent"
2024-10-26,"COVID-19 visits by borough","Bronx",0.13,"Percent"
2024-11-02,"COVID-19 visits by borough","Bronx",0.15,"Percent"
2024-11-09,"COVID-19 visits by borough","Bronx",0.15,"Percent"
2024-11-16,"COVID-19 visits by borough","Bronx",0.09,"Percent"
2024-11-23,"COVID-19 visits by borough","Bronx",0.14,"Percent"
2024-11-30,"COVID-19 visits by borough","Bronx",0.15,"Percent"
2024-12-07,"COVID-19 visits by borough","Bronx",0.2,"Percent"
2024-12-14,"COVID-19 visits by borough","Bronx",0.24,"Percent"
2024-12-21,"COVID-19 visits by borough","Bronx",0.26,"Percent"
2024-12-28,"COVID-19 visits by borough","Bronx",0.34,"Percent"
2025-01-04,"COVID-19 visits by borough","Bronx",0.41,"Percent"
2025-01-11,"COVID-19 visits by borough","Bronx",0.43,"Percent"
2025-01-18,"COVID-19 visits by borough","Bronx",0.57,"Percent"
2025-01-25,"COVID-19 visits by borough","Bronx",0.61,"Percent"
2025-02-01,"COVID-19 visits by borough","Bronx",0.6,"Percent"
2025-02-08,"COVID-19 visits by borough","Bronx",0.59,"Percent"
2025-02-15,"COVID-19 visits by borough","Bronx",0.68,"Percent"
2025-02-22,"COVID-19 visits by borough","Bronx",0.6,"Percent"
2025-03-01,"COVID-19 visits by borough","Bronx",0.65,"Percent"
2025-03-08,"COVID-19 visits by borough","Bronx",0.84,"Percent"
2025-03-15,"COVID-19 visits by borough","Bronx",0.77,"Percent"
2025-03-22,"COVID-19 visits by borough","Bronx",0.97,"Percent"
2025-03-29,"COVID-19 visits by borough","Bronx",0.9,"Percent"
2025-04-05,"COVID-19 visits by borough","Bronx",0.84,"Percent"
2025-04-12,"COVID-19 visits by borough","Bronx",0.69,"Percent"
2025-04-19,"COVID-19 visits by borough","Bronx",0.62,"Percent"
2025-04-26,"COVID-19 visits by borough","Bronx",0.46,"Percent"
2025-05-03,"COVID-19 visits by borough","Bronx",0.31,"Percent"
2025-05-10,"COVID-19 visits by borough","Bronx",0.24,"Percent"
2025-05-17,"COVID-19 visits by borough","Bronx",0.27,"Percent"
2025-05-24,"COVID-19 visits by borough","Bronx",0.3,"Percent"
2025-05-31,"COVID-19 visits by borough","Bronx",0.29,"Percent"
2025-06-07,"COVID-19 visits by borough","Bronx",0.35,"Percent"
2025-06-14,"COVID-19 visits by borough","Bronx",0.18,"Percent"
2025-06-21,"COVID-19 visits by borough","Bronx",0.31,"Percent"
2025-06-28,"COVID-19 visits by borough","Bronx",0.24,"Percent"
2025-07-05,"COVID-19 visits by borough","Bronx",0.27,"Percent"
2025-07-12,"COVID-19 visits by borough","Bronx",0.31,"Percent"
2025-07-19,"COVID-19 visits by borough","Bronx",0.38,"Percent"
2025-07-26,"COVID-19 visits by borough","Bronx",0.46,"Percent"
2025-08-02,"COVID-19 visits by borough","Bronx",0.39,"Percent"
2025-08-09,"COVID-19 visits by borough","Bronx",0.59,"Percent"
2025-08-16,"COVID-19 visits by borough","Bronx",0.66,"Percent"
2025-08-23,"COVID-19 visits by borough","Bronx",0.51,"Percent"
2025-08-30,"COVID-19 visits by borough","Bronx",0.51,"Percent"
2025-09-06,"COVID-19 visits by borough","Bronx",0.56,"Percent"
2025-09-13,"COVID-19 visits by borough","Bronx",0.48,"Percent"
2025-09-20,"COVID-19 visits by borough","Bronx",0.44,"Percent"
2025-09-27,"COVID-19 visits by borough","Bronx",0.46,"Percent"
2025-10-04,"COVID-19 visits by borough","Bronx",0.25,"Percent"
2025-10-11,"COVID-19 visits by borough","Bronx",0.26,"Percent"
2025-10-18,"COVID-19 visits by borough","Bronx",0.2,"Percent"
2025-10-25,"COVID-19 visits by borough","Bronx",0.15,"Percent"
2025-11-01,"COVID-19 visits by borough","Bronx",0.17,"Percent"
2025-11-08,"COVID-19 visits by borough","Bronx",0.16,"Percent"
2025-11-15,"COVID-19 visits by borough","Bronx",0.16,"Percent"
2025-11-22,"COVID-19 visits by borough","Bronx",0.12,"Percent"
2025-11-29,"COVID-19 visits by borough","Bronx",0.14,"Percent"
2025-12-06,"COVID-19 visits by borough","Bronx",0.18,"Percent"
2025-12-13,"COVID-19 visits by borough","Bronx",0.16,"Percent"
2025-12-20,"COVID-19 visits by borough","Bronx",0.14,"Percent"
2025-12-27,"COVID-19 visits by borough","Bronx",0.22,"Percent"
2026-01-03,"COVID-19 visits by borough","Bronx",0.21,"Percent"
2026-01-10,"COVID-19 visits by borough","Bronx",0.26,"Percent"
2026-01-17,"COVID-19 visits by borough","Bronx",0.31,"Percent"
2026-01-24,"COVID-19 visits by borough","Bronx",0.21,"Percent"
2026-01-31,"COVID-19 visits by borough","Bronx",0.21,"Percent"
2026-02-07,"COVID-19 visits by borough","Bronx",0.24,"Percent"
2026-02-14,"COVID-19 visits by borough","Bronx",0.28,"Percent"
2026-02-21,"COVID-19 visits by borough","Bronx",0.25,"Percent"
2026-02-28,"COVID-19 visits by borough","Bronx",0.21,"Percent"
2026-03-07,"COVID-19 visits by borough","Bronx",0.22,"Percent"
2026-03-14,"COVID-19 visits by borough","Bronx",0.29,"Percent"
2026-03-21,"COVID-19 visits by borough","Bronx",0.27,"Percent"
2026-03-28,"COVID-19 visits by borough","Bronx",0.3,"Percent"
2026-04-04,"COVID-19 visits by borough","Bronx",0.28,"Percent"
2026-04-11,"COVID-19 visits by borough","Bronx",0.18,"Percent"
2026-04-18,"COVID-19 visits by borough","Bronx",0.17,"Percent"
2026-04-25,"COVID-19 visits by borough","Bronx",0.16,"Percent"
2026-05-02,"COVID-19 visits by borough","Bronx",0.16,"Percent"
2026-05-09,"COVID-19 visits by borough","Bronx",0.18,"Percent"
2026-05-16,"COVID-19 visits by borough","Bronx",0.13,"Percent"
2026-05-23,"COVID-19 visits by borough","Bronx",0.13,"Percent"
2026-05-30,"COVID-19 visits by borough","Bronx",0.08,"Percent"
2026-06-06,"COVID-19 visits by borough","Bronx",0.17,"Percent"
2026-06-13,"COVID-19 visits by borough","Bronx",0.19,"Percent"
2026-06-20,"COVID-19 visits by borough","Bronx",0.08,"Percent"
2026-06-27,"COVID-19 visits by borough","Bronx",0.15,"Percent"
2026-07-04,"COVID-19 visits by borough","Bronx",0.17,"Percent"
2026-07-11,"COVID-19 visits by borough","Bronx",0.12,"Percent"
2026-07-18,"COVID-19 visits by borough","Bronx",0.15,"Percent"
2026-07-25,"COVID-19 visits by borough","Bronx",0.19,"Percent"
2026-08-01,"COVID-19 visits by borough","Bronx",0.2,"Percent"
2026-08-08,"COVID-19 visits by borough","Bronx",0.32,"Percent"
2026-08-15,"COVID-19 visits by borough","Bronx",0.31,"Percent"
2026-08-22,"COVID-19 visits by borough","Bronx",0.36,"Percent"
2026-08-29,"COVID-19 visits by borough","Bronx",0.45,"Percent"
2026-09-05,"COVID-19 visits by borough","Bronx",0.58,"Percent"
2023-09-09,"COVID-19 visits by borough","Brooklyn",1.7,"Percent"
2023-09-16,"COVID-19 visits by borough","Brooklyn",1.55,"Percent"
2023-09-23,"COVID-19 visits by borough","Brooklyn",1.67,"Percent"
2023-09-30,"COVID-19 visits by borough","Brooklyn",1.57,"Percent"
2023-10-07,"COVID-19 visits by borough","Brooklyn",1.19,"Percent"
2023-10-14,"COVID-19 visits by borough","Brooklyn",0.85,"Percent"
2023-10-21,"COVID-19 visits by borough","Brooklyn",0.77,"Percent"
2023-10-28,"COVID-19 visits by borough","Brooklyn",0.73,"Percent"
2023-11-04,"COVID-19 visits by borough","Brooklyn",0.53,"Percent"
2023-11-11,"COVID-19 visits by borough","Brooklyn",0.63,"Percent"
2023-11-18,"COVID-19 visits by borough","Brooklyn",0.61,"Percent"
2023-11-25,"COVID-19 visits by borough","Brooklyn",0.73,"Percent"
2023-12-02,"COVID-19 visits by borough","Brooklyn",0.82,"Percent"
2023-12-09,"COVID-19 visits by borough","Brooklyn",0.99,"Percent"
2023-12-16,"COVID-19 visits by borough","Brooklyn",1.32,"Percent"
2023-12-23,"COVID-19 visits by borough","Brooklyn",1.83,"Percent"
2023-12-30,"COVID-19 visits by borough","Brooklyn",2.7,"Percent"
2024-01-06,"COVID-19 visits by borough","Brooklyn",2.76,"Percent"
2024-01-13,"COVID-19 visits by borough","Brooklyn",2.22,"Percent"
2024-01-20,"COVID-19 visits by borough","Brooklyn",1.9,"Percent"
2024-01-27,"COVID-19 visits by borough","Brooklyn",1.51,"Percent"
2024-02-03,"COVID-19 visits by borough","Brooklyn",1.1,"Percent"
2024-02-10,"COVID-19 visits by borough","Brooklyn",1.09,"Percent"
2024-02-17,"COVID-19 visits by borough","Brooklyn",0.91,"Percent"
2024-02-24,"COVID-19 visits by borough","Brooklyn",0.7,"Percent"
2024-03-02,"COVID-19 visits by borough","Brooklyn",0.49,"Percent"
2024-03-09,"COVID-19 visits by borough","Brooklyn",0.41,"Percent"
2024-03-16,"COVID-19 visits by borough","Brooklyn",0.37,"Percent"
2024-03-23,"COVID-19 visits by borough","Brooklyn",0.38,"Percent"
2024-03-30,"COVID-19 visits by borough","Brooklyn",0.29,"Percent"
2024-04-06,"COVID-19 visits by borough","Brooklyn",0.27,"Percent"
2024-04-13,"COVID-19 visits by borough","Brooklyn",0.31,"Percent"
2024-04-20,"COVID-19 visits by borough","Brooklyn",0.2,"Percent"
2024-04-27,"COVID-19 visits by borough","Brooklyn",0.25,"Percent"
2024-05-04,"COVID-19 visits by borough","Brooklyn",0.33,"Percent"
2024-05-11,"COVID-19 visits by borough","Brooklyn",0.28,"Percent"
2024-05-18,"COVID-19 visits by borough","Brooklyn",0.39,"Percent"
2024-05-25,"COVID-19 visits by borough","Brooklyn",0.36,"Percent"
2024-06-01,"COVID-19 visits by borough","Brooklyn",0.4,"Percent"
2024-06-08,"COVID-19 visits by borough","Brooklyn",0.47,"Percent"
2024-06-15,"COVID-19 visits by borough","Brooklyn",0.7,"Percent"
2024-06-22,"COVID-19 visits by borough","Brooklyn",0.87,"Percent"
2024-06-29,"COVID-19 visits by borough","Brooklyn",0.91,"Percent"
2024-07-06,"COVID-19 visits by borough","Brooklyn",1.04,"Percent"
2024-07-13,"COVID-19 visits by borough","Brooklyn",0.95,"Percent"
2024-07-20,"COVID-19 visits by borough","Brooklyn",1.03,"Percent"
2024-07-27,"COVID-19 visits by borough","Brooklyn",1.1,"Percent"
2024-08-03,"COVID-19 visits by borough","Brooklyn",1.3,"Percent"
2024-08-10,"COVID-19 visits by borough","Brooklyn",0.99,"Percent"
2024-08-17,"COVID-19 visits by borough","Brooklyn",0.99,"Percent"
2024-08-24,"COVID-19 visits by borough","Brooklyn",0.83,"Percent"
2024-08-31,"COVID-19 visits by borough","Brooklyn",0.74,"Percent"
2024-09-07,"COVID-19 visits by borough","Brooklyn",0.75,"Percent"
2024-09-14,"COVID-19 visits by borough","Brooklyn",0.55,"Percent"
2024-09-21,"COVID-19 visits by borough","Brooklyn",0.5,"Percent"
2024-09-28,"COVID-19 visits by borough","Brooklyn",0.46,"Percent"
2024-10-05,"COVID-19 visits by borough","Brooklyn",0.31,"Percent"
2024-10-12,"COVID-19 visits by borough","Brooklyn",0.22,"Percent"
2024-10-19,"COVID-19 visits by borough","Brooklyn",0.22,"Percent"
2024-10-26,"COVID-19 visits by borough","Brooklyn",0.26,"Percent"
2024-11-02,"COVID-19 visits by borough","Brooklyn",0.2,"Percent"
2024-11-09,"COVID-19 visits by borough","Brooklyn",0.18,"Percent"
2024-11-16,"COVID-19 visits by borough","Brooklyn",0.17,"Percent"
2024-11-23,"COVID-19 visits by borough","Brooklyn",0.19,"Percent"
2024-11-30,"COVID-19 visits by borough","Brooklyn",0.24,"Percent"
2024-12-07,"COVID-19 visits by borough","Brooklyn",0.25,"Percent"
2024-12-14,"COVID-19 visits by borough","Brooklyn",0.24,"Percent"
2024-12-21,"COVID-19 visits by borough","Brooklyn",0.37,"Percent"
2024-12-28,"COVID-19 visits by borough","Brooklyn",0.45,"Percent"
2025-01-04,"COVID-19 visits by borough","Brooklyn",0.48,"Percent"
2025-01-11,"COVID-19 visits by borough","Brooklyn",0.45,"Percent"
2025-01-18,"COVID-19 visits by borough","Brooklyn",0.47,"Percent"
2025-01-25,"COVID-19 visits by borough","Brooklyn",0.55,"Percent"
2025-02-01,"COVID-19 visits by borough","Brooklyn",0.56,"Percent"
2025-02-08,"COVID-19 visits by borough","Brooklyn",0.63,"Percent"
2025-02-15,"COVID-19 visits by borough","Brooklyn",0.53,"Percent"
2025-02-22,"COVID-19 visits by borough","Brooklyn",0.69,"Percent"
2025-03-01,"COVID-19 visits by borough","Brooklyn",0.65,"Percent"
2025-03-08,"COVID-19 visits by borough","Brooklyn",0.7,"Percent"
2025-03-15,"COVID-19 visits by borough","Brooklyn",0.76,"Percent"
2025-03-22,"COVID-19 visits by borough","Brooklyn",0.72,"Percent"
2025-03-29,"COVID-19 visits by borough","Brooklyn",0.73,"Percent"
2025-04-05,"COVID-19 visits by borough","Brooklyn",0.84,"Percent"
2025-04-12,"COVID-19 visits by borough","Brooklyn",0.71,"Percent"
2025-04-19,"COVID-19 visits by borough","Brooklyn",0.6,"Percent"
2025-04-26,"COVID-19 visits by borough","Brooklyn",0.62,"Percent"
2025-05-03,"COVID-19 visits by borough","Brooklyn",0.4,"Percent"
2025-05-10,"COVID-19 visits by borough","Brooklyn",0.25,"Percent"
2025-05-17,"COVID-19 visits by borough","Brooklyn",0.37,"Percent"
2025-05-24,"COVID-19 visits by borough","Brooklyn",0.33,"Percent"
2025-05-31,"COVID-19 visits by borough","Brooklyn",0.46,"Percent"
2025-06-07,"COVID-19 visits by borough","Brooklyn",0.34,"Percent"
2025-06-14,"COVID-19 visits by borough","Brooklyn",0.37,"Percent"
2025-06-21,"COVID-19 visits by borough","Brooklyn",0.37,"Percent"
2025-06-28,"COVID-19 visits by borough","Brooklyn",0.38,"Percent"
2025-07-05,"COVID-19 visits by borough","Brooklyn",0.34,"Percent"
2025-07-12,"COVID-19 visits by borough","Brooklyn",0.39,"Percent"
2025-07-19,"COVID-19 visits by borough","Brooklyn",0.4,"Percent"
2025-07-26,"COVID-19 visits by borough","Brooklyn",0.36,"Percent"
2025-08-02,"COVID-19 visits by borough","Brooklyn",0.41,"Percent"
2025-08-09,"COVID-19 visits by borough","Brooklyn",0.51,"Percent"
2025-08-16,"COVID-19 visits by borough","Brooklyn",0.61,"Percent"
2025-08-23,"COVID-19 visits by borough","Brooklyn",0.61,"Percent"
2025-08-30,"COVID-19 visits by borough","Brooklyn",0.57,"Percent"
2025-09-06,"COVID-19 visits by borough","Brooklyn",0.61,"Percent"
2025-09-13,"COVID-19 visits by borough","Brooklyn",0.6,"Percent"
2025-09-20,"COVID-19 visits by borough","Brooklyn",0.47,"Percent"
2025-09-27,"COVID-19 visits by borough","Brooklyn",0.47,"Percent"
2025-10-04,"COVID-19 visits by borough","Brooklyn",0.34,"Percent"
2025-10-11,"COVID-19 visits by borough","Brooklyn",0.28,"Percent"
2025-10-18,"COVID-19 visits by borough","Brooklyn",0.2,"Percent"
2025-10-25,"COVID-19 visits by borough","Brooklyn",0.21,"Percent"
2025-11-01,"COVID-19 visits by borough","Brooklyn",0.17,"Percent"
2025-11-08,"COVID-19 visits by borough","Brooklyn",0.2,"Percent"
2025-11-15,"COVID-19 visits by borough","Brooklyn",0.22,"Percent"
2025-11-22,"COVID-19 visits by borough","Brooklyn",0.18,"Percent"
2025-11-29,"COVID-19 visits by borough","Brooklyn",0.19,"Percent"
2025-12-06,"COVID-19 visits by borough","Brooklyn",0.16,"Percent"
2025-12-13,"COVID-19 visits by borough","Brooklyn",0.18,"Percent"
2025-12-20,"COVID-19 visits by borough","Brooklyn",0.17,"Percent"
2025-12-27,"COVID-19 visits by borough","Brooklyn",0.25,"Percent"
2026-01-03,"COVID-19 visits by borough","Brooklyn",0.26,"Percent"
2026-01-10,"COVID-19 visits by borough","Brooklyn",0.26,"Percent"
2026-01-17,"COVID-19 visits by borough","Brooklyn",0.27,"Percent"
2026-01-24,"COVID-19 visits by borough","Brooklyn",0.22,"Percent"
2026-01-31,"COVID-19 visits by borough","Brooklyn",0.24,"Percent"
2026-02-07,"COVID-19 visits by borough","Brooklyn",0.26,"Percent"
2026-02-14,"COVID-19 visits by borough","Brooklyn",0.24,"Percent"
2026-02-21,"COVID-19 visits by borough","Brooklyn",0.26,"Percent"
2026-02-28,"COVID-19 visits by borough","Brooklyn",0.19,"Percent"
2026-03-07,"COVID-19 visits by borough","Brooklyn",0.23,"Percent"
2026-03-14,"COVID-19 visits by borough","Brooklyn",0.18,"Percent"
2026-03-21,"COVID-19 visits by borough","Brooklyn",0.25,"Percent"
2026-03-28,"COVID-19 visits by borough","Brooklyn",0.26,"Percent"
2026-04-04,"COVID-19 visits by borough","Brooklyn",0.27,"Percent"
2026-04-11,"COVID-19 visits by borough","Brooklyn",0.22,"Percent"
2026-04-18,"COVID-19 visits by borough","Brooklyn",0.22,"Percent"
2026-04-25,"COVID-19 visits by borough","Brooklyn",0.15,"Percent"
2026-05-02,"COVID-19 visits by borough","Brooklyn",0.16,"Percent"
2026-05-09,"COVID-19 visits by borough","Brooklyn",0.13,"Percent"
2026-05-16,"COVID-19 visits by borough","Brooklyn",0.14,"Percent"
2026-05-23,"COVID-19 visits by borough","Brooklyn",0.09,"Percent"
2026-05-30,"COVID-19 visits by borough","Brooklyn",0.07,"Percent"
2026-06-06,"COVID-19 visits by borough","Brooklyn",0.09,"Percent"
2026-06-13,"COVID-19 visits by borough","Brooklyn",0.06,"Percent"
2026-06-20,"COVID-19 visits by borough","Brooklyn",0.06,"Percent"
2026-06-27,"COVID-19 visits by borough","Brooklyn",0.03,"Percent"
2026-07-04,"COVID-19 visits by borough","Brooklyn",0.12,"Percent"
2026-07-11,"COVID-19 visits by borough","Brooklyn",0.11,"Percent"
2026-07-18,"COVID-19 visits by borough","Brooklyn",0.17,"Percent"
2026-07-25,"COVID-19 visits by borough","Brooklyn",0.19,"Percent"
2026-08-01,"COVID-19 visits by borough","Brooklyn",0.22,"Percent"
2026-08-08,"COVID-19 visits by borough","Brooklyn",0.18,"Percent"
2026-08-15,"COVID-19 visits by borough","Brooklyn",0.3,"Percent"
2026-08-22,"COVID-19 visits by borough","Brooklyn",0.36,"Percent"
2026-08-29,"COVID-19 visits by borough","Brooklyn",0.48,"Percent"
2026-09-05,"COVID-19 visits by borough","Brooklyn",0.39,"Percent"
2023-09-09,"COVID-19 visits by borough","Manhattan",1.34,"Percent"
2023-09-16,"COVID-19 visits by borough","Manhattan",1.31,"Percent"
2023-09-23,"COVID-19 visits by borough","Manhattan",1.44,"Percent"
2023-09-30,"COVID-19 visits by borough","Manhattan",1.26,"Percent"
2023-10-07,"COVID-19 visits by borough","Manhattan",1.02,"Percent"
2023-10-14,"COVID-19 visits by borough","Manhattan",0.74,"Percent"
2023-10-21,"COVID-19 visits by borough","Manhattan",0.66,"Percent"
2023-10-28,"COVID-19 visits by borough","Manhattan",0.59,"Percent"
2023-11-04,"COVID-19 visits by borough","Manhattan",0.4,"Percent"
2023-11-11,"COVID-19 visits by borough","Manhattan",0.45,"Percent"
2023-11-18,"COVID-19 visits by borough","Manhattan",0.61,"Percent"
2023-11-25,"COVID-19 visits by borough","Manhattan",0.65,"Percent"
2023-12-02,"COVID-19 visits by borough","Manhattan",0.69,"Percent"
2023-12-09,"COVID-19 visits by borough","Manhattan",0.88,"Percent"
2023-12-16,"COVID-19 visits by borough","Manhattan",1.34,"Percent"
2023-12-23,"COVID-19 visits by borough","Manhattan",1.87,"Percent"
2023-12-30,"COVID-19 visits by borough","Manhattan",2.49,"Percent"
2024-01-06,"COVID-19 visits by borough","Manhattan",2.36,"Percent"
2024-01-13,"COVID-19 visits by borough","Manhattan",1.91,"Percent"
2024-01-20,"COVID-19 visits by borough","Manhattan",1.43,"Percent"
2024-01-27,"COVID-19 visits by borough","Manhattan",1.43,"Percent"
2024-02-03,"COVID-19 visits by borough","Manhattan",1.04,"Percent"
2024-02-10,"COVID-19 visits by borough","Manhattan",0.95,"Percent"
2024-02-17,"COVID-19 visits by borough","Manhattan",0.55,"Percent"
2024-02-24,"COVID-19 visits by borough","Manhattan",0.53,"Percent"
2024-03-02,"COVID-19 visits by borough","Manhattan",0.45,"Percent"
2024-03-09,"COVID-19 visits by borough","Manhattan",0.28,"Percent"
2024-03-16,"COVID-19 visits by borough","Manhattan",0.25,"Percent"
2024-03-23,"COVID-19 visits by borough","Manhattan",0.22,"Percent"
2024-03-30,"COVID-19 visits by borough","Manhattan",0.26,"Percent"
2024-04-06,"COVID-19 visits by borough","Manhattan",0.19,"Percent"
2024-04-13,"COVID-19 visits by borough","Manhattan",0.21,"Percent"
2024-04-20,"COVID-19 visits by borough","Manhattan",0.28,"Percent"
2024-04-27,"COVID-19 visits by borough","Manhattan",0.28,"Percent"
2024-05-04,"COVID-19 visits by borough","Manhattan",0.37,"Percent"
2024-05-11,"COVID-19 visits by borough","Manhattan",0.31,"Percent"
2024-05-18,"COVID-19 visits by borough","Manhattan",0.41,"Percent"
2024-05-25,"COVID-19 visits by borough","Manhattan",0.46,"Percent"
2024-06-01,"COVID-19 visits by borough","Manhattan",0.5,"Percent"
2024-06-08,"COVID-19 visits by borough","Manhattan",0.75,"Percent"
2024-06-15,"COVID-19 visits by borough","Manhattan",0.99,"Percent"
2024-06-22,"COVID-19 visits by borough","Manhattan",0.88,"Percent"
2024-06-29,"COVID-19 visits by borough","Manhattan",1.06,"Percent"
2024-07-06,"COVID-19 visits by borough","Manhattan",1.37,"Percent"
2024-07-13,"COVID-19 visits by borough","Manhattan",1.05,"Percent"
2024-07-20,"COVID-19 visits by borough","Manhattan",1.09,"Percent"
2024-07-27,"COVID-19 visits by borough","Manhattan",1.07,"Percent"
2024-08-03,"COVID-19 visits by borough","Manhattan",1.3,"Percent"
2024-08-10,"COVID-19 visits by borough","Manhattan",0.78,"Percent"
2024-08-17,"COVID-19 visits by borough","Manhattan",0.88,"Percent"
2024-08-24,"COVID-19 visits by borough","Manhattan",0.75,"Percent"
2024-08-31,"COVID-19 visits by borough","Manhattan",0.56,"Percent"
2024-09-07,"COVID-19 visits by borough","Manhattan",0.65,"Percent"
2024-09-14,"COVID-19 visits by borough","Manhattan",0.57,"Percent"
2024-09-21,"COVID-19 visits by borough","Manhattan",0.39,"Percent"
2024-09-28,"COVID-19 visits by borough","Manhattan",0.32,"Percent"
2024-10-05,"COVID-19 visits by borough","Manhattan",0.26,"Percent"
2024-10-12,"COVID-19 visits by borough","Manhattan",0.17,"Percent"
2024-10-19,"COVID-19 visits by borough","Manhattan",0.17,"Percent"
2024-10-26,"COVID-19 visits by borough","Manhattan",0.21,"Percent"
2024-11-02,"COVID-19 visits by borough","Manhattan",0.17,"Percent"
2024-11-09,"COVID-19 visits by borough","Manhattan",0.25,"Percent"
2024-11-16,"COVID-19 visits by borough","Manhattan",0.19,"Percent"
2024-11-23,"COVID-19 visits by borough","Manhattan",0.09,"Percent"
2024-11-30,"COVID-19 visits by borough","Manhattan",0.11,"Percent"
2024-12-07,"COVID-19 visits by borough","Manhattan",0.17,"Percent"
2024-12-14,"COVID-19 visits by borough","Manhattan",0.19,"Percent"
2024-12-21,"COVID-19 visits by borough","Manhattan",0.27,"Percent"
2024-12-28,"COVID-19 visits by borough","Manhattan",0.34,"Percent"
2025-01-04,"COVID-19 visits by borough","Manhattan",0.54,"Percent"
2025-01-11,"COVID-19 visits by borough","Manhattan",0.33,"Percent"
2025-01-18,"COVID-19 visits by borough","Manhattan",0.33,"Percent"
2025-01-25,"COVID-19 visits by borough","Manhattan",0.62,"Percent"
2025-02-01,"COVID-19 visits by borough","Manhattan",0.44,"Percent"
2025-02-08,"COVID-19 visits by borough","Manhattan",0.57,"Percent"
2025-02-15,"COVID-19 visits by borough","Manhattan",0.67,"Percent"
2025-02-22,"COVID-19 visits by borough","Manhattan",0.76,"Percent"
2025-03-01,"COVID-19 visits by borough","Manhattan",0.68,"Percent"
2025-03-08,"COVID-19 visits by borough","Manhattan",0.55,"Percent"
2025-03-15,"COVID-19 visits by borough","Manhattan",0.74,"Percent"
2025-03-22,"COVID-19 visits by borough","Manhattan",0.93,"Percent"
2025-03-29,"COVID-19 visits by borough","Manhattan",0.78,"Percent"
2025-04-05,"COVID-19 visits by borough","Manhattan",0.69,"Percent"
2025-04-12,"COVID-19 visits by borough","Manhattan",0.55,"Percent"
2025-04-19,"COVID-19 visits by borough","Manhattan",0.59,"Percent"
2025-04-26,"COVID-19 visits by borough","Manhattan",0.49,"Percent"
2025-05-03,"COVID-19 visits by borough","Manhattan",0.38,"Percent"
2025-05-10,"COVID-19 visits by borough","Manhattan",0.4,"Percent"
2025-05-17,"COVID-19 visits by borough","Manhattan",0.32,"Percent"
2025-05-24,"COVID-19 visits by borough","Manhattan",0.32,"Percent"
2025-05-31,"COVID-19 visits by borough","Manhattan",0.36,"Percent"
2025-06-07,"COVID-19 visits by borough","Manhattan",0.33,"Percent"
2025-06-14,"COVID-19 visits by borough","Manhattan",0.34,"Percent"
2025-06-21,"COVID-19 visits by borough","Manhattan",0.33,"Percent"
2025-06-28,"COVID-19 visits by borough","Manhattan",0.3,"Percent"
2025-07-05,"COVID-19 visits by borough","Manhattan",0.25,"Percent"
2025-07-12,"COVID-19 visits by borough","Manhattan",0.29,"Percent"
2025-07-19,"COVID-19 visits by borough","Manhattan",0.27,"Percent"
2025-07-26,"COVID-19 visits by borough","Manhattan",0.39,"Percent"
2025-08-02,"COVID-19 visits by borough","Manhattan",0.43,"Percent"
2025-08-09,"COVID-19 visits by borough","Manhattan",0.65,"Percent"
2025-08-16,"COVID-19 visits by borough","Manhattan",0.64,"Percent"
2025-08-23,"COVID-19 visits by borough","Manhattan",0.58,"Percent"
2025-08-30,"COVID-19 visits by borough","Manhattan",0.57,"Percent"
2025-09-06,"COVID-19 visits by borough","Manhattan",0.64,"Percent"
2025-09-13,"COVID-19 visits by borough","Manhattan",0.55,"Percent"
2025-09-20,"COVID-19 visits by borough","Manhattan",0.62,"Percent"
2025-09-27,"COVID-19 visits by borough","Manhattan",0.42,"Percent"
2025-10-04,"COVID-19 visits by borough","Manhattan",0.35,"Percent"
2025-10-11,"COVID-19 visits by borough","Manhattan",0.27,"Percent"
2025-10-18,"COVID-19 visits by borough","Manhattan",0.22,"Percent"
2025-10-25,"COVID-19 visits by borough","Manhattan",0.12,"Percent"
2025-11-01,"COVID-19 visits by borough","Manhattan",0.13,"Percent"
2025-11-08,"COVID-19 visits by borough","Manhattan",0.18,"Percent"
2025-11-15,"COVID-19 visits by borough","Manhattan",0.09,"Percent"
2025-11-22,"COVID-19 visits by borough","Manhattan",0.12,"Percent"
2025-11-29,"COVID-19 visits by borough","Manhattan",0.17,"Percent"
2025-12-06,"COVID-19 visits by borough","Manhattan",0.07,"Percent"
2025-12-13,"COVID-19 visits by borough","Manhattan",0.17,"Percent"
2025-12-20,"COVID-19 visits by borough","Manhattan",0.16,"Percent"
2025-12-27,"COVID-19 visits by borough","Manhattan",0.25,"Percent"
2026-01-03,"COVID-19 visits by borough","Manhattan",0.17,"Percent"
2026-01-10,"COVID-19 visits by borough","Manhattan",0.29,"Percent"
2026-01-17,"COVID-19 visits by borough","Manhattan",0.23,"Percent"
2026-01-24,"COVID-19 visits by borough","Manhattan",0.28,"Percent"
2026-01-31,"COVID-19 visits by borough","Manhattan",0.14,"Percent"
2026-02-07,"COVID-19 visits by borough","Manhattan",0.29,"Percent"
2026-02-14,"COVID-19 visits by borough","Manhattan",0.3,"Percent"
2026-02-21,"COVID-19 visits by borough","Manhattan",0.25,"Percent"
2026-02-28,"COVID-19 visits by borough","Manhattan",0.29,"Percent"
2026-03-07,"COVID-19 visits by borough","Manhattan",0.18,"Percent"
2026-03-14,"COVID-19 visits by borough","Manhattan",0.21,"Percent"
2026-03-21,"COVID-19 visits by borough","Manhattan",0.27,"Percent"
2026-03-28,"COVID-19 visits by borough","Manhattan",0.23,"Percent"
2026-04-04,"COVID-19 visits by borough","Manhattan",0.24,"Percent"
2026-04-11,"COVID-19 visits by borough","Manhattan",0.23,"Percent"
2026-04-18,"COVID-19 visits by borough","Manhattan",0.13,"Percent"
2026-04-25,"COVID-19 visits by borough","Manhattan",0.09,"Percent"
2026-05-02,"COVID-19 visits by borough","Manhattan",0.11,"Percent"
2026-05-09,"COVID-19 visits by borough","Manhattan",0.14,"Percent"
2026-05-16,"COVID-19 visits by borough","Manhattan",0.08,"Percent"
2026-05-23,"COVID-19 visits by borough","Manhattan",0.15,"Percent"
2026-05-30,"COVID-19 visits by borough","Manhattan",0.07,"Percent"
2026-06-06,"COVID-19 visits by borough","Manhattan",0.07,"Percent"
2026-06-13,"COVID-19 visits by borough","Manhattan",0.06,"Percent"
2026-06-20,"COVID-19 visits by borough","Manhattan",0.06,"Percent"
2026-06-27,"COVID-19 visits by borough","Manhattan",0.09,"Percent"
2026-07-04,"COVID-19 visits by borough","Manhattan",0.13,"Percent"
2026-07-11,"COVID-19 visits by borough","Manhattan",0.1,"Percent"
2026-07-18,"COVID-19 visits by borough","Manhattan",0.19,"Percent"
2026-07-25,"COVID-19 visits by borough","Manhattan",0.11,"Percent"
2026-08-01,"COVID-19 visits by borough","Manhattan",0.35,"Percent"
2026-08-08,"COVID-19 visits by borough","Manhattan",0.29,"Percent"
2026-08-15,"COVID-19 visits by borough","Manhattan",0.44,"Percent"
2026-08-22,"COVID-19 visits by borough","Manhattan",0.41,"Percent"
2026-08-29,"COVID-19 visits by borough","Manhattan",0.39,"Percent"
2026-09-05,"COVID-19 visits by borough","Manhattan",0.46,"Percent"
2023-09-09,"COVID-19 visits by borough","Queens",2.4,"Percent"
2023-09-16,"COVID-19 visits by borough","Queens",2.1,"Percent"
2023-09-23,"COVID-19 visits by borough","Queens",2,"Percent"
2023-09-30,"COVID-19 visits by borough","Queens",1.82,"Percent"
2023-10-07,"COVID-19 visits by borough","Queens",1.13,"Percent"
2023-10-14,"COVID-19 visits by borough","Queens",1.18,"Percent"
2023-10-21,"COVID-19 visits by borough","Queens",1.04,"Percent"
2023-10-28,"COVID-19 visits by borough","Queens",0.84,"Percent"
2023-11-04,"COVID-19 visits by borough","Queens",0.68,"Percent"
2023-11-11,"COVID-19 visits by borough","Queens",0.55,"Percent"
2023-11-18,"COVID-19 visits by borough","Queens",0.62,"Percent"
2023-11-25,"COVID-19 visits by borough","Queens",0.84,"Percent"
2023-12-02,"COVID-19 visits by borough","Queens",1.04,"Percent"
2023-12-09,"COVID-19 visits by borough","Queens",1.34,"Percent"
2023-12-16,"COVID-19 visits by borough","Queens",1.46,"Percent"
2023-12-23,"COVID-19 visits by borough","Queens",2.32,"Percent"
2023-12-30,"COVID-19 visits by borough","Queens",2.99,"Percent"
2024-01-06,"COVID-19 visits by borough","Queens",2.89,"Percent"
2024-01-13,"COVID-19 visits by borough","Queens",2.62,"Percent"
2024-01-20,"COVID-19 visits by borough","Queens",2.07,"Percent"
2024-01-27,"COVID-19 visits by borough","Queens",1.83,"Percent"
2024-02-03,"COVID-19 visits by borough","Queens",1.28,"Percent"
2024-02-10,"COVID-19 visits by borough","Queens",1.05,"Percent"
2024-02-17,"COVID-19 visits by borough","Queens",1.04,"Percent"
2024-02-24,"COVID-19 visits by borough","Queens",0.71,"Percent"
2024-03-02,"COVID-19 visits by borough","Queens",0.65,"Percent"
2024-03-09,"COVID-19 visits by borough","Queens",0.4,"Percent"
2024-03-16,"COVID-19 visits by borough","Queens",0.31,"Percent"
2024-03-23,"COVID-19 visits by borough","Queens",0.27,"Percent"
2024-03-30,"COVID-19 visits by borough","Queens",0.4,"Percent"
2024-04-06,"COVID-19 visits by borough","Queens",0.31,"Percent"
2024-04-13,"COVID-19 visits by borough","Queens",0.32,"Percent"
2024-04-20,"COVID-19 visits by borough","Queens",0.28,"Percent"
2024-04-27,"COVID-19 visits by borough","Queens",0.37,"Percent"
2024-05-04,"COVID-19 visits by borough","Queens",0.4,"Percent"
2024-05-11,"COVID-19 visits by borough","Queens",0.38,"Percent"
2024-05-18,"COVID-19 visits by borough","Queens",0.54,"Percent"
2024-05-25,"COVID-19 visits by borough","Queens",0.57,"Percent"
2024-06-01,"COVID-19 visits by borough","Queens",0.63,"Percent"
2024-06-08,"COVID-19 visits by borough","Queens",0.85,"Percent"
2024-06-15,"COVID-19 visits by borough","Queens",1.02,"Percent"
2024-06-22,"COVID-19 visits by borough","Queens",1.27,"Percent"
2024-06-29,"COVID-19 visits by borough","Queens",1.23,"Percent"
2024-07-06,"COVID-19 visits by borough","Queens",1.51,"Percent"
2024-07-13,"COVID-19 visits by borough","Queens",1.6,"Percent"
2024-07-20,"COVID-19 visits by borough","Queens",1.74,"Percent"
2024-07-27,"COVID-19 visits by borough","Queens",1.72,"Percent"
2024-08-03,"COVID-19 visits by borough","Queens",1.47,"Percent"
2024-08-10,"COVID-19 visits by borough","Queens",1.17,"Percent"
2024-08-17,"COVID-19 visits by borough","Queens",1.21,"Percent"
2024-08-24,"COVID-19 visits by borough","Queens",0.99,"Percent"
2024-08-31,"COVID-19 visits by borough","Queens",0.97,"Percent"
2024-09-07,"COVID-19 visits by borough","Queens",0.75,"Percent"
2024-09-14,"COVID-19 visits by borough","Queens",0.89,"Percent"
2024-09-21,"COVID-19 visits by borough","Queens",0.58,"Percent"
2024-09-28,"COVID-19 visits by borough","Queens",0.51,"Percent"
2024-10-05,"COVID-19 visits by borough","Queens",0.29,"Percent"
2024-10-12,"COVID-19 visits by borough","Queens",0.25,"Percent"
2024-10-19,"COVID-19 visits by borough","Queens",0.28,"Percent"
2024-10-26,"COVID-19 visits by borough","Queens",0.2,"Percent"
2024-11-02,"COVID-19 visits by borough","Queens",0.19,"Percent"
2024-11-09,"COVID-19 visits by borough","Queens",0.2,"Percent"
2024-11-16,"COVID-19 visits by borough","Queens",0.19,"Percent"
2024-11-23,"COVID-19 visits by borough","Queens",0.18,"Percent"
2024-11-30,"COVID-19 visits by borough","Queens",0.18,"Percent"
2024-12-07,"COVID-19 visits by borough","Queens",0.27,"Percent"
2024-12-14,"COVID-19 visits by borough","Queens",0.31,"Percent"
2024-12-21,"COVID-19 visits by borough","Queens",0.39,"Percent"
2024-12-28,"COVID-19 visits by borough","Queens",0.41,"Percent"
2025-01-04,"COVID-19 visits by borough","Queens",0.53,"Percent"
2025-01-11,"COVID-19 visits by borough","Queens",0.5,"Percent"
2025-01-18,"COVID-19 visits by borough","Queens",0.55,"Percent"
2025-01-25,"COVID-19 visits by borough","Queens",0.58,"Percent"
2025-02-01,"COVID-19 visits by borough","Queens",0.66,"Percent"
2025-02-08,"COVID-19 visits by borough","Queens",0.74,"Percent"
2025-02-15,"COVID-19 visits by borough","Queens",0.71,"Percent"
2025-02-22,"COVID-19 visits by borough","Queens",0.81,"Percent"
2025-03-01,"COVID-19 visits by borough","Queens",0.82,"Percent"
2025-03-08,"COVID-19 visits by borough","Queens",0.74,"Percent"
2025-03-15,"COVID-19 visits by borough","Queens",0.88,"Percent"
2025-03-22,"COVID-19 visits by borough","Queens",0.89,"Percent"
2025-03-29,"COVID-19 visits by borough","Queens",1.03,"Percent"
2025-04-05,"COVID-19 visits by borough","Queens",0.96,"Percent"
2025-04-12,"COVID-19 visits by borough","Queens",0.95,"Percent"
2025-04-19,"COVID-19 visits by borough","Queens",0.89,"Percent"
2025-04-26,"COVID-19 visits by borough","Queens",0.69,"Percent"
2025-05-03,"COVID-19 visits by borough","Queens",0.53,"Percent"
2025-05-10,"COVID-19 visits by borough","Queens",0.55,"Percent"
2025-05-17,"COVID-19 visits by borough","Queens",0.54,"Percent"
2025-05-24,"COVID-19 visits by borough","Queens",0.52,"Percent"
2025-05-31,"COVID-19 visits by borough","Queens",0.58,"Percent"
2025-06-07,"COVID-19 visits by borough","Queens",0.42,"Percent"
2025-06-14,"COVID-19 visits by borough","Queens",0.53,"Percent"
2025-06-21,"COVID-19 visits by borough","Queens",0.52,"Percent"
2025-06-28,"COVID-19 visits by borough","Queens",0.42,"Percent"
2025-07-05,"COVID-19 visits by borough","Queens",0.44,"Percent"
2025-07-12,"COVID-19 visits by borough","Queens",0.55,"Percent"
2025-07-19,"COVID-19 visits by borough","Queens",0.42,"Percent"
2025-07-26,"COVID-19 visits by borough","Queens",0.52,"Percent"
2025-08-02,"COVID-19 visits by borough","Queens",0.7,"Percent"
2025-08-09,"COVID-19 visits by borough","Queens",0.74,"Percent"
2025-08-16,"COVID-19 visits by borough","Queens",0.73,"Percent"
2025-08-23,"COVID-19 visits by borough","Queens",0.77,"Percent"
2025-08-30,"COVID-19 visits by borough","Queens",0.62,"Percent"
2025-09-06,"COVID-19 visits by borough","Queens",0.8,"Percent"
2025-09-13,"COVID-19 visits by borough","Queens",0.77,"Percent"
2025-09-20,"COVID-19 visits by borough","Queens",0.77,"Percent"
2025-09-27,"COVID-19 visits by borough","Queens",0.73,"Percent"
2025-10-04,"COVID-19 visits by borough","Queens",0.43,"Percent"
2025-10-11,"COVID-19 visits by borough","Queens",0.38,"Percent"
2025-10-18,"COVID-19 visits by borough","Queens",0.29,"Percent"
2025-10-25,"COVID-19 visits by borough","Queens",0.19,"Percent"
2025-11-01,"COVID-19 visits by borough","Queens",0.24,"Percent"
2025-11-08,"COVID-19 visits by borough","Queens",0.19,"Percent"
2025-11-15,"COVID-19 visits by borough","Queens",0.25,"Percent"
2025-11-22,"COVID-19 visits by borough","Queens",0.13,"Percent"
2025-11-29,"COVID-19 visits by borough","Queens",0.17,"Percent"
2025-12-06,"COVID-19 visits by borough","Queens",0.27,"Percent"
2025-12-13,"COVID-19 visits by borough","Queens",0.2,"Percent"
2025-12-20,"COVID-19 visits by borough","Queens",0.25,"Percent"
2025-12-27,"COVID-19 visits by borough","Queens",0.26,"Percent"
2026-01-03,"COVID-19 visits by borough","Queens",0.27,"Percent"
2026-01-10,"COVID-19 visits by borough","Queens",0.24,"Percent"
2026-01-17,"COVID-19 visits by borough","Queens",0.29,"Percent"
2026-01-24,"COVID-19 visits by borough","Queens",0.15,"Percent"
2026-01-31,"COVID-19 visits by borough","Queens",0.26,"Percent"
2026-02-07,"COVID-19 visits by borough","Queens",0.22,"Percent"
2026-02-14,"COVID-19 visits by borough","Queens",0.23,"Percent"
2026-02-21,"COVID-19 visits by borough","Queens",0.33,"Percent"
2026-02-28,"COVID-19 visits by borough","Queens",0.33,"Percent"
2026-03-07,"COVID-19 visits by borough","Queens",0.23,"Percent"
2026-03-14,"COVID-19 visits by borough","Queens",0.24,"Percent"
2026-03-21,"COVID-19 visits by borough","Queens",0.37,"Percent"
2026-03-28,"COVID-19 visits by borough","Queens",0.35,"Percent"
2026-04-04,"COVID-19 visits by borough","Queens",0.29,"Percent"
2026-04-11,"COVID-19 visits by borough","Queens",0.24,"Percent"
2026-04-18,"COVID-19 visits by borough","Queens",0.36,"Percent"
2026-04-25,"COVID-19 visits by borough","Queens",0.16,"Percent"
2026-05-02,"COVID-19 visits by borough","Queens",0.12,"Percent"
2026-05-09,"COVID-19 visits by borough","Queens",0.16,"Percent"
2026-05-16,"COVID-19 visits by borough","Queens",0.12,"Percent"
2026-05-23,"COVID-19 visits by borough","Queens",0.15,"Percent"
2026-05-30,"COVID-19 visits by borough","Queens",0.12,"Percent"
2026-06-06,"COVID-19 visits by borough","Queens",0.08,"Percent"
2026-06-13,"COVID-19 visits by borough","Queens",0.12,"Percent"
2026-06-20,"COVID-19 visits by borough","Queens",0.04,"Percent"
2026-06-27,"COVID-19 visits by borough","Queens",0.1,"Percent"
2026-07-04,"COVID-19 visits by borough","Queens",0.21,"Percent"
2026-07-11,"COVID-19 visits by borough","Queens",0.15,"Percent"
2026-07-18,"COVID-19 visits by borough","Queens",0.26,"Percent"
2026-07-25,"COVID-19 visits by borough","Queens",0.24,"Percent"
2026-08-01,"COVID-19 visits by borough","Queens",0.3,"Percent"
2026-08-08,"COVID-19 visits by borough","Queens",0.4,"Percent"
2026-08-15,"COVID-19 visits by borough","Queens",0.42,"Percent"
2026-08-22,"COVID-19 visits by borough","Queens",0.43,"Percent"
2026-08-29,"COVID-19 visits by borough","Queens",0.52,"Percent"
2026-09-05,"COVID-19 visits by borough","Queens",0.63,"Percent"
2023-09-09,"COVID-19 visits by borough","Staten Island",1.21,"Percent"
2023-09-16,"COVID-19 visits by borough","Staten Island",0.74,"Percent"
2023-09-23,"COVID-19 visits by borough","Staten Island",1.17,"Percent"
2023-09-30,"COVID-19 visits by borough","Staten Island",1.51,"Percent"
2023-10-07,"COVID-19 visits by borough","Staten Island",1.17,"Percent"
2023-10-14,"COVID-19 visits by borough","Staten Island",0.82,"Percent"
2023-10-21,"COVID-19 visits by borough","Staten Island",0.71,"Percent"
2023-10-28,"COVID-19 visits by borough","Staten Island",0.58,"Percent"
2023-11-04,"COVID-19 visits by borough","Staten Island",0.58,"Percent"
2023-11-11,"COVID-19 visits by borough","Staten Island",0.72,"Percent"
2023-11-18,"COVID-19 visits by borough","Staten Island",0.7,"Percent"
2023-11-25,"COVID-19 visits by borough","Staten Island",0.87,"Percent"
2023-12-02,"COVID-19 visits by borough","Staten Island",0.97,"Percent"
2023-12-09,"COVID-19 visits by borough","Staten Island",0.75,"Percent"
2023-12-16,"COVID-19 visits by borough","Staten Island",1.58,"Percent"
2023-12-23,"COVID-19 visits by borough","Staten Island",1.51,"Percent"
2023-12-30,"COVID-19 visits by borough","Staten Island",2.45,"Percent"
2024-01-06,"COVID-19 visits by borough","Staten Island",2.35,"Percent"
2024-01-13,"COVID-19 visits by borough","Staten Island",2.33,"Percent"
2024-01-20,"COVID-19 visits by borough","Staten Island",1.75,"Percent"
2024-01-27,"COVID-19 visits by borough","Staten Island",1.57,"Percent"
2024-02-03,"COVID-19 visits by borough","Staten Island",1.25,"Percent"
2024-02-10,"COVID-19 visits by borough","Staten Island",1.14,"Percent"
2024-02-17,"COVID-19 visits by borough","Staten Island",0.77,"Percent"
2024-02-24,"COVID-19 visits by borough","Staten Island",0.7,"Percent"
2024-03-02,"COVID-19 visits by borough","Staten Island",0.59,"Percent"
2024-03-09,"COVID-19 visits by borough","Staten Island",0.41,"Percent"
2024-03-16,"COVID-19 visits by borough","Staten Island",0.3,"Percent"
2024-03-23,"COVID-19 visits by borough","Staten Island",0.23,"Percent"
2024-03-30,"COVID-19 visits by borough","Staten Island",0.25,"Percent"
2024-04-06,"COVID-19 visits by borough","Staten Island",0.23,"Percent"
2024-04-13,"COVID-19 visits by borough","Staten Island",0.22,"Percent"
2024-04-20,"COVID-19 visits by borough","Staten Island",0.35,"Percent"
2024-04-27,"COVID-19 visits by borough","Staten Island",0.26,"Percent"
2024-05-04,"COVID-19 visits by borough","Staten Island",0.07,"Percent"
2024-05-11,"COVID-19 visits by borough","Staten Island",0.15,"Percent"
2024-05-18,"COVID-19 visits by borough","Staten Island",0.25,"Percent"
2024-05-25,"COVID-19 visits by borough","Staten Island",0.33,"Percent"
2024-06-01,"COVID-19 visits by borough","Staten Island",0.44,"Percent"
2024-06-08,"COVID-19 visits by borough","Staten Island",0.35,"Percent"
2024-06-15,"COVID-19 visits by borough","Staten Island",0.35,"Percent"
2024-06-22,"COVID-19 visits by borough","Staten Island",0.43,"Percent"
2024-06-29,"COVID-19 visits by borough","Staten Island",0.48,"Percent"
2024-07-06,"COVID-19 visits by borough","Staten Island",1.11,"Percent"
2024-07-13,"COVID-19 visits by borough","Staten Island",0.99,"Percent"
2024-07-20,"COVID-19 visits by borough","Staten Island",1.02,"Percent"
2024-07-27,"COVID-19 visits by borough","Staten Island",0.95,"Percent"
2024-08-03,"COVID-19 visits by borough","Staten Island",1.42,"Percent"
2024-08-10,"COVID-19 visits by borough","Staten Island",0.9,"Percent"
2024-08-17,"COVID-19 visits by borough","Staten Island",1.13,"Percent"
2024-08-24,"COVID-19 visits by borough","Staten Island",1.06,"Percent"
2024-08-31,"COVID-19 visits by borough","Staten Island",0.9,"Percent"
2024-09-07,"COVID-19 visits by borough","Staten Island",0.68,"Percent"
2024-09-14,"COVID-19 visits by borough","Staten Island",0.59,"Percent"
2024-09-21,"COVID-19 visits by borough","Staten Island",0.62,"Percent"
2024-09-28,"COVID-19 visits by borough","Staten Island",0.66,"Percent"
2024-10-05,"COVID-19 visits by borough","Staten Island",0.31,"Percent"
2024-10-12,"COVID-19 visits by borough","Staten Island",0.37,"Percent"
2024-10-19,"COVID-19 visits by borough","Staten Island",0.19,"Percent"
2024-10-26,"COVID-19 visits by borough","Staten Island",0.2,"Percent"
2024-11-02,"COVID-19 visits by borough","Staten Island",0.29,"Percent"
2024-11-09,"COVID-19 visits by borough","Staten Island",0.26,"Percent"
2024-11-16,"COVID-19 visits by borough","Staten Island",0.08,"Percent"
2024-11-23,"COVID-19 visits by borough","Staten Island",0.17,"Percent"
2024-11-30,"COVID-19 visits by borough","Staten Island",0.27,"Percent"
2024-12-07,"COVID-19 visits by borough","Staten Island",0.2,"Percent"
2024-12-14,"COVID-19 visits by borough","Staten Island",0.29,"Percent"
2024-12-21,"COVID-19 visits by borough","Staten Island",0.26,"Percent"
2024-12-28,"COVID-19 visits by borough","Staten Island",0.63,"Percent"
2025-01-04,"COVID-19 visits by borough","Staten Island",0.92,"Percent"
2025-01-11,"COVID-19 visits by borough","Staten Island",0.38,"Percent"
2025-01-18,"COVID-19 visits by borough","Staten Island",0.65,"Percent"
2025-01-25,"COVID-19 visits by borough","Staten Island",0.43,"Percent"
2025-02-01,"COVID-19 visits by borough","Staten Island",0.51,"Percent"
2025-02-08,"COVID-19 visits by borough","Staten Island",0.64,"Percent"
2025-02-15,"COVID-19 visits by borough","Staten Island",0.52,"Percent"
2025-02-22,"COVID-19 visits by borough","Staten Island",0.89,"Percent"
2025-03-01,"COVID-19 visits by borough","Staten Island",0.91,"Percent"
2025-03-08,"COVID-19 visits by borough","Staten Island",0.55,"Percent"
2025-03-15,"COVID-19 visits by borough","Staten Island",0.68,"Percent"
2025-03-22,"COVID-19 visits by borough","Staten Island",0.7,"Percent"
2025-03-29,"COVID-19 visits by borough","Staten Island",0.64,"Percent"
2025-04-05,"COVID-19 visits by borough","Staten Island",0.59,"Percent"
2025-04-12,"COVID-19 visits by borough","Staten Island",0.47,"Percent"
2025-04-19,"COVID-19 visits by borough","Staten Island",0.42,"Percent"
2025-04-26,"COVID-19 visits by borough","Staten Island",0.24,"Percent"
2025-05-03,"COVID-19 visits by borough","Staten Island",0.36,"Percent"
2025-05-10,"COVID-19 visits by borough","Staten Island",0.3,"Percent"
2025-05-17,"COVID-19 visits by borough","Staten Island",0.34,"Percent"
2025-05-24,"COVID-19 visits by borough","Staten Island",0.15,"Percent"
2025-05-31,"COVID-19 visits by borough","Staten Island",0.26,"Percent"
2025-06-07,"COVID-19 visits by borough","Staten Island",0.31,"Percent"
2025-06-14,"COVID-19 visits by borough","Staten Island",0.38,"Percent"
2025-06-21,"COVID-19 visits by borough","Staten Island",0.2,"Percent"
2025-06-28,"COVID-19 visits by borough","Staten Island",0.2,"Percent"
2025-07-05,"COVID-19 visits by borough","Staten Island",0.31,"Percent"
2025-07-12,"COVID-19 visits by borough","Staten Island",0.31,"Percent"
2025-07-19,"COVID-19 visits by borough","Staten Island",0.27,"Percent"
2025-07-26,"COVID-19 visits by borough","Staten Island",0.33,"Percent"
2025-08-02,"COVID-19 visits by borough","Staten Island",0.45,"Percent"
2025-08-09,"COVID-19 visits by borough","Staten Island",0.29,"Percent"
2025-08-16,"COVID-19 visits by borough","Staten Island",0.45,"Percent"
2025-08-23,"COVID-19 visits by borough","Staten Island",0.62,"Percent"
2025-08-30,"COVID-19 visits by borough","Staten Island",0.52,"Percent"
2025-09-06,"COVID-19 visits by borough","Staten Island",0.42,"Percent"
2025-09-13,"COVID-19 visits by borough","Staten Island",0.44,"Percent"
2025-09-20,"COVID-19 visits by borough","Staten Island",0.61,"Percent"
2025-09-27,"COVID-19 visits by borough","Staten Island",0.42,"Percent"
2025-10-04,"COVID-19 visits by borough","Staten Island",0.43,"Percent"
2025-10-11,"COVID-19 visits by borough","Staten Island",0.23,"Percent"
2025-10-18,"COVID-19 visits by borough","Staten Island",0.21,"Percent"
2025-10-25,"COVID-19 visits by borough","Staten Island",0.23,"Percent"
2025-11-01,"COVID-19 visits by borough","Staten Island",0.19,"Percent"
2025-11-08,"COVID-19 visits by borough","Staten Island",0.2,"Percent"
2025-11-15,"COVID-19 visits by borough","Staten Island",0.13,"Percent"
2025-11-22,"COVID-19 visits by borough","Staten Island",0.18,"Percent"
2025-11-29,"COVID-19 visits by borough","Staten Island",0.38,"Percent"
2025-12-06,"COVID-19 visits by borough","Staten Island",0.33,"Percent"
2025-12-13,"COVID-19 visits by borough","Staten Island",0.36,"Percent"
2025-12-20,"COVID-19 visits by borough","Staten Island",0.35,"Percent"
2025-12-27,"COVID-19 visits by borough","Staten Island",0.47,"Percent"
2026-01-03,"COVID-19 visits by borough","Staten Island",0.67,"Percent"
2026-01-10,"COVID-19 visits by borough","Staten Island",0.5,"Percent"
2026-01-17,"COVID-19 visits by borough","Staten Island",0.64,"Percent"
2026-01-24,"COVID-19 visits by borough","Staten Island",0.44,"Percent"
2026-01-31,"COVID-19 visits by borough","Staten Island",0.21,"Percent"
2026-02-07,"COVID-19 visits by borough","Staten Island",0.42,"Percent"
2026-02-14,"COVID-19 visits by borough","Staten Island",0.46,"Percent"
2026-02-21,"COVID-19 visits by borough","Staten Island",0.28,"Percent"
2026-02-28,"COVID-19 visits by borough","Staten Island",0.33,"Percent"
2026-03-07,"COVID-19 visits by borough","Staten Island",0.16,"Percent"
2026-03-14,"COVID-19 visits by borough","Staten Island",0.31,"Percent"
2026-03-21,"COVID-19 visits by borough","Staten Island",0.21,"Percent"
2026-03-28,"COVID-19 visits by borough","Staten Island",0.28,"Percent"
2026-04-04,"COVID-19 visits by borough","Staten Island",0.2,"Percent"
2026-04-11,"COVID-19 visits by borough","Staten Island",0.27,"Percent"
2026-04-18,"COVID-19 visits by borough","Staten Island",0.18,"Percent"
2026-04-25,"COVID-19 visits by borough","Staten Island",0.18,"Percent"
2026-05-02,"COVID-19 visits by borough","Staten Island",0.13,"Percent"
2026-05-09,"COVID-19 visits by borough","Staten Island",0.05,"Percent"
2026-05-16,"COVID-19 visits by borough","Staten Island",0.07,"Percent"
2026-05-23,"COVID-19 visits by borough","Staten Island",0.17,"Percent"
2026-05-30,"COVID-19 visits by borough","Staten Island",0.12,"Percent"
2026-06-06,"COVID-19 visits by borough","Staten Island",0.13,"Percent"
2026-06-13,"COVID-19 visits by borough","Staten Island",0.05,"Percent"
2026-06-20,"COVID-19 visits by borough","Staten Island",0.05,"Percent"
2026-06-27,"COVID-19 visits by borough","Staten Island",0,"Percent"
2026-07-04,"COVID-19 visits by borough","Staten Island",0.08,"Percent"
2026-07-11,"COVID-19 visits by borough","Staten Island",0,"Percent"
2026-07-18,"COVID-19 visits by borough","Staten Island",0.08,"Percent"
2026-07-25,"COVID-19 visits by borough","Staten Island",0.1,"Percent"
2026-08-01,"COVID-19 visits by borough","Staten Island",0.07,"Percent"
2026-08-08,"COVID-19 visits by borough","Staten Island",0.12,"Percent"
2026-08-15,"COVID-19 visits by borough","Staten Island",0.07,"Percent"
2026-08-22,"COVID-19 visits by borough","Staten Island",0.38,"Percent"
2026-08-29,"COVID-19 visits by borough","Staten Island",0.39,"Percent"
2026-09-05,"COVID-19 visits by borough","Staten Island",0.56,"Percent"
2023-09-09,"COVID-19 hospitalizations by borough","Bronx",0.93,"Percent"
2023-09-16,"COVID-19 hospitalizations by borough","Bronx",1.15,"Percent"
2023-09-23,"COVID-19 hospitalizations by borough","Bronx",1.08,"Percent"
2023-09-30,"COVID-19 hospitalizations by borough","Bronx",1.19,"Percent"
2023-10-07,"COVID-19 hospitalizations by borough","Bronx",0.57,"Percent"
2023-10-14,"COVID-19 hospitalizations by borough","Bronx",0.82,"Percent"
2023-10-21,"COVID-19 hospitalizations by borough","Bronx",0.81,"Percent"
2023-10-28,"COVID-19 hospitalizations by borough","Bronx",0.71,"Percent"
2023-11-04,"COVID-19 hospitalizations by borough","Bronx",0.58,"Percent"
2023-11-11,"COVID-19 hospitalizations by borough","Bronx",0.28,"Percent"
2023-11-18,"COVID-19 hospitalizations by borough","Bronx",0.39,"Percent"
2023-11-25,"COVID-19 hospitalizations by borough","Bronx",0.81,"Percent"
2023-12-02,"COVID-19 hospitalizations by borough","Bronx",0.85,"Percent"
2023-12-09,"COVID-19 hospitalizations by borough","Bronx",0.96,"Percent"
2023-12-16,"COVID-19 hospitalizations by borough","Bronx",0.98,"Percent"
2023-12-23,"COVID-19 hospitalizations by borough","Bronx",1.16,"Percent"
2023-12-30,"COVID-19 hospitalizations by borough","Bronx",0.95,"Percent"
2024-01-06,"COVID-19 hospitalizations by borough","Bronx",1.07,"Percent"
2024-01-13,"COVID-19 hospitalizations by borough","Bronx",1.61,"Percent"
2024-01-20,"COVID-19 hospitalizations by borough","Bronx",1.07,"Percent"
2024-01-27,"COVID-19 hospitalizations by borough","Bronx",1.19,"Percent"
2024-02-03,"COVID-19 hospitalizations by borough","Bronx",0.7,"Percent"
2024-02-10,"COVID-19 hospitalizations by borough","Bronx",0.89,"Percent"
2024-02-17,"COVID-19 hospitalizations by borough","Bronx",0.73,"Percent"
2024-02-24,"COVID-19 hospitalizations by borough","Bronx",0.4,"Percent"
2024-03-02,"COVID-19 hospitalizations by borough","Bronx",0.52,"Percent"
2024-03-09,"COVID-19 hospitalizations by borough","Bronx",0.2,"Percent"
2024-03-16,"COVID-19 hospitalizations by borough","Bronx",0.3,"Percent"
2024-03-23,"COVID-19 hospitalizations by borough","Bronx",0.15,"Percent"
2024-03-30,"COVID-19 hospitalizations by borough","Bronx",0.15,"Percent"
2024-04-06,"COVID-19 hospitalizations by borough","Bronx",0.26,"Percent"
2024-04-13,"COVID-19 hospitalizations by borough","Bronx",0.14,"Percent"
2024-04-20,"COVID-19 hospitalizations by borough","Bronx",0.15,"Percent"
2024-04-27,"COVID-19 hospitalizations by borough","Bronx",0.05,"Percent"
2024-05-04,"COVID-19 hospitalizations by borough","Bronx",0.05,"Percent"
2024-05-11,"COVID-19 hospitalizations by borough","Bronx",0.15,"Percent"
2024-05-18,"COVID-19 hospitalizations by borough","Bronx",0.25,"Percent"
2024-05-25,"COVID-19 hospitalizations by borough","Bronx",0.5,"Percent"
2024-06-01,"COVID-19 hospitalizations by borough","Bronx",0.3,"Percent"
2024-06-08,"COVID-19 hospitalizations by borough","Bronx",0.33,"Percent"
2024-06-15,"COVID-19 hospitalizations by borough","Bronx",0.15,"Percent"
2024-06-22,"COVID-19 hospitalizations by borough","Bronx",0.59,"Percent"
2024-06-29,"COVID-19 hospitalizations by borough","Bronx",0.63,"Percent"
2024-07-06,"COVID-19 hospitalizations by borough","Bronx",0.6,"Percent"
2024-07-13,"COVID-19 hospitalizations by borough","Bronx",0.48,"Percent"
2024-07-20,"COVID-19 hospitalizations by borough","Bronx",0.84,"Percent"
2024-07-27,"COVID-19 hospitalizations by borough","Bronx",0.89,"Percent"
2024-08-03,"COVID-19 hospitalizations by borough","Bronx",0.79,"Percent"
2024-08-10,"COVID-19 hospitalizations by borough","Bronx",0.66,"Percent"
2024-08-17,"COVID-19 hospitalizations by borough","Bronx",0.66,"Percent"
2024-08-24,"COVID-19 hospitalizations by borough","Bronx",0.36,"Percent"
2024-08-31,"COVID-19 hospitalizations by borough","Bronx",0.57,"Percent"
2024-09-07,"COVID-19 hospitalizations by borough","Bronx",0.27,"Percent"
2024-09-14,"COVID-19 hospitalizations by borough","Bronx",0.33,"Percent"
2024-09-21,"COVID-19 hospitalizations by borough","Bronx",0.14,"Percent"
2024-09-28,"COVID-19 hospitalizations by borough","Bronx",0.34,"Percent"
2024-10-05,"COVID-19 hospitalizations by borough","Bronx",0.15,"Percent"
2024-10-12,"COVID-19 hospitalizations by borough","Bronx",0.19,"Percent"
2024-10-19,"COVID-19 hospitalizations by borough","Bronx",0.1,"Percent"
2024-10-26,"COVID-19 hospitalizations by borough","Bronx",0.15,"Percent"
2024-11-02,"COVID-19 hospitalizations by borough","Bronx",0,"Percent"
2024-11-09,"COVID-19 hospitalizations by borough","Bronx",0.15,"Percent"
2024-11-16,"COVID-19 hospitalizations by borough","Bronx",0.05,"Percent"
2024-11-23,"COVID-19 hospitalizations by borough","Bronx",0.19,"Percent"
2024-11-30,"COVID-19 hospitalizations by borough","Bronx",0.15,"Percent"
2024-12-07,"COVID-19 hospitalizations by borough","Bronx",0.2,"Percent"
2024-12-14,"COVID-19 hospitalizations by borough","Bronx",0.36,"Percent"
2024-12-21,"COVID-19 hospitalizations by borough","Bronx",0.15,"Percent"
2024-12-28,"COVID-19 hospitalizations by borough","Bronx",0.21,"Percent"
2025-01-04,"COVID-19 hospitalizations by borough","Bronx",0.19,"Percent"
2025-01-11,"COVID-19 hospitalizations by borough","Bronx",0.15,"Percent"
2025-01-18,"COVID-19 hospitalizations by borough","Bronx",0.64,"Percent"
2025-01-25,"COVID-19 hospitalizations by borough","Bronx",0.51,"Percent"
2025-02-01,"COVID-19 hospitalizations by borough","Bronx",0.43,"Percent"
2025-02-08,"COVID-19 hospitalizations by borough","Bronx",0.44,"Percent"
2025-02-15,"COVID-19 hospitalizations by borough","Bronx",0.6,"Percent"
2025-02-22,"COVID-19 hospitalizations by borough","Bronx",0.6,"Percent"
2025-03-01,"COVID-19 hospitalizations by borough","Bronx",0.3,"Percent"
2025-03-08,"COVID-19 hospitalizations by borough","Bronx",1.19,"Percent"
2025-03-15,"COVID-19 hospitalizations by borough","Bronx",0.56,"Percent"
2025-03-22,"COVID-19 hospitalizations by borough","Bronx",0.78,"Percent"
2025-03-29,"COVID-19 hospitalizations by borough","Bronx",0.51,"Percent"
2025-04-05,"COVID-19 hospitalizations by borough","Bronx",0.53,"Percent"
2025-04-12,"COVID-19 hospitalizations by borough","Bronx",0.62,"Percent"
2025-04-19,"COVID-19 hospitalizations by borough","Bronx",0.31,"Percent"
2025-04-26,"COVID-19 hospitalizations by borough","Bronx",0.29,"Percent"
2025-05-03,"COVID-19 hospitalizations by borough","Bronx",0.1,"Percent"
2025-05-10,"COVID-19 hospitalizations by borough","Bronx",0.15,"Percent"
2025-05-17,"COVID-19 hospitalizations by borough","Bronx",0.3,"Percent"
2025-05-24,"COVID-19 hospitalizations by borough","Bronx",0.2,"Percent"
2025-05-31,"COVID-19 hospitalizations by borough","Bronx",0.05,"Percent"
2025-06-07,"COVID-19 hospitalizations by borough","Bronx",0.3,"Percent"
2025-06-14,"COVID-19 hospitalizations by borough","Bronx",0.15,"Percent"
2025-06-21,"COVID-19 hospitalizations by borough","Bronx",0.26,"Percent"
2025-06-28,"COVID-19 hospitalizations by borough","Bronx",0.15,"Percent"
2025-07-05,"COVID-19 hospitalizations by borough","Bronx",0.21,"Percent"
2025-07-12,"COVID-19 hospitalizations by borough","Bronx",0.3,"Percent"
2025-07-19,"COVID-19 hospitalizations by borough","Bronx",0.26,"Percent"
2025-07-26,"COVID-19 hospitalizations by borough","Bronx",0.1,"Percent"
2025-08-02,"COVID-19 hospitalizations by borough","Bronx",0.37,"Percent"
2025-08-09,"COVID-19 hospitalizations by borough","Bronx",0.57,"Percent"
2025-08-16,"COVID-19 hospitalizations by borough","Bronx",0.29,"Percent"
2025-08-23,"COVID-19 hospitalizations by borough","Bronx",0.11,"Percent"
2025-08-30,"COVID-19 hospitalizations by borough","Bronx",0.52,"Percent"
2025-09-06,"COVID-19 hospitalizations by borough","Bronx",0.14,"Percent"
2025-09-13,"COVID-19 hospitalizations by borough","Bronx",0.37,"Percent"
2025-09-20,"COVID-19 hospitalizations by borough","Bronx",0.1,"Percent"
2025-09-27,"COVID-19 hospitalizations by borough","Bronx",0.24,"Percent"
2025-10-04,"COVID-19 hospitalizations by borough","Bronx",0.32,"Percent"
2025-10-11,"COVID-19 hospitalizations by borough","Bronx",0.2,"Percent"
2025-10-18,"COVID-19 hospitalizations by borough","Bronx",0.1,"Percent"
2025-10-25,"COVID-19 hospitalizations by borough","Bronx",0.2,"Percent"
2025-11-01,"COVID-19 hospitalizations by borough","Bronx",0.31,"Percent"
2025-11-08,"COVID-19 hospitalizations by borough","Bronx",0,"Percent"
2025-11-15,"COVID-19 hospitalizations by borough","Bronx",0.15,"Percent"
2025-11-22,"COVID-19 hospitalizations by borough","Bronx",0.11,"Percent"
2025-11-29,"COVID-19 hospitalizations by borough","Bronx",0.22,"Percent"
2025-12-06,"COVID-19 hospitalizations by borough","Bronx",0.14,"Percent"
2025-12-13,"COVID-19 hospitalizations by borough","Bronx",0.24,"Percent"
2025-12-20,"COVID-19 hospitalizations by borough","Bronx",0.14,"Percent"
2025-12-27,"COVID-19 hospitalizations by borough","Bronx",0.11,"Percent"
2026-01-03,"COVID-19 hospitalizations by borough","Bronx",0,"Percent"
2026-01-10,"COVID-19 hospitalizations by borough","Bronx",0.11,"Percent"
2026-01-17,"COVID-19 hospitalizations by borough","Bronx",0.49,"Percent"
2026-01-24,"COVID-19 hospitalizations by borough","Bronx",0.1,"Percent"
2026-01-31,"COVID-19 hospitalizations by borough","Bronx",0.05,"Percent"
2026-02-07,"COVID-19 hospitalizations by borough","Bronx",0,"Percent"
2026-02-14,"COVID-19 hospitalizations by borough","Bronx",0.25,"Percent"
2026-02-21,"COVID-19 hospitalizations by borough","Bronx",0.2,"Percent"
2026-02-28,"COVID-19 hospitalizations by borough","Bronx",0.15,"Percent"
2026-03-07,"COVID-19 hospitalizations by borough","Bronx",0.16,"Percent"
2026-03-14,"COVID-19 hospitalizations by borough","Bronx",0.19,"Percent"
2026-03-21,"COVID-19 hospitalizations by borough","Bronx",0.05,"Percent"
2026-03-28,"COVID-19 hospitalizations by borough","Bronx",0.21,"Percent"
2026-04-04,"COVID-19 hospitalizations by borough","Bronx",0.1,"Percent"
2026-04-11,"COVID-19 hospitalizations by borough","Bronx",0.15,"Percent"
2026-04-18,"COVID-19 hospitalizations by borough","Bronx",0.19,"Percent"
2026-04-25,"COVID-19 hospitalizations by borough","Bronx",0.05,"Percent"
2026-05-02,"COVID-19 hospitalizations by borough","Bronx",0.05,"Percent"
2026-05-09,"COVID-19 hospitalizations by borough","Bronx",0.05,"Percent"
2026-05-16,"COVID-19 hospitalizations by borough","Bronx",0,"Percent"
2026-05-23,"COVID-19 hospitalizations by borough","Bronx",0,"Percent"
2026-05-30,"COVID-19 hospitalizations by borough","Bronx",0.05,"Percent"
2026-06-06,"COVID-19 hospitalizations by borough","Bronx",0.05,"Percent"
2026-06-13,"COVID-19 hospitalizations by borough","Bronx",0.05,"Percent"
2026-06-20,"COVID-19 hospitalizations by borough","Bronx",0,"Percent"
2026-06-27,"COVID-19 hospitalizations by borough","Bronx",0.09,"Percent"
2026-07-04,"COVID-19 hospitalizations by borough","Bronx",0.1,"Percent"
2026-07-11,"COVID-19 hospitalizations by borough","Bronx",0,"Percent"
2026-07-18,"COVID-19 hospitalizations by borough","Bronx",0.05,"Percent"
2026-07-25,"COVID-19 hospitalizations by borough","Bronx",0.05,"Percent"
2026-08-01,"COVID-19 hospitalizations by borough","Bronx",0.14,"Percent"
2026-08-08,"COVID-19 hospitalizations by borough","Bronx",0,"Percent"
2026-08-15,"COVID-19 hospitalizations by borough","Bronx",0.05,"Percent"
2026-08-22,"COVID-19 hospitalizations by borough","Bronx",0.05,"Percent"
2026-08-29,"COVID-19 hospitalizations by borough","Bronx",0.24,"Percent"
2026-09-05,"COVID-19 hospitalizations by borough","Bronx",0.18,"Percent"
2023-09-09,"COVID-19 hospitalizations by borough","Brooklyn",1.95,"Percent"
2023-09-16,"COVID-19 hospitalizations by borough","Brooklyn",1.79,"Percent"
2023-09-23,"COVID-19 hospitalizations by borough","Brooklyn",1.73,"Percent"
2023-09-30,"COVID-19 hospitalizations by borough","Brooklyn",1.95,"Percent"
2023-10-07,"COVID-19 hospitalizations by borough","Brooklyn",1.39,"Percent"
2023-10-14,"COVID-19 hospitalizations by borough","Brooklyn",1.03,"Percent"
2023-10-21,"COVID-19 hospitalizations by borough","Brooklyn",1.24,"Percent"
2023-10-28,"COVID-19 hospitalizations by borough","Brooklyn",0.77,"Percent"
2023-11-04,"COVID-19 hospitalizations by borough","Brooklyn",0.84,"Percent"
2023-11-11,"COVID-19 hospitalizations by borough","Brooklyn",0.71,"Percent"
2023-11-18,"COVID-19 hospitalizations by borough","Brooklyn",0.91,"Percent"
2023-11-25,"COVID-19 hospitalizations by borough","Brooklyn",1.03,"Percent"
2023-12-02,"COVID-19 hospitalizations by borough","Brooklyn",1.18,"Percent"
2023-12-09,"COVID-19 hospitalizations by borough","Brooklyn",1.12,"Percent"
2023-12-16,"COVID-19 hospitalizations by borough","Brooklyn",1.88,"Percent"
2023-12-23,"COVID-19 hospitalizations by borough","Brooklyn",2.6,"Percent"
2023-12-30,"COVID-19 hospitalizations by borough","Brooklyn",3.37,"Percent"
2024-01-06,"COVID-19 hospitalizations by borough","Brooklyn",3.31,"Percent"
2024-01-13,"COVID-19 hospitalizations by borough","Brooklyn",2.94,"Percent"
2024-01-20,"COVID-19 hospitalizations by borough","Brooklyn",2.32,"Percent"
2024-01-27,"COVID-19 hospitalizations by borough","Brooklyn",2.32,"Percent"
2024-02-03,"COVID-19 hospitalizations by borough","Brooklyn",1.48,"Percent"
2024-02-10,"COVID-19 hospitalizations by borough","Brooklyn",1.52,"Percent"
2024-02-17,"COVID-19 hospitalizations by borough","Brooklyn",1.46,"Percent"
2024-02-24,"COVID-19 hospitalizations by borough","Brooklyn",0.83,"Percent"
2024-03-02,"COVID-19 hospitalizations by borough","Brooklyn",0.98,"Percent"
2024-03-09,"COVID-19 hospitalizations by borough","Brooklyn",0.58,"Percent"
2024-03-16,"COVID-19 hospitalizations by borough","Brooklyn",0.65,"Percent"
2024-03-23,"COVID-19 hospitalizations by borough","Brooklyn",0.36,"Percent"
2024-03-30,"COVID-19 hospitalizations by borough","Brooklyn",0.29,"Percent"
2024-04-06,"COVID-19 hospitalizations by borough","Brooklyn",0.39,"Percent"
2024-04-13,"COVID-19 hospitalizations by borough","Brooklyn",0.46,"Percent"
2024-04-20,"COVID-19 hospitalizations by borough","Brooklyn",0.19,"Percent"
2024-04-27,"COVID-19 hospitalizations by borough","Brooklyn",0.24,"Percent"
2024-05-04,"COVID-19 hospitalizations by borough","Brooklyn",0.54,"Percent"
2024-05-11,"COVID-19 hospitalizations by borough","Brooklyn",0.38,"Percent"
2024-05-18,"COVID-19 hospitalizations by borough","Brooklyn",0.48,"Percent"
2024-05-25,"COVID-19 hospitalizations by borough","Brooklyn",0.36,"Percent"
2024-06-01,"COVID-19 hospitalizations by borough","Brooklyn",0.46,"Percent"
2024-06-08,"COVID-19 hospitalizations by borough","Brooklyn",0.49,"Percent"
2024-06-15,"COVID-19 hospitalizations by borough","Brooklyn",0.58,"Percent"
2024-06-22,"COVID-19 hospitalizations by borough","Brooklyn",0.97,"Percent"
2024-06-29,"COVID-19 hospitalizations by borough","Brooklyn",1.26,"Percent"
2024-07-06,"COVID-19 hospitalizations by borough","Brooklyn",0.88,"Percent"
2024-07-13,"COVID-19 hospitalizations by borough","Brooklyn",1.25,"Percent"
2024-07-20,"COVID-19 hospitalizations by borough","Brooklyn",0.94,"Percent"
2024-07-27,"COVID-19 hospitalizations by borough","Brooklyn",1.23,"Percent"
2024-08-03,"COVID-19 hospitalizations by borough","Brooklyn",1.6,"Percent"
2024-08-10,"COVID-19 hospitalizations by borough","Brooklyn",0.87,"Percent"
2024-08-17,"COVID-19 hospitalizations by borough","Brooklyn",1.28,"Percent"
2024-08-24,"COVID-19 hospitalizations by borough","Brooklyn",1.15,"Percent"
2024-08-31,"COVID-19 hospitalizations by borough","Brooklyn",0.96,"Percent"
2024-09-07,"COVID-19 hospitalizations by borough","Brooklyn",0.75,"Percent"
2024-09-14,"COVID-19 hospitalizations by borough","Brooklyn",0.81,"Percent"
2024-09-21,"COVID-19 hospitalizations by borough","Brooklyn",0.62,"Percent"
2024-09-28,"COVID-19 hospitalizations by borough","Brooklyn",0.41,"Percent"
2024-10-05,"COVID-19 hospitalizations by borough","Brooklyn",0.49,"Percent"
2024-10-12,"COVID-19 hospitalizations by borough","Brooklyn",0.27,"Percent"
2024-10-19,"COVID-19 hospitalizations by borough","Brooklyn",0.36,"Percent"
2024-10-26,"COVID-19 hospitalizations by borough","Brooklyn",0.34,"Percent"
2024-11-02,"COVID-19 hospitalizations by borough","Brooklyn",0.21,"Percent"
2024-11-09,"COVID-19 hospitalizations by borough","Brooklyn",0.21,"Percent"
2024-11-16,"COVID-19 hospitalizations by borough","Brooklyn",0.25,"Percent"
2024-11-23,"COVID-19 hospitalizations by borough","Brooklyn",0.21,"Percent"
2024-11-30,"COVID-19 hospitalizations by borough","Brooklyn",0.31,"Percent"
2024-12-07,"COVID-19 hospitalizations by borough","Brooklyn",0.32,"Percent"
2024-12-14,"COVID-19 hospitalizations by borough","Brooklyn",0.35,"Percent"
2024-12-21,"COVID-19 hospitalizations by borough","Brooklyn",0.57,"Percent"
2024-12-28,"COVID-19 hospitalizations by borough","Brooklyn",0.56,"Percent"
2025-01-04,"COVID-19 hospitalizations by borough","Brooklyn",0.5,"Percent"
2025-01-11,"COVID-19 hospitalizations by borough","Brooklyn",0.53,"Percent"
2025-01-18,"COVID-19 hospitalizations by borough","Brooklyn",0.78,"Percent"
2025-01-25,"COVID-19 hospitalizations by borough","Brooklyn",0.47,"Percent"
2025-02-01,"COVID-19 hospitalizations by borough","Brooklyn",0.64,"Percent"
2025-02-08,"COVID-19 hospitalizations by borough","Brooklyn",1.02,"Percent"
2025-02-15,"COVID-19 hospitalizations by borough","Brooklyn",0.63,"Percent"
2025-02-22,"COVID-19 hospitalizations by borough","Brooklyn",1.03,"Percent"
2025-03-01,"COVID-19 hospitalizations by borough","Brooklyn",0.78,"Percent"
2025-03-08,"COVID-19 hospitalizations by borough","Brooklyn",0.92,"Percent"
2025-03-15,"COVID-19 hospitalizations by borough","Brooklyn",0.66,"Percent"
2025-03-22,"COVID-19 hospitalizations by borough","Brooklyn",0.89,"Percent"
2025-03-29,"COVID-19 hospitalizations by borough","Brooklyn",0.86,"Percent"
2025-04-05,"COVID-19 hospitalizations by borough","Brooklyn",1.01,"Percent"
2025-04-12,"COVID-19 hospitalizations by borough","Brooklyn",0.7,"Percent"
2025-04-19,"COVID-19 hospitalizations by borough","Brooklyn",0.74,"Percent"
2025-04-26,"COVID-19 hospitalizations by borough","Brooklyn",0.62,"Percent"
2025-05-03,"COVID-19 hospitalizations by borough","Brooklyn",0.4,"Percent"
2025-05-10,"COVID-19 hospitalizations by borough","Brooklyn",0.34,"Percent"
2025-05-17,"COVID-19 hospitalizations by borough","Brooklyn",0.55,"Percent"
2025-05-24,"COVID-19 hospitalizations by borough","Brooklyn",0.37,"Percent"
2025-05-31,"COVID-19 hospitalizations by borough","Brooklyn",0.47,"Percent"
2025-06-07,"COVID-19 hospitalizations by borough","Brooklyn",0.27,"Percent"
2025-06-14,"COVID-19 hospitalizations by borough","Brooklyn",0.42,"Percent"
2025-06-21,"COVID-19 hospitalizations by borough","Brooklyn",0.42,"Percent"
2025-06-28,"COVID-19 hospitalizations by borough","Brooklyn",0.3,"Percent"
2025-07-05,"COVID-19 hospitalizations by borough","Brooklyn",0.42,"Percent"
2025-07-12,"COVID-19 hospitalizations by borough","Brooklyn",0.15,"Percent"
2025-07-19,"COVID-19 hospitalizations by borough","Brooklyn",0.34,"Percent"
2025-07-26,"COVID-19 hospitalizations by borough","Brooklyn",0.45,"Percent"
2025-08-02,"COVID-19 hospitalizations by borough","Brooklyn",0.38,"Percent"
2025-08-09,"COVID-19 hospitalizations by borough","Brooklyn",0.36,"Percent"
2025-08-16,"COVID-19 hospitalizations by borough","Brooklyn",0.6,"Percent"
2025-08-23,"COVID-19 hospitalizations by borough","Brooklyn",0.61,"Percent"
2025-08-30,"COVID-19 hospitalizations by borough","Brooklyn",0.37,"Percent"
2025-09-06,"COVID-19 hospitalizations by borough","Brooklyn",0.54,"Percent"
2025-09-13,"COVID-19 hospitalizations by borough","Brooklyn",0.44,"Percent"
2025-09-20,"COVID-19 hospitalizations by borough","Brooklyn",0.42,"Percent"
2025-09-27,"COVID-19 hospitalizations by borough","Brooklyn",0.23,"Percent"
2025-10-04,"COVID-19 hospitalizations by borough","Brooklyn",0.23,"Percent"
2025-10-11,"COVID-19 hospitalizations by borough","Brooklyn",0.36,"Percent"
2025-10-18,"COVID-19 hospitalizations by borough","Brooklyn",0.15,"Percent"
2025-10-25,"COVID-19 hospitalizations by borough","Brooklyn",0.31,"Percent"
2025-11-01,"COVID-19 hospitalizations by borough","Brooklyn",0.21,"Percent"
2025-11-08,"COVID-19 hospitalizations by borough","Brooklyn",0.28,"Percent"
2025-11-15,"COVID-19 hospitalizations by borough","Brooklyn",0.15,"Percent"
2025-11-22,"COVID-19 hospitalizations by borough","Brooklyn",0.26,"Percent"
2025-11-29,"COVID-19 hospitalizations by borough","Brooklyn",0.33,"Percent"
2025-12-06,"COVID-19 hospitalizations by borough","Brooklyn",0.24,"Percent"
2025-12-13,"COVID-19 hospitalizations by borough","Brooklyn",0.27,"Percent"
2025-12-20,"COVID-19 hospitalizations by borough","Brooklyn",0.13,"Percent"
2025-12-27,"COVID-19 hospitalizations by borough","Brooklyn",0.21,"Percent"
2026-01-03,"COVID-19 hospitalizations by borough","Brooklyn",0.17,"Percent"
2026-01-10,"COVID-19 hospitalizations by borough","Brooklyn",0.33,"Percent"
2026-01-17,"COVID-19 hospitalizations by borough","Brooklyn",0.26,"Percent"
2026-01-24,"COVID-19 hospitalizations by borough","Brooklyn",0.21,"Percent"
2026-01-31,"COVID-19 hospitalizations by borough","Brooklyn",0.19,"Percent"
2026-02-07,"COVID-19 hospitalizations by borough","Brooklyn",0.6,"Percent"
2026-02-14,"COVID-19 hospitalizations by borough","Brooklyn",0.3,"Percent"
2026-02-21,"COVID-19 hospitalizations by borough","Brooklyn",0.17,"Percent"
2026-02-28,"COVID-19 hospitalizations by borough","Brooklyn",0.23,"Percent"
2026-03-07,"COVID-19 hospitalizations by borough","Brooklyn",0.21,"Percent"
2026-03-14,"COVID-19 hospitalizations by borough","Brooklyn",0.17,"Percent"
2026-03-21,"COVID-19 hospitalizations by borough","Brooklyn",0.14,"Percent"
2026-03-28,"COVID-19 hospitalizations by borough","Brooklyn",0.28,"Percent"
2026-04-04,"COVID-19 hospitalizations by borough","Brooklyn",0.36,"Percent"
2026-04-11,"COVID-19 hospitalizations by borough","Brooklyn",0.09,"Percent"
2026-04-18,"COVID-19 hospitalizations by borough","Brooklyn",0.3,"Percent"
2026-04-25,"COVID-19 hospitalizations by borough","Brooklyn",0.14,"Percent"
2026-05-02,"COVID-19 hospitalizations by borough","Brooklyn",0.17,"Percent"
2026-05-09,"COVID-19 hospitalizations by borough","Brooklyn",0.14,"Percent"
2026-05-16,"COVID-19 hospitalizations by borough","Brooklyn",0.17,"Percent"
2026-05-23,"COVID-19 hospitalizations by borough","Brooklyn",0.06,"Percent"
2026-05-30,"COVID-19 hospitalizations by borough","Brooklyn",0.06,"Percent"
2026-06-06,"COVID-19 hospitalizations by borough","Brooklyn",0.06,"Percent"
2026-06-13,"COVID-19 hospitalizations by borough","Brooklyn",0.05,"Percent"
2026-06-20,"COVID-19 hospitalizations by borough","Brooklyn",0.1,"Percent"
2026-06-27,"COVID-19 hospitalizations by borough","Brooklyn",0.03,"Percent"
2026-07-04,"COVID-19 hospitalizations by borough","Brooklyn",0.08,"Percent"
2026-07-11,"COVID-19 hospitalizations by borough","Brooklyn",0.03,"Percent"
2026-07-18,"COVID-19 hospitalizations by borough","Brooklyn",0.13,"Percent"
2026-07-25,"COVID-19 hospitalizations by borough","Brooklyn",0.16,"Percent"
2026-08-01,"COVID-19 hospitalizations by borough","Brooklyn",0.11,"Percent"
2026-08-08,"COVID-19 hospitalizations by borough","Brooklyn",0.12,"Percent"
2026-08-15,"COVID-19 hospitalizations by borough","Brooklyn",0.18,"Percent"
2026-08-22,"COVID-19 hospitalizations by borough","Brooklyn",0.15,"Percent"
2026-08-29,"COVID-19 hospitalizations by borough","Brooklyn",0.4,"Percent"
2026-09-05,"COVID-19 hospitalizations by borough","Brooklyn",0.14,"Percent"
2023-09-09,"COVID-19 hospitalizations by borough","Manhattan",1.62,"Percent"
2023-09-16,"COVID-19 hospitalizations by borough","Manhattan",1.43,"Percent"
2023-09-23,"COVID-19 hospitalizations by borough","Manhattan",1.7,"Percent"
2023-09-30,"COVID-19 hospitalizations by borough","Manhattan",1.08,"Percent"
2023-10-07,"COVID-19 hospitalizations by borough","Manhattan",0.94,"Percent"
2023-10-14,"COVID-19 hospitalizations by borough","Manhattan",0.94,"Percent"
2023-10-21,"COVID-19 hospitalizations by borough","Manhattan",0.91,"Percent"
2023-10-28,"COVID-19 hospitalizations by borough","Manhattan",0.59,"Percent"
2023-11-04,"COVID-19 hospitalizations by borough","Manhattan",0.49,"Percent"
2023-11-11,"COVID-19 hospitalizations by borough","Manhattan",0.52,"Percent"
2023-11-18,"COVID-19 hospitalizations by borough","Manhattan",0.9,"Percent"
2023-11-25,"COVID-19 hospitalizations by borough","Manhattan",0.97,"Percent"
2023-12-02,"COVID-19 hospitalizations by borough","Manhattan",0.88,"Percent"
2023-12-09,"COVID-19 hospitalizations by borough","Manhattan",0.85,"Percent"
2023-12-16,"COVID-19 hospitalizations by borough","Manhattan",1.48,"Percent"
2023-12-23,"COVID-19 hospitalizations by borough","Manhattan",1.89,"Percent"
2023-12-30,"COVID-19 hospitalizations by borough","Manhattan",3.52,"Percent"
2024-01-06,"COVID-19 hospitalizations by borough","Manhattan",2.73,"Percent"
2024-01-13,"COVID-19 hospitalizations by borough","Manhattan",2.22,"Percent"
2024-01-20,"COVID-19 hospitalizations by borough","Manhattan",1.34,"Percent"
2024-01-27,"COVID-19 hospitalizations by borough","Manhattan",1.33,"Percent"
2024-02-03,"COVID-19 hospitalizations by borough","Manhattan",1.14,"Percent"
2024-02-10,"COVID-19 hospitalizations by borough","Manhattan",1,"Percent"
2024-02-17,"COVID-19 hospitalizations by borough","Manhattan",0.68,"Percent"
2024-02-24,"COVID-19 hospitalizations by borough","Manhattan",0.63,"Percent"
2024-03-02,"COVID-19 hospitalizations by borough","Manhattan",0.7,"Percent"
2024-03-09,"COVID-19 hospitalizations by borough","Manhattan",0.29,"Percent"
2024-03-16,"COVID-19 hospitalizations by borough","Manhattan",0.14,"Percent"
2024-03-23,"COVID-19 hospitalizations by borough","Manhattan",0.19,"Percent"
2024-03-30,"COVID-19 hospitalizations by borough","Manhattan",0.23,"Percent"
2024-04-06,"COVID-19 hospitalizations by borough","Manhattan",0.29,"Percent"
2024-04-13,"COVID-19 hospitalizations by borough","Manhattan",0.13,"Percent"
2024-04-20,"COVID-19 hospitalizations by borough","Manhattan",0.19,"Percent"
2024-04-27,"COVID-19 hospitalizations by borough","Manhattan",0.2,"Percent"
2024-05-04,"COVID-19 hospitalizations by borough","Manhattan",0.73,"Percent"
2024-05-11,"COVID-19 hospitalizations by borough","Manhattan",0.15,"Percent"
2024-05-18,"COVID-19 hospitalizations by borough","Manhattan",0.23,"Percent"
2024-05-25,"COVID-19 hospitalizations by borough","Manhattan",0.37,"Percent"
2024-06-01,"COVID-19 hospitalizations by borough","Manhattan",0.6,"Percent"
2024-06-08,"COVID-19 hospitalizations by borough","Manhattan",0.7,"Percent"
2024-06-15,"COVID-19 hospitalizations by borough","Manhattan",0.92,"Percent"
2024-06-22,"COVID-19 hospitalizations by borough","Manhattan",0.84,"Percent"
2024-06-29,"COVID-19 hospitalizations by borough","Manhattan",1.2,"Percent"
2024-07-06,"COVID-19 hospitalizations by borough","Manhattan",1.52,"Percent"
2024-07-13,"COVID-19 hospitalizations by borough","Manhattan",0.83,"Percent"
2024-07-20,"COVID-19 hospitalizations by borough","Manhattan",1.06,"Percent"
2024-07-27,"COVID-19 hospitalizations by borough","Manhattan",1.37,"Percent"
2024-08-03,"COVID-19 hospitalizations by borough","Manhattan",0.95,"Percent"
2024-08-10,"COVID-19 hospitalizations by borough","Manhattan",0.56,"Percent"
2024-08-17,"COVID-19 hospitalizations by borough","Manhattan",0.69,"Percent"
2024-08-24,"COVID-19 hospitalizations by borough","Manhattan",0.79,"Percent"
2024-08-31,"COVID-19 hospitalizations by borough","Manhattan",0.35,"Percent"
2024-09-07,"COVID-19 hospitalizations by borough","Manhattan",0.44,"Percent"
2024-09-14,"COVID-19 hospitalizations by borough","Manhattan",0.65,"Percent"
2024-09-21,"COVID-19 hospitalizations by borough","Manhattan",0.53,"Percent"
2024-09-28,"COVID-19 hospitalizations by borough","Manhattan",0.37,"Percent"
2024-10-05,"COVID-19 hospitalizations by borough","Manhattan",0.13,"Percent"
2024-10-12,"COVID-19 hospitalizations by borough","Manhattan",0.13,"Percent"
2024-10-19,"COVID-19 hospitalizations by borough","Manhattan",0.2,"Percent"
2024-10-26,"COVID-19 hospitalizations by borough","Manhattan",0.07,"Percent"
2024-11-02,"COVID-19 hospitalizations by borough","Manhattan",0.18,"Percent"
2024-11-09,"COVID-19 hospitalizations by borough","Manhattan",0.2,"Percent"
2024-11-16,"COVID-19 hospitalizations by borough","Manhattan",0.14,"Percent"
2024-11-23,"COVID-19 hospitalizations by borough","Manhattan",0.13,"Percent"
2024-11-30,"COVID-19 hospitalizations by borough","Manhattan",0.07,"Percent"
2024-12-07,"COVID-19 hospitalizations by borough","Manhattan",0.14,"Percent"
2024-12-14,"COVID-19 hospitalizations by borough","Manhattan",0.19,"Percent"
2024-12-21,"COVID-19 hospitalizations by borough","Manhattan",0.26,"Percent"
2024-12-28,"COVID-19 hospitalizations by borough","Manhattan",0.21,"Percent"
2025-01-04,"COVID-19 hospitalizations by borough","Manhattan",0.53,"Percent"
2025-01-11,"COVID-19 hospitalizations by borough","Manhattan",0.45,"Percent"
2025-01-18,"COVID-19 hospitalizations by borough","Manhattan",0.26,"Percent"
2025-01-25,"COVID-19 hospitalizations by borough","Manhattan",0.52,"Percent"
2025-02-01,"COVID-19 hospitalizations by borough","Manhattan",0.38,"Percent"
2025-02-08,"COVID-19 hospitalizations by borough","Manhattan",0.62,"Percent"
2025-02-15,"COVID-19 hospitalizations by borough","Manhattan",0.78,"Percent"
2025-02-22,"COVID-19 hospitalizations by borough","Manhattan",0.84,"Percent"
2025-03-01,"COVID-19 hospitalizations by borough","Manhattan",0.76,"Percent"
2025-03-08,"COVID-19 hospitalizations by borough","Manhattan",0.57,"Percent"
2025-03-15,"COVID-19 hospitalizations by borough","Manhattan",0.52,"Percent"
2025-03-22,"COVID-19 hospitalizations by borough","Manhattan",0.67,"Percent"
2025-03-29,"COVID-19 hospitalizations by borough","Manhattan",0.74,"Percent"
2025-04-05,"COVID-19 hospitalizations by borough","Manhattan",0.98,"Percent"
2025-04-12,"COVID-19 hospitalizations by borough","Manhattan",0.41,"Percent"
2025-04-19,"COVID-19 hospitalizations by borough","Manhattan",0.33,"Percent"
2025-04-26,"COVID-19 hospitalizations by borough","Manhattan",0.47,"Percent"
2025-05-03,"COVID-19 hospitalizations by borough","Manhattan",0.39,"Percent"
2025-05-10,"COVID-19 hospitalizations by borough","Manhattan",0.58,"Percent"
2025-05-17,"COVID-19 hospitalizations by borough","Manhattan",0.26,"Percent"
2025-05-24,"COVID-19 hospitalizations by borough","Manhattan",0.14,"Percent"
2025-05-31,"COVID-19 hospitalizations by borough","Manhattan",0.13,"Percent"
2025-06-07,"COVID-19 hospitalizations by borough","Manhattan",0.26,"Percent"
2025-06-14,"COVID-19 hospitalizations by borough","Manhattan",0.13,"Percent"
2025-06-21,"COVID-19 hospitalizations by borough","Manhattan",0.2,"Percent"
2025-06-28,"COVID-19 hospitalizations by borough","Manhattan",0.14,"Percent"
2025-07-05,"COVID-19 hospitalizations by borough","Manhattan",0.22,"Percent"
2025-07-12,"COVID-19 hospitalizations by borough","Manhattan",0.47,"Percent"
2025-07-19,"COVID-19 hospitalizations by borough","Manhattan",0.13,"Percent"
2025-07-26,"COVID-19 hospitalizations by borough","Manhattan",0.59,"Percent"
2025-08-02,"COVID-19 hospitalizations by borough","Manhattan",0.32,"Percent"
2025-08-09,"COVID-19 hospitalizations by borough","Manhattan",0.4,"Percent"
2025-08-16,"COVID-19 hospitalizations by borough","Manhattan",0.39,"Percent"
2025-08-23,"COVID-19 hospitalizations by borough","Manhattan",0.41,"Percent"
2025-08-30,"COVID-19 hospitalizations by borough","Manhattan",0.41,"Percent"
2025-09-06,"COVID-19 hospitalizations by borough","Manhattan",0.5,"Percent"
2025-09-13,"COVID-19 hospitalizations by borough","Manhattan",0.27,"Percent"
2025-09-20,"COVID-19 hospitalizations by borough","Manhattan",0.33,"Percent"
2025-09-27,"COVID-19 hospitalizations by borough","Manhattan",0.13,"Percent"
2025-10-04,"COVID-19 hospitalizations by borough","Manhattan",0.32,"Percent"
2025-10-11,"COVID-19 hospitalizations by borough","Manhattan",0.32,"Percent"
2025-10-18,"COVID-19 hospitalizations by borough","Manhattan",0.13,"Percent"
2025-10-25,"COVID-19 hospitalizations by borough","Manhattan",0.07,"Percent"
2025-11-01,"COVID-19 hospitalizations by borough","Manhattan",0.27,"Percent"
2025-11-08,"COVID-19 hospitalizations by borough","Manhattan",0.13,"Percent"
2025-11-15,"COVID-19 hospitalizations by borough","Manhattan",0.14,"Percent"
2025-11-22,"COVID-19 hospitalizations by borough","Manhattan",0.21,"Percent"
2025-11-29,"COVID-19 hospitalizations by borough","Manhattan",0.22,"Percent"
2025-12-06,"COVID-19 hospitalizations by borough","Manhattan",0.19,"Percent"
2025-12-13,"COVID-19 hospitalizations by borough","Manhattan",0.06,"Percent"
2025-12-20,"COVID-19 hospitalizations by borough","Manhattan",0.26,"Percent"
2025-12-27,"COVID-19 hospitalizations by borough","Manhattan",0.34,"Percent"
2026-01-03,"COVID-19 hospitalizations by borough","Manhattan",0.28,"Percent"
2026-01-10,"COVID-19 hospitalizations by borough","Manhattan",0.33,"Percent"
2026-01-17,"COVID-19 hospitalizations by borough","Manhattan",0.19,"Percent"
2026-01-24,"COVID-19 hospitalizations by borough","Manhattan",0.22,"Percent"
2026-01-31,"COVID-19 hospitalizations by borough","Manhattan",0.14,"Percent"
2026-02-07,"COVID-19 hospitalizations by borough","Manhattan",0.32,"Percent"
2026-02-14,"COVID-19 hospitalizations by borough","Manhattan",0.27,"Percent"
2026-02-21,"COVID-19 hospitalizations by borough","Manhattan",0.14,"Percent"
2026-02-28,"COVID-19 hospitalizations by borough","Manhattan",0.36,"Percent"
2026-03-07,"COVID-19 hospitalizations by borough","Manhattan",0.07,"Percent"
2026-03-14,"COVID-19 hospitalizations by borough","Manhattan",0.07,"Percent"
2026-03-21,"COVID-19 hospitalizations by borough","Manhattan",0.07,"Percent"
2026-03-28,"COVID-19 hospitalizations by borough","Manhattan",0,"Percent"
2026-04-04,"COVID-19 hospitalizations by borough","Manhattan",0.07,"Percent"
2026-04-11,"COVID-19 hospitalizations by borough","Manhattan",0.07,"Percent"
2026-04-18,"COVID-19 hospitalizations by borough","Manhattan",0.07,"Percent"
2026-04-25,"COVID-19 hospitalizations by borough","Manhattan",0,"Percent"
2026-05-02,"COVID-19 hospitalizations by borough","Manhattan",0,"Percent"
2026-05-09,"COVID-19 hospitalizations by borough","Manhattan",0.13,"Percent"
2026-05-16,"COVID-19 hospitalizations by borough","Manhattan",0.13,"Percent"
2026-05-23,"COVID-19 hospitalizations by borough","Manhattan",0,"Percent"
2026-05-30,"COVID-19 hospitalizations by borough","Manhattan",0.07,"Percent"
2026-06-06,"COVID-19 hospitalizations by borough","Manhattan",0.11,"Percent"
2026-06-13,"COVID-19 hospitalizations by borough","Manhattan",0.05,"Percent"
2026-06-20,"COVID-19 hospitalizations by borough","Manhattan",0.05,"Percent"
2026-06-27,"COVID-19 hospitalizations by borough","Manhattan",0,"Percent"
2026-07-04,"COVID-19 hospitalizations by borough","Manhattan",0.15,"Percent"
2026-07-11,"COVID-19 hospitalizations by borough","Manhattan",0.1,"Percent"
2026-07-18,"COVID-19 hospitalizations by borough","Manhattan",0.14,"Percent"
2026-07-25,"COVID-19 hospitalizations by borough","Manhattan",0.2,"Percent"
2026-08-01,"COVID-19 hospitalizations by borough","Manhattan",0.25,"Percent"
2026-08-08,"COVID-19 hospitalizations by borough","Manhattan",0.19,"Percent"
2026-08-15,"COVID-19 hospitalizations by borough","Manhattan",0.25,"Percent"
2026-08-22,"COVID-19 hospitalizations by borough","Manhattan",0.1,"Percent"
2026-08-29,"COVID-19 hospitalizations by borough","Manhattan",0.3,"Percent"
2026-09-05,"COVID-19 hospitalizations by borough","Manhattan",0.3,"Percent"
2023-09-09,"COVID-19 hospitalizations by borough","Queens",2.79,"Percent"
2023-09-16,"COVID-19 hospitalizations by borough","Queens",2.79,"Percent"
2023-09-23,"COVID-19 hospitalizations by borough","Queens",2.92,"Percent"
2023-09-30,"COVID-19 hospitalizations by borough","Queens",2.23,"Percent"
2023-10-07,"COVID-19 hospitalizations by borough","Queens",1.88,"Percent"
2023-10-14,"COVID-19 hospitalizations by borough","Queens",1.93,"Percent"
2023-10-21,"COVID-19 hospitalizations by borough","Queens",1.75,"Percent"
2023-10-28,"COVID-19 hospitalizations by borough","Queens",1.54,"Percent"
2023-11-04,"COVID-19 hospitalizations by borough","Queens",1.11,"Percent"
2023-11-11,"COVID-19 hospitalizations by borough","Queens",1.15,"Percent"
2023-11-18,"COVID-19 hospitalizations by borough","Queens",1.09,"Percent"
2023-11-25,"COVID-19 hospitalizations by borough","Queens",1.3,"Percent"
2023-12-02,"COVID-19 hospitalizations by borough","Queens",1.71,"Percent"
2023-12-09,"COVID-19 hospitalizations by borough","Queens",2.52,"Percent"
2023-12-16,"COVID-19 hospitalizations by borough","Queens",2.39,"Percent"
2023-12-23,"COVID-19 hospitalizations by borough","Queens",3.39,"Percent"
2023-12-30,"COVID-19 hospitalizations by borough","Queens",4.06,"Percent"
2024-01-06,"COVID-19 hospitalizations by borough","Queens",3.99,"Percent"
2024-01-13,"COVID-19 hospitalizations by borough","Queens",3.43,"Percent"
2024-01-20,"COVID-19 hospitalizations by borough","Queens",3.02,"Percent"
2024-01-27,"COVID-19 hospitalizations by borough","Queens",2.69,"Percent"
2024-02-03,"COVID-19 hospitalizations by borough","Queens",1.54,"Percent"
2024-02-10,"COVID-19 hospitalizations by borough","Queens",1.72,"Percent"
2024-02-17,"COVID-19 hospitalizations by borough","Queens",1.47,"Percent"
2024-02-24,"COVID-19 hospitalizations by borough","Queens",0.98,"Percent"
2024-03-02,"COVID-19 hospitalizations by borough","Queens",1.07,"Percent"
2024-03-09,"COVID-19 hospitalizations by borough","Queens",0.8,"Percent"
2024-03-16,"COVID-19 hospitalizations by borough","Queens",0.55,"Percent"
2024-03-23,"COVID-19 hospitalizations by borough","Queens",0.5,"Percent"
2024-03-30,"COVID-19 hospitalizations by borough","Queens",0.53,"Percent"
2024-04-06,"COVID-19 hospitalizations by borough","Queens",0.38,"Percent"
2024-04-13,"COVID-19 hospitalizations by borough","Queens",0.36,"Percent"
2024-04-20,"COVID-19 hospitalizations by borough","Queens",0.52,"Percent"
2024-04-27,"COVID-19 hospitalizations by borough","Queens",0.48,"Percent"
2024-05-04,"COVID-19 hospitalizations by borough","Queens",0.7,"Percent"
2024-05-11,"COVID-19 hospitalizations by borough","Queens",0.41,"Percent"
2024-05-18,"COVID-19 hospitalizations by borough","Queens",0.72,"Percent"
2024-05-25,"COVID-19 hospitalizations by borough","Queens",0.67,"Percent"
2024-06-01,"COVID-19 hospitalizations by borough","Queens",0.94,"Percent"
2024-06-08,"COVID-19 hospitalizations by borough","Queens",1.11,"Percent"
2024-06-15,"COVID-19 hospitalizations by borough","Queens",0.89,"Percent"
2024-06-22,"COVID-19 hospitalizations by borough","Queens",2.08,"Percent"
2024-06-29,"COVID-19 hospitalizations by borough","Queens",1.42,"Percent"
2024-07-06,"COVID-19 hospitalizations by borough","Queens",1.66,"Percent"
2024-07-13,"COVID-19 hospitalizations by borough","Queens",1.58,"Percent"
2024-07-20,"COVID-19 hospitalizations by borough","Queens",2.21,"Percent"
2024-07-27,"COVID-19 hospitalizations by borough","Queens",2.56,"Percent"
2024-08-03,"COVID-19 hospitalizations by borough","Queens",1.84,"Percent"
2024-08-10,"COVID-19 hospitalizations by borough","Queens",1.37,"Percent"
2024-08-17,"COVID-19 hospitalizations by borough","Queens",1.5,"Percent"
2024-08-24,"COVID-19 hospitalizations by borough","Queens",1.19,"Percent"
2024-08-31,"COVID-19 hospitalizations by borough","Queens",1.45,"Percent"
2024-09-07,"COVID-19 hospitalizations by borough","Queens",0.82,"Percent"
2024-09-14,"COVID-19 hospitalizations by borough","Queens",0.83,"Percent"
2024-09-21,"COVID-19 hospitalizations by borough","Queens",0.8,"Percent"
2024-09-28,"COVID-19 hospitalizations by borough","Queens",0.59,"Percent"
2024-10-05,"COVID-19 hospitalizations by borough","Queens",0.54,"Percent"
2024-10-12,"COVID-19 hospitalizations by borough","Queens",0.62,"Percent"
2024-10-19,"COVID-19 hospitalizations by borough","Queens",0.61,"Percent"
2024-10-26,"COVID-19 hospitalizations by borough","Queens",0.48,"Percent"
2024-11-02,"COVID-19 hospitalizations by borough","Queens",0.3,"Percent"
2024-11-09,"COVID-19 hospitalizations by borough","Queens",0.33,"Percent"
2024-11-16,"COVID-19 hospitalizations by borough","Queens",0.48,"Percent"
2024-11-23,"COVID-19 hospitalizations by borough","Queens",0.24,"Percent"
2024-11-30,"COVID-19 hospitalizations by borough","Queens",0.15,"Percent"
2024-12-07,"COVID-19 hospitalizations by borough","Queens",0.32,"Percent"
2024-12-14,"COVID-19 hospitalizations by borough","Queens",0.41,"Percent"
2024-12-21,"COVID-19 hospitalizations by borough","Queens",0.71,"Percent"
2024-12-28,"COVID-19 hospitalizations by borough","Queens",0.81,"Percent"
2025-01-04,"COVID-19 hospitalizations by borough","Queens",0.49,"Percent"
2025-01-11,"COVID-19 hospitalizations by borough","Queens",0.58,"Percent"
2025-01-18,"COVID-19 hospitalizations by borough","Queens",0.9,"Percent"
2025-01-25,"COVID-19 hospitalizations by borough","Queens",0.7,"Percent"
2025-02-01,"COVID-19 hospitalizations by borough","Queens",0.86,"Percent"
2025-02-08,"COVID-19 hospitalizations by borough","Queens",0.77,"Percent"
2025-02-15,"COVID-19 hospitalizations by borough","Queens",0.69,"Percent"
2025-02-22,"COVID-19 hospitalizations by borough","Queens",0.91,"Percent"
2025-03-01,"COVID-19 hospitalizations by borough","Queens",1.14,"Percent"
2025-03-08,"COVID-19 hospitalizations by borough","Queens",0.96,"Percent"
2025-03-15,"COVID-19 hospitalizations by borough","Queens",1.51,"Percent"
2025-03-22,"COVID-19 hospitalizations by borough","Queens",1.13,"Percent"
2025-03-29,"COVID-19 hospitalizations by borough","Queens",1.54,"Percent"
2025-04-05,"COVID-19 hospitalizations by borough","Queens",1.37,"Percent"
2025-04-12,"COVID-19 hospitalizations by borough","Queens",0.94,"Percent"
2025-04-19,"COVID-19 hospitalizations by borough","Queens",1.2,"Percent"
2025-04-26,"COVID-19 hospitalizations by borough","Queens",1.17,"Percent"
2025-05-03,"COVID-19 hospitalizations by borough","Queens",1.05,"Percent"
2025-05-10,"COVID-19 hospitalizations by borough","Queens",0.97,"Percent"
2025-05-17,"COVID-19 hospitalizations by borough","Queens",0.56,"Percent"
2025-05-24,"COVID-19 hospitalizations by borough","Queens",0.7,"Percent"
2025-05-31,"COVID-19 hospitalizations by borough","Queens",0.94,"Percent"
2025-06-07,"COVID-19 hospitalizations by borough","Queens",0.42,"Percent"
2025-06-14,"COVID-19 hospitalizations by borough","Queens",0.6,"Percent"
2025-06-21,"COVID-19 hospitalizations by borough","Queens",0.39,"Percent"
2025-06-28,"COVID-19 hospitalizations by borough","Queens",0.55,"Percent"
2025-07-05,"COVID-19 hospitalizations by borough","Queens",0.58,"Percent"
2025-07-12,"COVID-19 hospitalizations by borough","Queens",0.49,"Percent"
2025-07-19,"COVID-19 hospitalizations by borough","Queens",0.37,"Percent"
2025-07-26,"COVID-19 hospitalizations by borough","Queens",0.51,"Percent"
2025-08-02,"COVID-19 hospitalizations by borough","Queens",0.59,"Percent"
2025-08-09,"COVID-19 hospitalizations by borough","Queens",0.53,"Percent"
2025-08-16,"COVID-19 hospitalizations by borough","Queens",0.78,"Percent"
2025-08-23,"COVID-19 hospitalizations by borough","Queens",0.82,"Percent"
2025-08-30,"COVID-19 hospitalizations by borough","Queens",0.37,"Percent"
2025-09-06,"COVID-19 hospitalizations by borough","Queens",0.58,"Percent"
2025-09-13,"COVID-19 hospitalizations by borough","Queens",0.77,"Percent"
2025-09-20,"COVID-19 hospitalizations by borough","Queens",0.64,"Percent"
2025-09-27,"COVID-19 hospitalizations by borough","Queens",0.83,"Percent"
2025-10-04,"COVID-19 hospitalizations by borough","Queens",0.47,"Percent"
2025-10-11,"COVID-19 hospitalizations by borough","Queens",0.4,"Percent"
2025-10-18,"COVID-19 hospitalizations by borough","Queens",0.61,"Percent"
2025-10-25,"COVID-19 hospitalizations by borough","Queens",0.27,"Percent"
2025-11-01,"COVID-19 hospitalizations by borough","Queens",0.5,"Percent"
2025-11-08,"COVID-19 hospitalizations by borough","Queens",0.38,"Percent"
2025-11-15,"COVID-19 hospitalizations by borough","Queens",0.45,"Percent"
2025-11-22,"COVID-19 hospitalizations by borough","Queens",0.05,"Percent"
2025-11-29,"COVID-19 hospitalizations by borough","Queens",0.45,"Percent"
2025-12-06,"COVID-19 hospitalizations by borough","Queens",0.21,"Percent"
2025-12-13,"COVID-19 hospitalizations by borough","Queens",0.17,"Percent"
2025-12-20,"COVID-19 hospitalizations by borough","Queens",0.46,"Percent"
2025-12-27,"COVID-19 hospitalizations by borough","Queens",0.29,"Percent"
2026-01-03,"COVID-19 hospitalizations by borough","Queens",0.36,"Percent"
2026-01-10,"COVID-19 hospitalizations by borough","Queens",0.21,"Percent"
2026-01-17,"COVID-19 hospitalizations by borough","Queens",0.52,"Percent"
2026-01-24,"COVID-19 hospitalizations by borough","Queens",0.14,"Percent"
2026-01-31,"COVID-19 hospitalizations by borough","Queens",0.38,"Percent"
2026-02-07,"COVID-19 hospitalizations by borough","Queens",0.09,"Percent"
2026-02-14,"COVID-19 hospitalizations by borough","Queens",0.27,"Percent"
2026-02-21,"COVID-19 hospitalizations by borough","Queens",0.35,"Percent"
2026-02-28,"COVID-19 hospitalizations by borough","Queens",0.54,"Percent"
2026-03-07,"COVID-19 hospitalizations by borough","Queens",0.38,"Percent"
2026-03-14,"COVID-19 hospitalizations by borough","Queens",0.05,"Percent"
2026-03-21,"COVID-19 hospitalizations by borough","Queens",0.23,"Percent"
2026-03-28,"COVID-19 hospitalizations by borough","Queens",0.41,"Percent"
2026-04-04,"COVID-19 hospitalizations by borough","Queens",0.14,"Percent"
2026-04-11,"COVID-19 hospitalizations by borough","Queens",0.28,"Percent"
2026-04-18,"COVID-19 hospitalizations by borough","Queens",0.44,"Percent"
2026-04-25,"COVID-19 hospitalizations by borough","Queens",0.22,"Percent"
2026-05-02,"COVID-19 hospitalizations by borough","Queens",0.18,"Percent"
2026-05-09,"COVID-19 hospitalizations by borough","Queens",0.18,"Percent"
2026-05-16,"COVID-19 hospitalizations by borough","Queens",0.18,"Percent"
2026-05-23,"COVID-19 hospitalizations by borough","Queens",0.18,"Percent"
2026-05-30,"COVID-19 hospitalizations by borough","Queens",0.19,"Percent"
2026-06-06,"COVID-19 hospitalizations by borough","Queens",0.19,"Percent"
2026-06-13,"COVID-19 hospitalizations by borough","Queens",0.07,"Percent"
2026-06-20,"COVID-19 hospitalizations by borough","Queens",0.11,"Percent"
2026-06-27,"COVID-19 hospitalizations by borough","Queens",0.08,"Percent"
2026-07-04,"COVID-19 hospitalizations by borough","Queens",0.27,"Percent"
2026-07-11,"COVID-19 hospitalizations by borough","Queens",0.18,"Percent"
2026-07-18,"COVID-19 hospitalizations by borough","Queens",0.42,"Percent"
2026-07-25,"COVID-19 hospitalizations by borough","Queens",0.41,"Percent"
2026-08-01,"COVID-19 hospitalizations by borough","Queens",0.26,"Percent"
2026-08-08,"COVID-19 hospitalizations by borough","Queens",0.26,"Percent"
2026-08-15,"COVID-19 hospitalizations by borough","Queens",0.19,"Percent"
2026-08-22,"COVID-19 hospitalizations by borough","Queens",0.46,"Percent"
2026-08-29,"COVID-19 hospitalizations by borough","Queens",0.3,"Percent"
2026-09-05,"COVID-19 hospitalizations by borough","Queens",0.42,"Percent"
2023-09-09,"COVID-19 hospitalizations by borough","Staten Island",0.89,"Percent"
2023-09-16,"COVID-19 hospitalizations by borough","Staten Island",0.47,"Percent"
2023-09-23,"COVID-19 hospitalizations by borough","Staten Island",1.24,"Percent"
2023-09-30,"COVID-19 hospitalizations by borough","Staten Island",1.07,"Percent"
2023-10-07,"COVID-19 hospitalizations by borough","Staten Island",2.11,"Percent"
2023-10-14,"COVID-19 hospitalizations by borough","Staten Island",0.62,"Percent"
2023-10-21,"COVID-19 hospitalizations by borough","Staten Island",0.92,"Percent"
2023-10-28,"COVID-19 hospitalizations by borough","Staten Island",0.45,"Percent"
2023-11-04,"COVID-19 hospitalizations by borough","Staten Island",0.89,"Percent"
2023-11-11,"COVID-19 hospitalizations by borough","Staten Island",0.9,"Percent"
2023-11-18,"COVID-19 hospitalizations by borough","Staten Island",1,"Percent"
2023-11-25,"COVID-19 hospitalizations by borough","Staten Island",0.55,"Percent"
2023-12-02,"COVID-19 hospitalizations by borough","Staten Island",0.73,"Percent"
2023-12-09,"COVID-19 hospitalizations by borough","Staten Island",1.59,"Percent"
2023-12-16,"COVID-19 hospitalizations by borough","Staten Island",1.17,"Percent"
2023-12-23,"COVID-19 hospitalizations by borough","Staten Island",1.48,"Percent"
2023-12-30,"COVID-19 hospitalizations by borough","Staten Island",2.12,"Percent"
2024-01-06,"COVID-19 hospitalizations by borough","Staten Island",2.6,"Percent"
2024-01-13,"COVID-19 hospitalizations by borough","Staten Island",3.32,"Percent"
2024-01-20,"COVID-19 hospitalizations by borough","Staten Island",2.47,"Percent"
2024-01-27,"COVID-19 hospitalizations by borough","Staten Island",1.93,"Percent"
2024-02-03,"COVID-19 hospitalizations by borough","Staten Island",1.64,"Percent"
2024-02-10,"COVID-19 hospitalizations by borough","Staten Island",1.39,"Percent"
2024-02-17,"COVID-19 hospitalizations by borough","Staten Island",1.36,"Percent"
2024-02-24,"COVID-19 hospitalizations by borough","Staten Island",0.95,"Percent"
2024-03-02,"COVID-19 hospitalizations by borough","Staten Island",0.29,"Percent"
2024-03-09,"COVID-19 hospitalizations by borough","Staten Island",0.44,"Percent"
2024-03-16,"COVID-19 hospitalizations by borough","Staten Island",0.43,"Percent"
2024-03-23,"COVID-19 hospitalizations by borough","Staten Island",0.29,"Percent"
2024-03-30,"COVID-19 hospitalizations by borough","Staten Island",0,"Percent"
2024-04-06,"COVID-19 hospitalizations by borough","Staten Island",0.6,"Percent"
2024-04-13,"COVID-19 hospitalizations by borough","Staten Island",0.56,"Percent"
2024-04-20,"COVID-19 hospitalizations by borough","Staten Island",0.29,"Percent"
2024-04-27,"COVID-19 hospitalizations by borough","Staten Island",0.14,"Percent"
2024-05-04,"COVID-19 hospitalizations by borough","Staten Island",0.13,"Percent"
2024-05-11,"COVID-19 hospitalizations by borough","Staten Island",0.14,"Percent"
2024-05-18,"COVID-19 hospitalizations by borough","Staten Island",0.27,"Percent"
2024-05-25,"COVID-19 hospitalizations by borough","Staten Island",1.09,"Percent"
2024-06-01,"COVID-19 hospitalizations by borough","Staten Island",0.28,"Percent"
2024-06-08,"COVID-19 hospitalizations by borough","Staten Island",0.43,"Percent"
2024-06-15,"COVID-19 hospitalizations by borough","Staten Island",0.58,"Percent"
2024-06-22,"COVID-19 hospitalizations by borough","Staten Island",0.15,"Percent"
2024-06-29,"COVID-19 hospitalizations by borough","Staten Island",0.45,"Percent"
2024-07-06,"COVID-19 hospitalizations by borough","Staten Island",1.77,"Percent"
2024-07-13,"COVID-19 hospitalizations by borough","Staten Island",0.31,"Percent"
2024-07-20,"COVID-19 hospitalizations by borough","Staten Island",0.64,"Percent"
2024-07-27,"COVID-19 hospitalizations by borough","Staten Island",0,"Percent"
2024-08-03,"COVID-19 hospitalizations by borough","Staten Island",1.64,"Percent"
2024-08-10,"COVID-19 hospitalizations by borough","Staten Island",1.09,"Percent"
2024-08-17,"COVID-19 hospitalizations by borough","Staten Island",1.02,"Percent"
2024-08-24,"COVID-19 hospitalizations by borough","Staten Island",1.9,"Percent"
2024-08-31,"COVID-19 hospitalizations by borough","Staten Island",0.29,"Percent"
2024-09-07,"COVID-19 hospitalizations by borough","Staten Island",0.15,"Percent"
2024-09-14,"COVID-19 hospitalizations by borough","Staten Island",0.72,"Percent"
2024-09-21,"COVID-19 hospitalizations by borough","Staten Island",0.41,"Percent"
2024-09-28,"COVID-19 hospitalizations by borough","Staten Island",0.76,"Percent"
2024-10-05,"COVID-19 hospitalizations by borough","Staten Island",0.63,"Percent"
2024-10-12,"COVID-19 hospitalizations by borough","Staten Island",0.47,"Percent"
2024-10-19,"COVID-19 hospitalizations by borough","Staten Island",0.16,"Percent"
2024-10-26,"COVID-19 hospitalizations by borough","Staten Island",0.28,"Percent"
2024-11-02,"COVID-19 hospitalizations by borough","Staten Island",0.47,"Percent"
2024-11-09,"COVID-19 hospitalizations by borough","Staten Island",0.48,"Percent"
2024-11-16,"COVID-19 hospitalizations by borough","Staten Island",0.16,"Percent"
2024-11-23,"COVID-19 hospitalizations by borough","Staten Island",0.14,"Percent"
2024-11-30,"COVID-19 hospitalizations by borough","Staten Island",0.32,"Percent"
2024-12-07,"COVID-19 hospitalizations by borough","Staten Island",0.15,"Percent"
2024-12-14,"COVID-19 hospitalizations by borough","Staten Island",0.28,"Percent"
2024-12-21,"COVID-19 hospitalizations by borough","Staten Island",0,"Percent"
2024-12-28,"COVID-19 hospitalizations by borough","Staten Island",1,"Percent"
2025-01-04,"COVID-19 hospitalizations by borough","Staten Island",1.8,"Percent"
2025-01-11,"COVID-19 hospitalizations by borough","Staten Island",0.58,"Percent"
2025-01-18,"COVID-19 hospitalizations by borough","Staten Island",0.54,"Percent"
2025-01-25,"COVID-19 hospitalizations by borough","Staten Island",0.58,"Percent"
2025-02-01,"COVID-19 hospitalizations by borough","Staten Island",0.71,"Percent"
2025-02-08,"COVID-19 hospitalizations by borough","Staten Island",0.78,"Percent"
2025-02-15,"COVID-19 hospitalizations by borough","Staten Island",0.61,"Percent"
2025-02-22,"COVID-19 hospitalizations by borough","Staten Island",1.24,"Percent"
2025-03-01,"COVID-19 hospitalizations by borough","Staten Island",1.49,"Percent"
2025-03-08,"COVID-19 hospitalizations by borough","Staten Island",0.31,"Percent"
2025-03-15,"COVID-19 hospitalizations by borough","Staten Island",0.78,"Percent"
2025-03-22,"COVID-19 hospitalizations by borough","Staten Island",0.87,"Percent"
2025-03-29,"COVID-19 hospitalizations by borough","Staten Island",0.63,"Percent"
2025-04-05,"COVID-19 hospitalizations by borough","Staten Island",0.63,"Percent"
2025-04-12,"COVID-19 hospitalizations by borough","Staten Island",0.3,"Percent"
2025-04-19,"COVID-19 hospitalizations by borough","Staten Island",0.14,"Percent"
2025-04-26,"COVID-19 hospitalizations by borough","Staten Island",0.14,"Percent"
2025-05-03,"COVID-19 hospitalizations by borough","Staten Island",0.56,"Percent"
2025-05-10,"COVID-19 hospitalizations by borough","Staten Island",0.31,"Percent"
2025-05-17,"COVID-19 hospitalizations by borough","Staten Island",0.74,"Percent"
2025-05-24,"COVID-19 hospitalizations by borough","Staten Island",0.15,"Percent"
2025-05-31,"COVID-19 hospitalizations by borough","Staten Island",0.29,"Percent"
2025-06-07,"COVID-19 hospitalizations by borough","Staten Island",0.3,"Percent"
2025-06-14,"COVID-19 hospitalizations by borough","Staten Island",0.48,"Percent"
2025-06-21,"COVID-19 hospitalizations by borough","Staten Island",0,"Percent"
2025-06-28,"COVID-19 hospitalizations by borough","Staten Island",0.15,"Percent"
2025-07-05,"COVID-19 hospitalizations by borough","Staten Island",0,"Percent"
2025-07-12,"COVID-19 hospitalizations by borough","Staten Island",0.15,"Percent"
2025-07-19,"COVID-19 hospitalizations by borough","Staten Island",0.14,"Percent"
2025-07-26,"COVID-19 hospitalizations by borough","Staten Island",0,"Percent"
2025-08-02,"COVID-19 hospitalizations by borough","Staten Island",0.16,"Percent"
2025-08-09,"COVID-19 hospitalizations by borough","Staten Island",0,"Percent"
2025-08-16,"COVID-19 hospitalizations by borough","Staten Island",0.65,"Percent"
2025-08-23,"COVID-19 hospitalizations by borough","Staten Island",0.59,"Percent"
2025-08-30,"COVID-19 hospitalizations by borough","Staten Island",0.31,"Percent"
2025-09-06,"COVID-19 hospitalizations by borough","Staten Island",0,"Percent"
2025-09-13,"COVID-19 hospitalizations by borough","Staten Island",0.15,"Percent"
2025-09-20,"COVID-19 hospitalizations by borough","Staten Island",0.15,"Percent"
2025-09-27,"COVID-19 hospitalizations by borough","Staten Island",0.29,"Percent"
2025-10-04,"COVID-19 hospitalizations by borough","Staten Island",0.3,"Percent"
2025-10-11,"COVID-19 hospitalizations by borough","Staten Island",0.62,"Percent"
2025-10-18,"COVID-19 hospitalizations by borough","Staten Island",0.3,"Percent"
2025-10-25,"COVID-19 hospitalizations by borough","Staten Island",0.15,"Percent"
2025-11-01,"COVID-19 hospitalizations by borough","Staten Island",0,"Percent"
2025-11-08,"COVID-19 hospitalizations by borough","Staten Island",0.4,"Percent"
2025-11-15,"COVID-19 hospitalizations by borough","Staten Island",0.3,"Percent"
2025-11-22,"COVID-19 hospitalizations by borough","Staten Island",0.28,"Percent"
2025-11-29,"COVID-19 hospitalizations by borough","Staten Island",0.6,"Percent"
2025-12-06,"COVID-19 hospitalizations by borough","Staten Island",0.41,"Percent"
2025-12-13,"COVID-19 hospitalizations by borough","Staten Island",0.41,"Percent"
2025-12-20,"COVID-19 hospitalizations by borough","Staten Island",0.5,"Percent"
2025-12-27,"COVID-19 hospitalizations by borough","Staten Island",0.61,"Percent"
2026-01-03,"COVID-19 hospitalizations by borough","Staten Island",0.64,"Percent"
2026-01-10,"COVID-19 hospitalizations by borough","Staten Island",0.85,"Percent"
2026-01-17,"COVID-19 hospitalizations by borough","Staten Island",1.03,"Percent"
2026-01-24,"COVID-19 hospitalizations by borough","Staten Island",0.42,"Percent"
2026-01-31,"COVID-19 hospitalizations by borough","Staten Island",0.43,"Percent"
2026-02-07,"COVID-19 hospitalizations by borough","Staten Island",0.69,"Percent"
2026-02-14,"COVID-19 hospitalizations by borough","Staten Island",0.56,"Percent"
2026-02-21,"COVID-19 hospitalizations by borough","Staten Island",0.16,"Percent"
2026-02-28,"COVID-19 hospitalizations by borough","Staten Island",0.76,"Percent"
2026-03-07,"COVID-19 hospitalizations by borough","Staten Island",0,"Percent"
2026-03-14,"COVID-19 hospitalizations by borough","Staten Island",0,"Percent"
2026-03-21,"COVID-19 hospitalizations by borough","Staten Island",0.22,"Percent"
2026-03-28,"COVID-19 hospitalizations by borough","Staten Island",0,"Percent"
2026-04-04,"COVID-19 hospitalizations by borough","Staten Island",0,"Percent"
2026-04-11,"COVID-19 hospitalizations by borough","Staten Island",0.52,"Percent"
2026-04-18,"COVID-19 hospitalizations by borough","Staten Island",0.16,"Percent"
2026-04-25,"COVID-19 hospitalizations by borough","Staten Island",0.41,"Percent"
2026-05-02,"COVID-19 hospitalizations by borough","Staten Island",0,"Percent"
2026-05-09,"COVID-19 hospitalizations by borough","Staten Island",0.14,"Percent"
2026-05-16,"COVID-19 hospitalizations by borough","Staten Island",0.14,"Percent"
2026-05-23,"COVID-19 hospitalizations by borough","Staten Island",0.5,"Percent"
2026-05-30,"COVID-19 hospitalizations by borough","Staten Island",0,"Percent"
2026-06-06,"COVID-19 hospitalizations by borough","Staten Island",0.4,"Percent"
2026-06-13,"COVID-19 hospitalizations by borough","Staten Island",0.13,"Percent"
2026-06-20,"COVID-19 hospitalizations by borough","Staten Island",0,"Percent"
2026-06-27,"COVID-19 hospitalizations by borough","Staten Island",0,"Percent"
2026-07-04,"COVID-19 hospitalizations by borough","Staten Island",0,"Percent"
2026-07-11,"COVID-19 hospitalizations by borough","Staten Island",0,"Percent"
2026-07-18,"COVID-19 hospitalizations by borough","Staten Island",0.41,"Percent"
2026-07-25,"COVID-19 hospitalizations by borough","Staten Island",0.14,"Percent"
2026-08-01,"COVID-19 hospitalizations by borough","Staten Island",0.12,"Percent"
2026-08-08,"COVID-19 hospitalizations by borough","Staten Island",0.25,"Percent"
2026-08-15,"COVID-19 hospitalizations by borough","Staten Island",0.13,"Percent"
2026-08-22,"COVID-19 hospitalizations by borough","Staten Island",0.13,"Percent"
2026-08-29,"COVID-19 hospitalizations by borough","Staten Island",0.14,"Percent"
2026-09-05,"COVID-19 hospitalizations by borough","Staten Island",0.52,"Percent"
2023-09-09,"Influenza visits by borough","Bronx",0.15,"Percent"
2023-09-16,"Influenza visits by borough","Bronx",0.14,"Percent"
2023-09-23,"Influenza visits by borough","Bronx",0.22,"Percent"
2023-09-30,"Influenza visits by borough","Bronx",0.17,"Percent"
2023-10-07,"Influenza visits by borough","Bronx",0.18,"Percent"
2023-10-14,"Influenza visits by borough","Bronx",0.19,"Percent"
2023-10-21,"Influenza visits by borough","Bronx",0.23,"Percent"
2023-10-28,"Influenza visits by borough","Bronx",0.23,"Percent"
2023-11-04,"Influenza visits by borough","Bronx",0.25,"Percent"
2023-11-11,"Influenza visits by borough","Bronx",0.41,"Percent"
2023-11-18,"Influenza visits by borough","Bronx",0.55,"Percent"
2023-11-25,"Influenza visits by borough","Bronx",0.74,"Percent"
2023-12-02,"Influenza visits by borough","Bronx",1.3,"Percent"
2023-12-09,"Influenza visits by borough","Bronx",2.1,"Percent"
2023-12-16,"Influenza visits by borough","Bronx",3.29,"Percent"
2023-12-23,"Influenza visits by borough","Bronx",3.99,"Percent"
2023-12-30,"Influenza visits by borough","Bronx",4.85,"Percent"
2024-01-06,"Influenza visits by borough","Bronx",3.22,"Percent"
2024-01-13,"Influenza visits by borough","Bronx",2.98,"Percent"
2024-01-20,"Influenza visits by borough","Bronx",2.81,"Percent"
2024-01-27,"Influenza visits by borough","Bronx",2.72,"Percent"
2024-02-03,"Influenza visits by borough","Bronx",2.51,"Percent"
2024-02-10,"Influenza visits by borough","Bronx",2.73,"Percent"
2024-02-17,"Influenza visits by borough","Bronx",2.64,"Percent"
2024-02-24,"Influenza visits by borough","Bronx",2.68,"Percent"
2024-03-02,"Influenza visits by borough","Bronx",2.08,"Percent"
2024-03-09,"Influenza visits by borough","Bronx",1.61,"Percent"
2024-03-16,"Influenza visits by borough","Bronx",1.48,"Percent"
2024-03-23,"Influenza visits by borough","Bronx",1.28,"Percent"
2024-03-30,"Influenza visits by borough","Bronx",1.17,"Percent"
2024-04-06,"Influenza visits by borough","Bronx",0.95,"Percent"
2024-04-13,"Influenza visits by borough","Bronx",0.75,"Percent"
2024-04-20,"Influenza visits by borough","Bronx",0.48,"Percent"
2024-04-27,"Influenza visits by borough","Bronx",0.5,"Percent"
2024-05-04,"Influenza visits by borough","Bronx",0.43,"Percent"
2024-05-11,"Influenza visits by borough","Bronx",0.33,"Percent"
2024-05-18,"Influenza visits by borough","Bronx",0.26,"Percent"
2024-05-25,"Influenza visits by borough","Bronx",0.23,"Percent"
2024-06-01,"Influenza visits by borough","Bronx",0.15,"Percent"
2024-06-08,"Influenza visits by borough","Bronx",0.11,"Percent"
2024-06-15,"Influenza visits by borough","Bronx",0.12,"Percent"
2024-06-22,"Influenza visits by borough","Bronx",0.15,"Percent"
2024-06-29,"Influenza visits by borough","Bronx",0.1,"Percent"
2024-07-06,"Influenza visits by borough","Bronx",0.12,"Percent"
2024-07-13,"Influenza visits by borough","Bronx",0.07,"Percent"
2024-07-20,"Influenza visits by borough","Bronx",0.14,"Percent"
2024-07-27,"Influenza visits by borough","Bronx",0.15,"Percent"
2024-08-03,"Influenza visits by borough","Bronx",0.06,"Percent"
2024-08-10,"Influenza visits by borough","Bronx",0.06,"Percent"
2024-08-17,"Influenza visits by borough","Bronx",0.09,"Percent"
2024-08-24,"Influenza visits by borough","Bronx",0.04,"Percent"
2024-08-31,"Influenza visits by borough","Bronx",0.03,"Percent"
2024-09-07,"Influenza visits by borough","Bronx",0.04,"Percent"
2024-09-14,"Influenza visits by borough","Bronx",0.05,"Percent"
2024-09-21,"Influenza visits by borough","Bronx",0.04,"Percent"
2024-09-28,"Influenza visits by borough","Bronx",0.03,"Percent"
2024-10-05,"Influenza visits by borough","Bronx",0.04,"Percent"
2024-10-12,"Influenza visits by borough","Bronx",0.05,"Percent"
2024-10-19,"Influenza visits by borough","Bronx",0.06,"Percent"
2024-10-26,"Influenza visits by borough","Bronx",0.09,"Percent"
2024-11-02,"Influenza visits by borough","Bronx",0.1,"Percent"
2024-11-09,"Influenza visits by borough","Bronx",0.13,"Percent"
2024-11-16,"Influenza visits by borough","Bronx",0.13,"Percent"
2024-11-23,"Influenza visits by borough","Bronx",0.21,"Percent"
2024-11-30,"Influenza visits by borough","Bronx",0.31,"Percent"
2024-12-07,"Influenza visits by borough","Bronx",0.5,"Percent"
2024-12-14,"Influenza visits by borough","Bronx",1.14,"Percent"
2024-12-21,"Influenza visits by borough","Bronx",2.29,"Percent"
2024-12-28,"Influenza visits by borough","Bronx",4.18,"Percent"
2025-01-04,"Influenza visits by borough","Bronx",5.32,"Percent"
2025-01-11,"Influenza visits by borough","Bronx",4.89,"Percent"
2025-01-18,"Influenza visits by borough","Bronx",6.59,"Percent"
2025-01-25,"Influenza visits by borough","Bronx",7.21,"Percent"
2025-02-01,"Influenza visits by borough","Bronx",6.42,"Percent"
2025-02-08,"Influenza visits by borough","Bronx",5.3,"Percent"
2025-02-15,"Influenza visits by borough","Bronx",4.63,"Percent"
2025-02-22,"Influenza visits by borough","Bronx",3.51,"Percent"
2025-03-01,"Influenza visits by borough","Bronx",2.4,"Percent"
2025-03-08,"Influenza visits by borough","Bronx",2.1,"Percent"
2025-03-15,"Influenza visits by borough","Bronx",1.7,"Percent"
2025-03-22,"Influenza visits by borough","Bronx",1.45,"Percent"
2025-03-29,"Influenza visits by borough","Bronx",1.31,"Percent"
2025-04-05,"Influenza visits by borough","Bronx",1.27,"Percent"
2025-04-12,"Influenza visits by borough","Bronx",0.83,"Percent"
2025-04-19,"Influenza visits by borough","Bronx",0.68,"Percent"
2025-04-26,"Influenza visits by borough","Bronx",0.48,"Percent"
2025-05-03,"Influenza visits by borough","Bronx",0.21,"Percent"
2025-05-10,"Influenza visits by borough","Bronx",0.16,"Percent"
2025-05-17,"Influenza visits by borough","Bronx",0.16,"Percent"
2025-05-24,"Influenza visits by borough","Bronx",0.1,"Percent"
2025-05-31,"Influenza visits by borough","Bronx",0.08,"Percent"
2025-06-07,"Influenza visits by borough","Bronx",0.1,"Percent"
2025-06-14,"Influenza visits by borough","Bronx",0.11,"Percent"
2025-06-21,"Influenza visits by borough","Bronx",0.13,"Percent"
2025-06-28,"Influenza visits by borough","Bronx",0.03,"Percent"
2025-07-05,"Influenza visits by borough","Bronx",0.07,"Percent"
2025-07-12,"Influenza visits by borough","Bronx",0.05,"Percent"
2025-07-19,"Influenza visits by borough","Bronx",0.06,"Percent"
2025-07-26,"Influenza visits by borough","Bronx",0.03,"Percent"
2025-08-02,"Influenza visits by borough","Bronx",0.04,"Percent"
2025-08-09,"Influenza visits by borough","Bronx",0.05,"Percent"
2025-08-16,"Influenza visits by borough","Bronx",0.05,"Percent"
2025-08-23,"Influenza visits by borough","Bronx",0.07,"Percent"
2025-08-30,"Influenza visits by borough","Bronx",0.04,"Percent"
2025-09-06,"Influenza visits by borough","Bronx",0.07,"Percent"
2025-09-13,"Influenza visits by borough","Bronx",0.06,"Percent"
2025-09-20,"Influenza visits by borough","Bronx",0.07,"Percent"
2025-09-27,"Influenza visits by borough","Bronx",0.07,"Percent"
2025-10-04,"Influenza visits by borough","Bronx",0.07,"Percent"
2025-10-11,"Influenza visits by borough","Bronx",0.05,"Percent"
2025-10-18,"Influenza visits by borough","Bronx",0.03,"Percent"
2025-10-25,"Influenza visits by borough","Bronx",0.09,"Percent"
2025-11-01,"Influenza visits by borough","Bronx",0.15,"Percent"
2025-11-08,"Influenza visits by borough","Bronx",0.31,"Percent"
2025-11-15,"Influenza visits by borough","Bronx",0.38,"Percent"
2025-11-22,"Influenza visits by borough","Bronx",1.31,"Percent"
2025-11-29,"Influenza visits by borough","Bronx",3.48,"Percent"
2025-12-06,"Influenza visits by borough","Bronx",4.59,"Percent"
2025-12-13,"Influenza visits by borough","Bronx",7.94,"Percent"
2025-12-20,"Influenza visits by borough","Bronx",10.23,"Percent"
2025-12-27,"Influenza visits by borough","Bronx",8.58,"Percent"
2026-01-03,"Influenza visits by borough","Bronx",4.7,"Percent"
2026-01-10,"Influenza visits by borough","Bronx",2.18,"Percent"
2026-01-17,"Influenza visits by borough","Bronx",0.97,"Percent"
2026-01-24,"Influenza visits by borough","Bronx",0.7,"Percent"
2026-01-31,"Influenza visits by borough","Bronx",0.5,"Percent"
2026-02-07,"Influenza visits by borough","Bronx",0.33,"Percent"
2026-02-14,"Influenza visits by borough","Bronx",0.46,"Percent"
2026-02-21,"Influenza visits by borough","Bronx",0.64,"Percent"
2026-02-28,"Influenza visits by borough","Bronx",0.66,"Percent"
2026-03-07,"Influenza visits by borough","Bronx",0.71,"Percent"
2026-03-14,"Influenza visits by borough","Bronx",1.02,"Percent"
2026-03-21,"Influenza visits by borough","Bronx",1.05,"Percent"
2026-03-28,"Influenza visits by borough","Bronx",1.33,"Percent"
2026-04-04,"Influenza visits by borough","Bronx",1.14,"Percent"
2026-04-11,"Influenza visits by borough","Bronx",0.84,"Percent"
2026-04-18,"Influenza visits by borough","Bronx",0.6,"Percent"
2026-04-25,"Influenza visits by borough","Bronx",0.41,"Percent"
2026-05-02,"Influenza visits by borough","Bronx",0.43,"Percent"
2026-05-09,"Influenza visits by borough","Bronx",0.41,"Percent"
2026-05-16,"Influenza visits by borough","Bronx",0.4,"Percent"
2026-05-23,"Influenza visits by borough","Bronx",0.34,"Percent"
2026-05-30,"Influenza visits by borough","Bronx",0.19,"Percent"
2026-06-06,"Influenza visits by borough","Bronx",0.15,"Percent"
2026-06-13,"Influenza visits by borough","Bronx",0.13,"Percent"
2026-06-20,"Influenza visits by borough","Bronx",0.07,"Percent"
2026-06-27,"Influenza visits by borough","Bronx",0.07,"Percent"
2026-07-04,"Influenza visits by borough","Bronx",0.04,"Percent"
2026-07-11,"Influenza visits by borough","Bronx",0.06,"Percent"
2026-07-18,"Influenza visits by borough","Bronx",0.05,"Percent"
2026-07-25,"Influenza visits by borough","Bronx",0.01,"Percent"
2026-08-01,"Influenza visits by borough","Bronx",0.03,"Percent"
2026-08-08,"Influenza visits by borough","Bronx",0.05,"Percent"
2026-08-15,"Influenza visits by borough","Bronx",0.06,"Percent"
2026-08-22,"Influenza visits by borough","Bronx",0.01,"Percent"
2026-08-29,"Influenza visits by borough","Bronx",0.03,"Percent"
2026-09-05,"Influenza visits by borough","Bronx",0.05,"Percent"
2023-09-09,"Influenza visits by borough","Brooklyn",0.09,"Percent"
2023-09-16,"Influenza visits by borough","Brooklyn",0.08,"Percent"
2023-09-23,"Influenza visits by borough","Brooklyn",0.1,"Percent"
2023-09-30,"Influenza visits by borough","Brooklyn",0.09,"Percent"
2023-10-07,"Influenza visits by borough","Brooklyn",0.11,"Percent"
2023-10-14,"Influenza visits by borough","Brooklyn",0.1,"Percent"
2023-10-21,"Influenza visits by borough","Brooklyn",0.13,"Percent"
2023-10-28,"Influenza visits by borough","Brooklyn",0.14,"Percent"
2023-11-04,"Influenza visits by borough","Brooklyn",0.13,"Percent"
2023-11-11,"Influenza visits by borough","Brooklyn",0.29,"Percent"
2023-11-18,"Influenza visits by borough","Brooklyn",0.48,"Percent"
2023-11-25,"Influenza visits by borough","Brooklyn",0.73,"Percent"
2023-12-02,"Influenza visits by borough","Brooklyn",1.1,"Percent"
2023-12-09,"Influenza visits by borough","Brooklyn",1.56,"Percent"
2023-12-16,"Influenza visits by borough","Brooklyn",2.73,"Percent"
2023-12-23,"Influenza visits by borough","Brooklyn",3.51,"Percent"
2023-12-30,"Influenza visits by borough","Brooklyn",4.47,"Percent"
2024-01-06,"Influenza visits by borough","Brooklyn",3.15,"Percent"
2024-01-13,"Influenza visits by borough","Brooklyn",2.83,"Percent"
2024-01-20,"Influenza visits by borough","Brooklyn",2.78,"Percent"
2024-01-27,"Influenza visits by borough","Brooklyn",2.77,"Percent"
2024-02-03,"Influenza visits by borough","Brooklyn",2.34,"Percent"
2024-02-10,"Influenza visits by borough","Brooklyn",2.18,"Percent"
2024-02-17,"Influenza visits by borough","Brooklyn",2.11,"Percent"
2024-02-24,"Influenza visits by borough","Brooklyn",2.07,"Percent"
2024-03-02,"Influenza visits by borough","Brooklyn",1.95,"Percent"
2024-03-09,"Influenza visits by borough","Brooklyn",1.49,"Percent"
2024-03-16,"Influenza visits by borough","Brooklyn",1.23,"Percent"
2024-03-23,"Influenza visits by borough","Brooklyn",0.92,"Percent"
2024-03-30,"Influenza visits by borough","Brooklyn",1.05,"Percent"
2024-04-06,"Influenza visits by borough","Brooklyn",1.1,"Percent"
2024-04-13,"Influenza visits by borough","Brooklyn",0.85,"Percent"
2024-04-20,"Influenza visits by borough","Brooklyn",0.63,"Percent"
2024-04-27,"Influenza visits by borough","Brooklyn",0.51,"Percent"
2024-05-04,"Influenza visits by borough","Brooklyn",0.43,"Percent"
2024-05-11,"Influenza visits by borough","Brooklyn",0.26,"Percent"
2024-05-18,"Influenza visits by borough","Brooklyn",0.16,"Percent"
2024-05-25,"Influenza visits by borough","Brooklyn",0.12,"Percent"
2024-06-01,"Influenza visits by borough","Brooklyn",0.06,"Percent"
2024-06-08,"Influenza visits by borough","Brooklyn",0.08,"Percent"
2024-06-15,"Influenza visits by borough","Brooklyn",0.1,"Percent"
2024-06-22,"Influenza visits by borough","Brooklyn",0.07,"Percent"
2024-06-29,"Influenza visits by borough","Brooklyn",0.1,"Percent"
2024-07-06,"Influenza visits by borough","Brooklyn",0.08,"Percent"
2024-07-13,"Influenza visits by borough","Brooklyn",0.11,"Percent"
2024-07-20,"Influenza visits by borough","Brooklyn",0.06,"Percent"
2024-07-27,"Influenza visits by borough","Brooklyn",0.07,"Percent"
2024-08-03,"Influenza visits by borough","Brooklyn",0.05,"Percent"
2024-08-10,"Influenza visits by borough","Brooklyn",0.04,"Percent"
2024-08-17,"Influenza visits by borough","Brooklyn",0.05,"Percent"
2024-08-24,"Influenza visits by borough","Brooklyn",0.03,"Percent"
2024-08-31,"Influenza visits by borough","Brooklyn",0.03,"Percent"
2024-09-07,"Influenza visits by borough","Brooklyn",0.07,"Percent"
2024-09-14,"Influenza visits by borough","Brooklyn",0.06,"Percent"
2024-09-21,"Influenza visits by borough","Brooklyn",0.07,"Percent"
2024-09-28,"Influenza visits by borough","Brooklyn",0.05,"Percent"
2024-10-05,"Influenza visits by borough","Brooklyn",0.05,"Percent"
2024-10-12,"Influenza visits by borough","Brooklyn",0.07,"Percent"
2024-10-19,"Influenza visits by borough","Brooklyn",0.05,"Percent"
2024-10-26,"Influenza visits by borough","Brooklyn",0.07,"Percent"
2024-11-02,"Influenza visits by borough","Brooklyn",0.11,"Percent"
2024-11-09,"Influenza visits by borough","Brooklyn",0.1,"Percent"
2024-11-16,"Influenza visits by borough","Brooklyn",0.14,"Percent"
2024-11-23,"Influenza visits by borough","Brooklyn",0.27,"Percent"
2024-11-30,"Influenza visits by borough","Brooklyn",0.4,"Percent"
2024-12-07,"Influenza visits by borough","Brooklyn",0.71,"Percent"
2024-12-14,"Influenza visits by borough","Brooklyn",1.51,"Percent"
2024-12-21,"Influenza visits by borough","Brooklyn",2.31,"Percent"
2024-12-28,"Influenza visits by borough","Brooklyn",4.14,"Percent"
2025-01-04,"Influenza visits by borough","Brooklyn",4.6,"Percent"
2025-01-11,"Influenza visits by borough","Brooklyn",4.33,"Percent"
2025-01-18,"Influenza visits by borough","Brooklyn",5.44,"Percent"
2025-01-25,"Influenza visits by borough","Brooklyn",6.16,"Percent"
2025-02-01,"Influenza visits by borough","Brooklyn",5.27,"Percent"
2025-02-08,"Influenza visits by borough","Brooklyn",4.78,"Percent"
2025-02-15,"Influenza visits by borough","Brooklyn",3.47,"Percent"
2025-02-22,"Influenza visits by borough","Brooklyn",2.92,"Percent"
2025-03-01,"Influenza visits by borough","Brooklyn",2.29,"Percent"
2025-03-08,"Influenza visits by borough","Brooklyn",1.88,"Percent"
2025-03-15,"Influenza visits by borough","Brooklyn",1.51,"Percent"
2025-03-22,"Influenza visits by borough","Brooklyn",1.28,"Percent"
2025-03-29,"Influenza visits by borough","Brooklyn",0.99,"Percent"
2025-04-05,"Influenza visits by borough","Brooklyn",0.84,"Percent"
2025-04-12,"Influenza visits by borough","Brooklyn",0.6,"Percent"
2025-04-19,"Influenza visits by borough","Brooklyn",0.31,"Percent"
2025-04-26,"Influenza visits by borough","Brooklyn",0.26,"Percent"
2025-05-03,"Influenza visits by borough","Brooklyn",0.27,"Percent"
2025-05-10,"Influenza visits by borough","Brooklyn",0.18,"Percent"
2025-05-17,"Influenza visits by borough","Brooklyn",0.15,"Percent"
2025-05-24,"Influenza visits by borough","Brooklyn",0.14,"Percent"
2025-05-31,"Influenza visits by borough","Brooklyn",0.09,"Percent"
2025-06-07,"Influenza visits by borough","Brooklyn",0.09,"Percent"
2025-06-14,"Influenza visits by borough","Brooklyn",0.06,"Percent"
2025-06-21,"Influenza visits by borough","Brooklyn",0.06,"Percent"
2025-06-28,"Influenza visits by borough","Brooklyn",0.08,"Percent"
2025-07-05,"Influenza visits by borough","Brooklyn",0.04,"Percent"
2025-07-12,"Influenza visits by borough","Brooklyn",0.04,"Percent"
2025-07-19,"Influenza visits by borough","Brooklyn",0.05,"Percent"
2025-07-26,"Influenza visits by borough","Brooklyn",0.01,"Percent"
2025-08-02,"Influenza visits by borough","Brooklyn",0.03,"Percent"
2025-08-09,"Influenza visits by borough","Brooklyn",0.01,"Percent"
2025-08-16,"Influenza visits by borough","Brooklyn",0.02,"Percent"
2025-08-23,"Influenza visits by borough","Brooklyn",0.04,"Percent"
2025-08-30,"Influenza visits by borough","Brooklyn",0.01,"Percent"
2025-09-06,"Influenza visits by borough","Brooklyn",0.06,"Percent"
2025-09-13,"Influenza visits by borough","Brooklyn",0.04,"Percent"
2025-09-20,"Influenza visits by borough","Brooklyn",0.05,"Percent"
2025-09-27,"Influenza visits by borough","Brooklyn",0.04,"Percent"
2025-10-04,"Influenza visits by borough","Brooklyn",0.08,"Percent"
2025-10-11,"Influenza visits by borough","Brooklyn",0.06,"Percent"
2025-10-18,"Influenza visits by borough","Brooklyn",0.15,"Percent"
2025-10-25,"Influenza visits by borough","Brooklyn",0.16,"Percent"
2025-11-01,"Influenza visits by borough","Brooklyn",0.31,"Percent"
2025-11-08,"Influenza visits by borough","Brooklyn",0.49,"Percent"
2025-11-15,"Influenza visits by borough","Brooklyn",0.85,"Percent"
2025-11-22,"Influenza visits by borough","Brooklyn",1.9,"Percent"
2025-11-29,"Influenza visits by borough","Brooklyn",3.3,"Percent"
2025-12-06,"Influenza visits by borough","Brooklyn",3.97,"Percent"
2025-12-13,"Influenza visits by borough","Brooklyn",6.27,"Percent"
2025-12-20,"Influenza visits by borough","Brooklyn",7.84,"Percent"
2025-12-27,"Influenza visits by borough","Brooklyn",7.18,"Percent"
2026-01-03,"Influenza visits by borough","Brooklyn",4.63,"Percent"
2026-01-10,"Influenza visits by borough","Brooklyn",2.37,"Percent"
2026-01-17,"Influenza visits by borough","Brooklyn",1.24,"Percent"
2026-01-24,"Influenza visits by borough","Brooklyn",0.8,"Percent"
2026-01-31,"Influenza visits by borough","Brooklyn",0.43,"Percent"
2026-02-07,"Influenza visits by borough","Brooklyn",0.42,"Percent"
2026-02-14,"Influenza visits by borough","Brooklyn",0.53,"Percent"
2026-02-21,"Influenza visits by borough","Brooklyn",0.67,"Percent"
2026-02-28,"Influenza visits by borough","Brooklyn",0.61,"Percent"
2026-03-07,"Influenza visits by borough","Brooklyn",0.77,"Percent"
2026-03-14,"Influenza visits by borough","Brooklyn",1,"Percent"
2026-03-21,"Influenza visits by borough","Brooklyn",0.95,"Percent"
2026-03-28,"Influenza visits by borough","Brooklyn",1.15,"Percent"
2026-04-04,"Influenza visits by borough","Brooklyn",0.96,"Percent"
2026-04-11,"Influenza visits by borough","Brooklyn",0.74,"Percent"
2026-04-18,"Influenza visits by borough","Brooklyn",0.36,"Percent"
2026-04-25,"Influenza visits by borough","Brooklyn",0.3,"Percent"
2026-05-02,"Influenza visits by borough","Brooklyn",0.31,"Percent"
2026-05-09,"Influenza visits by borough","Brooklyn",0.32,"Percent"
2026-05-16,"Influenza visits by borough","Brooklyn",0.26,"Percent"
2026-05-23,"Influenza visits by borough","Brooklyn",0.18,"Percent"
2026-05-30,"Influenza visits by borough","Brooklyn",0.1,"Percent"
2026-06-06,"Influenza visits by borough","Brooklyn",0.06,"Percent"
2026-06-13,"Influenza visits by borough","Brooklyn",0.08,"Percent"
2026-06-20,"Influenza visits by borough","Brooklyn",0.03,"Percent"
2026-06-27,"Influenza visits by borough","Brooklyn",0.04,"Percent"
2026-07-04,"Influenza visits by borough","Brooklyn",0.03,"Percent"
2026-07-11,"Influenza visits by borough","Brooklyn",0.02,"Percent"
2026-07-18,"Influenza visits by borough","Brooklyn",0.07,"Percent"
2026-07-25,"Influenza visits by borough","Brooklyn",0.02,"Percent"
2026-08-01,"Influenza visits by borough","Brooklyn",0.05,"Percent"
2026-08-08,"Influenza visits by borough","Brooklyn",0.03,"Percent"
2026-08-15,"Influenza visits by borough","Brooklyn",0.02,"Percent"
2026-08-22,"Influenza visits by borough","Brooklyn",0.05,"Percent"
2026-08-29,"Influenza visits by borough","Brooklyn",0.07,"Percent"
2026-09-05,"Influenza visits by borough","Brooklyn",0.12,"Percent"
2023-09-09,"Influenza visits by borough","Manhattan",0.07,"Percent"
2023-09-16,"Influenza visits by borough","Manhattan",0.1,"Percent"
2023-09-23,"Influenza visits by borough","Manhattan",0.07,"Percent"
2023-09-30,"Influenza visits by borough","Manhattan",0.08,"Percent"
2023-10-07,"Influenza visits by borough","Manhattan",0.11,"Percent"
2023-10-14,"Influenza visits by borough","Manhattan",0.18,"Percent"
2023-10-21,"Influenza visits by borough","Manhattan",0.13,"Percent"
2023-10-28,"Influenza visits by borough","Manhattan",0.17,"Percent"
2023-11-04,"Influenza visits by borough","Manhattan",0.22,"Percent"
2023-11-11,"Influenza visits by borough","Manhattan",0.35,"Percent"
2023-11-18,"Influenza visits by borough","Manhattan",0.63,"Percent"
2023-11-25,"Influenza visits by borough","Manhattan",1,"Percent"
2023-12-02,"Influenza visits by borough","Manhattan",1.42,"Percent"
2023-12-09,"Influenza visits by borough","Manhattan",1.66,"Percent"
2023-12-16,"Influenza visits by borough","Manhattan",2.59,"Percent"
2023-12-23,"Influenza visits by borough","Manhattan",3.84,"Percent"
2023-12-30,"Influenza visits by borough","Manhattan",3.85,"Percent"
2024-01-06,"Influenza visits by borough","Manhattan",2.64,"Percent"
2024-01-13,"Influenza visits by borough","Manhattan",2.71,"Percent"
2024-01-20,"Influenza visits by borough","Manhattan",2.22,"Percent"
2024-01-27,"Influenza visits by borough","Manhattan",2.41,"Percent"
2024-02-03,"Influenza visits by borough","Manhattan",1.97,"Percent"
2024-02-10,"Influenza visits by borough","Manhattan",1.67,"Percent"
2024-02-17,"Influenza visits by borough","Manhattan",1.75,"Percent"
2024-02-24,"Influenza visits by borough","Manhattan",1.81,"Percent"
2024-03-02,"Influenza visits by borough","Manhattan",1.52,"Percent"
2024-03-09,"Influenza visits by borough","Manhattan",1.42,"Percent"
2024-03-16,"Influenza visits by borough","Manhattan",0.86,"Percent"
2024-03-23,"Influenza visits by borough","Manhattan",0.86,"Percent"
2024-03-30,"Influenza visits by borough","Manhattan",0.8,"Percent"
2024-04-06,"Influenza visits by borough","Manhattan",0.86,"Percent"
2024-04-13,"Influenza visits by borough","Manhattan",0.65,"Percent"
2024-04-20,"Influenza visits by borough","Manhattan",0.55,"Percent"
2024-04-27,"Influenza visits by borough","Manhattan",0.35,"Percent"
2024-05-04,"Influenza visits by borough","Manhattan",0.26,"Percent"
2024-05-11,"Influenza visits by borough","Manhattan",0.23,"Percent"
2024-05-18,"Influenza visits by borough","Manhattan",0.18,"Percent"
2024-05-25,"Influenza visits by borough","Manhattan",0.21,"Percent"
2024-06-01,"Influenza visits by borough","Manhattan",0.17,"Percent"
2024-06-08,"Influenza visits by borough","Manhattan",0.13,"Percent"
2024-06-15,"Influenza visits by borough","Manhattan",0.12,"Percent"
2024-06-22,"Influenza visits by borough","Manhattan",0.1,"Percent"
2024-06-29,"Influenza visits by borough","Manhattan",0.11,"Percent"
2024-07-06,"Influenza visits by borough","Manhattan",0.05,"Percent"
2024-07-13,"Influenza visits by borough","Manhattan",0.05,"Percent"
2024-07-20,"Influenza visits by borough","Manhattan",0.06,"Percent"
2024-07-27,"Influenza visits by borough","Manhattan",0.05,"Percent"
2024-08-03,"Influenza visits by borough","Manhattan",0.06,"Percent"
2024-08-10,"Influenza visits by borough","Manhattan",0.08,"Percent"
2024-08-17,"Influenza visits by borough","Manhattan",0.07,"Percent"
2024-08-24,"Influenza visits by borough","Manhattan",0.07,"Percent"
2024-08-31,"Influenza visits by borough","Manhattan",0.05,"Percent"
2024-09-07,"Influenza visits by borough","Manhattan",0.02,"Percent"
2024-09-14,"Influenza visits by borough","Manhattan",0.05,"Percent"
2024-09-21,"Influenza visits by borough","Manhattan",0.04,"Percent"
2024-09-28,"Influenza visits by borough","Manhattan",0.04,"Percent"
2024-10-05,"Influenza visits by borough","Manhattan",0.04,"Percent"
2024-10-12,"Influenza visits by borough","Manhattan",0.02,"Percent"
2024-10-19,"Influenza visits by borough","Manhattan",0.04,"Percent"
2024-10-26,"Influenza visits by borough","Manhattan",0.12,"Percent"
2024-11-02,"Influenza visits by borough","Manhattan",0.07,"Percent"
2024-11-09,"Influenza visits by borough","Manhattan",0.08,"Percent"
2024-11-16,"Influenza visits by borough","Manhattan",0.15,"Percent"
2024-11-23,"Influenza visits by borough","Manhattan",0.22,"Percent"
2024-11-30,"Influenza visits by borough","Manhattan",0.34,"Percent"
2024-12-07,"Influenza visits by borough","Manhattan",0.46,"Percent"
2024-12-14,"Influenza visits by borough","Manhattan",0.96,"Percent"
2024-12-21,"Influenza visits by borough","Manhattan",1.69,"Percent"
2024-12-28,"Influenza visits by borough","Manhattan",3.28,"Percent"
2025-01-04,"Influenza visits by borough","Manhattan",4.12,"Percent"
2025-01-11,"Influenza visits by borough","Manhattan",3.43,"Percent"
2025-01-18,"Influenza visits by borough","Manhattan",4.45,"Percent"
2025-01-25,"Influenza visits by borough","Manhattan",4.92,"Percent"
2025-02-01,"Influenza visits by borough","Manhattan",4.85,"Percent"
2025-02-08,"Influenza visits by borough","Manhattan",4.39,"Percent"
2025-02-15,"Influenza visits by borough","Manhattan",3.3,"Percent"
2025-02-22,"Influenza visits by borough","Manhattan",2.36,"Percent"
2025-03-01,"Influenza visits by borough","Manhattan",1.66,"Percent"
2025-03-08,"Influenza visits by borough","Manhattan",1.51,"Percent"
2025-03-15,"Influenza visits by borough","Manhattan",1.21,"Percent"
2025-03-22,"Influenza visits by borough","Manhattan",1.17,"Percent"
2025-03-29,"Influenza visits by borough","Manhattan",0.85,"Percent"
2025-04-05,"Influenza visits by borough","Manhattan",0.8,"Percent"
2025-04-12,"Influenza visits by borough","Manhattan",0.48,"Percent"
2025-04-19,"Influenza visits by borough","Manhattan",0.42,"Percent"
2025-04-26,"Influenza visits by borough","Manhattan",0.34,"Percent"
2025-05-03,"Influenza visits by borough","Manhattan",0.25,"Percent"
2025-05-10,"Influenza visits by borough","Manhattan",0.14,"Percent"
2025-05-17,"Influenza visits by borough","Manhattan",0.14,"Percent"
2025-05-24,"Influenza visits by borough","Manhattan",0.07,"Percent"
2025-05-31,"Influenza visits by borough","Manhattan",0.06,"Percent"
2025-06-07,"Influenza visits by borough","Manhattan",0.03,"Percent"
2025-06-14,"Influenza visits by borough","Manhattan",0.02,"Percent"
2025-06-21,"Influenza visits by borough","Manhattan",0.08,"Percent"
2025-06-28,"Influenza visits by borough","Manhattan",0.05,"Percent"
2025-07-05,"Influenza visits by borough","Manhattan",0.03,"Percent"
2025-07-12,"Influenza visits by borough","Manhattan",0.02,"Percent"
2025-07-19,"Influenza visits by borough","Manhattan",0.02,"Percent"
2025-07-26,"Influenza visits by borough","Manhattan",0.1,"Percent"
2025-08-02,"Influenza visits by borough","Manhattan",0.04,"Percent"
2025-08-09,"Influenza visits by borough","Manhattan",0.09,"Percent"
2025-08-16,"Influenza visits by borough","Manhattan",0.02,"Percent"
2025-08-23,"Influenza visits by borough","Manhattan",0.02,"Percent"
2025-08-30,"Influenza visits by borough","Manhattan",0.04,"Percent"
2025-09-06,"Influenza visits by borough","Manhattan",0.04,"Percent"
2025-09-13,"Influenza visits by borough","Manhattan",0.04,"Percent"
2025-09-20,"Influenza visits by borough","Manhattan",0.08,"Percent"
2025-09-27,"Influenza visits by borough","Manhattan",0.08,"Percent"
2025-10-04,"Influenza visits by borough","Manhattan",0.06,"Percent"
2025-10-11,"Influenza visits by borough","Manhattan",0.04,"Percent"
2025-10-18,"Influenza visits by borough","Manhattan",0.03,"Percent"
2025-10-25,"Influenza visits by borough","Manhattan",0.1,"Percent"
2025-11-01,"Influenza visits by borough","Manhattan",0.13,"Percent"
2025-11-08,"Influenza visits by borough","Manhattan",0.4,"Percent"
2025-11-15,"Influenza visits by borough","Manhattan",0.53,"Percent"
2025-11-22,"Influenza visits by borough","Manhattan",1.03,"Percent"
2025-11-29,"Influenza visits by borough","Manhattan",2.14,"Percent"
2025-12-06,"Influenza visits by borough","Manhattan",2.81,"Percent"
2025-12-13,"Influenza visits by borough","Manhattan",4.69,"Percent"
2025-12-20,"Influenza visits by borough","Manhattan",7.32,"Percent"
2025-12-27,"Influenza visits by borough","Manhattan",7.29,"Percent"
2026-01-03,"Influenza visits by borough","Manhattan",4.51,"Percent"
2026-01-10,"Influenza visits by borough","Manhattan",2.41,"Percent"
2026-01-17,"Influenza visits by borough","Manhattan",1.36,"Percent"
2026-01-24,"Influenza visits by borough","Manhattan",0.78,"Percent"
2026-01-31,"Influenza visits by borough","Manhattan",0.67,"Percent"
2026-02-07,"Influenza visits by borough","Manhattan",0.42,"Percent"
2026-02-14,"Influenza visits by borough","Manhattan",0.77,"Percent"
2026-02-21,"Influenza visits by borough","Manhattan",0.88,"Percent"
2026-02-28,"Influenza visits by borough","Manhattan",0.56,"Percent"
2026-03-07,"Influenza visits by borough","Manhattan",0.62,"Percent"
2026-03-14,"Influenza visits by borough","Manhattan",0.82,"Percent"
2026-03-21,"Influenza visits by borough","Manhattan",0.78,"Percent"
2026-03-28,"Influenza visits by borough","Manhattan",0.83,"Percent"
2026-04-04,"Influenza visits by borough","Manhattan",0.83,"Percent"
2026-04-11,"Influenza visits by borough","Manhattan",0.63,"Percent"
2026-04-18,"Influenza visits by borough","Manhattan",0.41,"Percent"
2026-04-25,"Influenza visits by borough","Manhattan",0.27,"Percent"
2026-05-02,"Influenza visits by borough","Manhattan",0.25,"Percent"
2026-05-09,"Influenza visits by borough","Manhattan",0.38,"Percent"
2026-05-16,"Influenza visits by borough","Manhattan",0.21,"Percent"
2026-05-23,"Influenza visits by borough","Manhattan",0.22,"Percent"
2026-05-30,"Influenza visits by borough","Manhattan",0.19,"Percent"
2026-06-06,"Influenza visits by borough","Manhattan",0.09,"Percent"
2026-06-13,"Influenza visits by borough","Manhattan",0.08,"Percent"
2026-06-20,"Influenza visits by borough","Manhattan",0.08,"Percent"
2026-06-27,"Influenza visits by borough","Manhattan",0.04,"Percent"
2026-07-04,"Influenza visits by borough","Manhattan",0.05,"Percent"
2026-07-11,"Influenza visits by borough","Manhattan",0.04,"Percent"
2026-07-18,"Influenza visits by borough","Manhattan",0.04,"Percent"
2026-07-25,"Influenza visits by borough","Manhattan",0.05,"Percent"
2026-08-01,"Influenza visits by borough","Manhattan",0.03,"Percent"
2026-08-08,"Influenza visits by borough","Manhattan",0.05,"Percent"
2026-08-15,"Influenza visits by borough","Manhattan",0.04,"Percent"
2026-08-22,"Influenza visits by borough","Manhattan",0.02,"Percent"
2026-08-29,"Influenza visits by borough","Manhattan",0.06,"Percent"
2026-09-05,"Influenza visits by borough","Manhattan",0.07,"Percent"
2023-09-09,"Influenza visits by borough","Queens",0.1,"Percent"
2023-09-16,"Influenza visits by borough","Queens",0.12,"Percent"
2023-09-23,"Influenza visits by borough","Queens",0.11,"Percent"
2023-09-30,"Influenza visits by borough","Queens",0.14,"Percent"
2023-10-07,"Influenza visits by borough","Queens",0.24,"Percent"
2023-10-14,"Influenza visits by borough","Queens",0.18,"Percent"
2023-10-21,"Influenza visits by borough","Queens",0.18,"Percent"
2023-10-28,"Influenza visits by borough","Queens",0.18,"Percent"
2023-11-04,"Influenza visits by borough","Queens",0.29,"Percent"
2023-11-11,"Influenza visits by borough","Queens",0.39,"Percent"
2023-11-18,"Influenza visits by borough","Queens",0.65,"Percent"
2023-11-25,"Influenza visits by borough","Queens",1.02,"Percent"
2023-12-02,"Influenza visits by borough","Queens",1.28,"Percent"
2023-12-09,"Influenza visits by borough","Queens",1.94,"Percent"
2023-12-16,"Influenza visits by borough","Queens",3.21,"Percent"
2023-12-23,"Influenza visits by borough","Queens",4.33,"Percent"
2023-12-30,"Influenza visits by borough","Queens",5.74,"Percent"
2024-01-06,"Influenza visits by borough","Queens",4.09,"Percent"
2024-01-13,"Influenza visits by borough","Queens",3.88,"Percent"
2024-01-20,"Influenza visits by borough","Queens",3.93,"Percent"
2024-01-27,"Influenza visits by borough","Queens",3.45,"Percent"
2024-02-03,"Influenza visits by borough","Queens",3.24,"Percent"
2024-02-10,"Influenza visits by borough","Queens",2.73,"Percent"
2024-02-17,"Influenza visits by borough","Queens",3.06,"Percent"
2024-02-24,"Influenza visits by borough","Queens",2.47,"Percent"
2024-03-02,"Influenza visits by borough","Queens",2.18,"Percent"
2024-03-09,"Influenza visits by borough","Queens",1.94,"Percent"
2024-03-16,"Influenza visits by borough","Queens",1.46,"Percent"
2024-03-23,"Influenza visits by borough","Queens",1.18,"Percent"
2024-03-30,"Influenza visits by borough","Queens",1.16,"Percent"
2024-04-06,"Influenza visits by borough","Queens",1.09,"Percent"
2024-04-13,"Influenza visits by borough","Queens",0.89,"Percent"
2024-04-20,"Influenza visits by borough","Queens",0.68,"Percent"
2024-04-27,"Influenza visits by borough","Queens",0.53,"Percent"
2024-05-04,"Influenza visits by borough","Queens",0.41,"Percent"
2024-05-11,"Influenza visits by borough","Queens",0.27,"Percent"
2024-05-18,"Influenza visits by borough","Queens",0.18,"Percent"
2024-05-25,"Influenza visits by borough","Queens",0.21,"Percent"
2024-06-01,"Influenza visits by borough","Queens",0.12,"Percent"
2024-06-08,"Influenza visits by borough","Queens",0.11,"Percent"
2024-06-15,"Influenza visits by borough","Queens",0.06,"Percent"
2024-06-22,"Influenza visits by borough","Queens",0.15,"Percent"
2024-06-29,"Influenza visits by borough","Queens",0.18,"Percent"
2024-07-06,"Influenza visits by borough","Queens",0.14,"Percent"
2024-07-13,"Influenza visits by borough","Queens",0.1,"Percent"
2024-07-20,"Influenza visits by borough","Queens",0.18,"Percent"
2024-07-27,"Influenza visits by borough","Queens",0.11,"Percent"
2024-08-03,"Influenza visits by borough","Queens",0.09,"Percent"
2024-08-10,"Influenza visits by borough","Queens",0.04,"Percent"
2024-08-17,"Influenza visits by borough","Queens",0.06,"Percent"
2024-08-24,"Influenza visits by borough","Queens",0.09,"Percent"
2024-08-31,"Influenza visits by borough","Queens",0.06,"Percent"
2024-09-07,"Influenza visits by borough","Queens",0.11,"Percent"
2024-09-14,"Influenza visits by borough","Queens",0.08,"Percent"
2024-09-21,"Influenza visits by borough","Queens",0.09,"Percent"
2024-09-28,"Influenza visits by borough","Queens",0.06,"Percent"
2024-10-05,"Influenza visits by borough","Queens",0.09,"Percent"
2024-10-12,"Influenza visits by borough","Queens",0.09,"Percent"
2024-10-19,"Influenza visits by borough","Queens",0.05,"Percent"
2024-10-26,"Influenza visits by borough","Queens",0.09,"Percent"
2024-11-02,"Influenza visits by borough","Queens",0.18,"Percent"
2024-11-09,"Influenza visits by borough","Queens",0.17,"Percent"
2024-11-16,"Influenza visits by borough","Queens",0.22,"Percent"
2024-11-23,"Influenza visits by borough","Queens",0.28,"Percent"
2024-11-30,"Influenza visits by borough","Queens",0.48,"Percent"
2024-12-07,"Influenza visits by borough","Queens",0.82,"Percent"
2024-12-14,"Influenza visits by borough","Queens",1.49,"Percent"
2024-12-21,"Influenza visits by borough","Queens",2.64,"Percent"
2024-12-28,"Influenza visits by borough","Queens",4.86,"Percent"
2025-01-04,"Influenza visits by borough","Queens",5.81,"Percent"
2025-01-11,"Influenza visits by borough","Queens",5.82,"Percent"
2025-01-18,"Influenza visits by borough","Queens",6.58,"Percent"
2025-01-25,"Influenza visits by borough","Queens",7.63,"Percent"
2025-02-01,"Influenza visits by borough","Queens",7.1,"Percent"
2025-02-08,"Influenza visits by borough","Queens",6.09,"Percent"
2025-02-15,"Influenza visits by borough","Queens",4.84,"Percent"
2025-02-22,"Influenza visits by borough","Queens",4.07,"Percent"
2025-03-01,"Influenza visits by borough","Queens",2.68,"Percent"
2025-03-08,"Influenza visits by borough","Queens",2.46,"Percent"
2025-03-15,"Influenza visits by borough","Queens",1.9,"Percent"
2025-03-22,"Influenza visits by borough","Queens",1.75,"Percent"
2025-03-29,"Influenza visits by borough","Queens",1.44,"Percent"
2025-04-05,"Influenza visits by borough","Queens",1.11,"Percent"
2025-04-12,"Influenza visits by borough","Queens",0.76,"Percent"
2025-04-19,"Influenza visits by borough","Queens",0.71,"Percent"
2025-04-26,"Influenza visits by borough","Queens",0.5,"Percent"
2025-05-03,"Influenza visits by borough","Queens",0.29,"Percent"
2025-05-10,"Influenza visits by borough","Queens",0.23,"Percent"
2025-05-17,"Influenza visits by borough","Queens",0.14,"Percent"
2025-05-24,"Influenza visits by borough","Queens",0.17,"Percent"
2025-05-31,"Influenza visits by borough","Queens",0.09,"Percent"
2025-06-07,"Influenza visits by borough","Queens",0.06,"Percent"
2025-06-14,"Influenza visits by borough","Queens",0.07,"Percent"
2025-06-21,"Influenza visits by borough","Queens",0.04,"Percent"
2025-06-28,"Influenza visits by borough","Queens",0.06,"Percent"
2025-07-05,"Influenza visits by borough","Queens",0.04,"Percent"
2025-07-12,"Influenza visits by borough","Queens",0.09,"Percent"
2025-07-19,"Influenza visits by borough","Queens",0.07,"Percent"
2025-07-26,"Influenza visits by borough","Queens",0.08,"Percent"
2025-08-02,"Influenza visits by borough","Queens",0.07,"Percent"
2025-08-09,"Influenza visits by borough","Queens",0.04,"Percent"
2025-08-16,"Influenza visits by borough","Queens",0.05,"Percent"
2025-08-23,"Influenza visits by borough","Queens",0.06,"Percent"
2025-08-30,"Influenza visits by borough","Queens",0.09,"Percent"
2025-09-06,"Influenza visits by borough","Queens",0.08,"Percent"
2025-09-13,"Influenza visits by borough","Queens",0.05,"Percent"
2025-09-20,"Influenza visits by borough","Queens",0.06,"Percent"
2025-09-27,"Influenza visits by borough","Queens",0.07,"Percent"
2025-10-04,"Influenza visits by borough","Queens",0.04,"Percent"
2025-10-11,"Influenza visits by borough","Queens",0.04,"Percent"
2025-10-18,"Influenza visits by borough","Queens",0.18,"Percent"
2025-10-25,"Influenza visits by borough","Queens",0.14,"Percent"
2025-11-01,"Influenza visits by borough","Queens",0.3,"Percent"
2025-11-08,"Influenza visits by borough","Queens",0.72,"Percent"
2025-11-15,"Influenza visits by borough","Queens",0.84,"Percent"
2025-11-22,"Influenza visits by borough","Queens",1.99,"Percent"
2025-11-29,"Influenza visits by borough","Queens",4.71,"Percent"
2025-12-06,"Influenza visits by borough","Queens",5.38,"Percent"
2025-12-13,"Influenza visits by borough","Queens",7.82,"Percent"
2025-12-20,"Influenza visits by borough","Queens",9.96,"Percent"
2025-12-27,"Influenza visits by borough","Queens",9.23,"Percent"
2026-01-03,"Influenza visits by borough","Queens",6.2,"Percent"
2026-01-10,"Influenza visits by borough","Queens",3.24,"Percent"
2026-01-17,"Influenza visits by borough","Queens",1.64,"Percent"
2026-01-24,"Influenza visits by borough","Queens",0.99,"Percent"
2026-01-31,"Influenza visits by borough","Queens",0.53,"Percent"
2026-02-07,"Influenza visits by borough","Queens",0.61,"Percent"
2026-02-14,"Influenza visits by borough","Queens",0.68,"Percent"
2026-02-21,"Influenza visits by borough","Queens",0.95,"Percent"
2026-02-28,"Influenza visits by borough","Queens",0.86,"Percent"
2026-03-07,"Influenza visits by borough","Queens",0.85,"Percent"
2026-03-14,"Influenza visits by borough","Queens",1.01,"Percent"
2026-03-21,"Influenza visits by borough","Queens",1.27,"Percent"
2026-03-28,"Influenza visits by borough","Queens",1.31,"Percent"
2026-04-04,"Influenza visits by borough","Queens",1.42,"Percent"
2026-04-11,"Influenza visits by borough","Queens",0.86,"Percent"
2026-04-18,"Influenza visits by borough","Queens",0.63,"Percent"
2026-04-25,"Influenza visits by borough","Queens",0.31,"Percent"
2026-05-02,"Influenza visits by borough","Queens",0.35,"Percent"
2026-05-09,"Influenza visits by borough","Queens",0.3,"Percent"
2026-05-16,"Influenza visits by borough","Queens",0.21,"Percent"
2026-05-23,"Influenza visits by borough","Queens",0.32,"Percent"
2026-05-30,"Influenza visits by borough","Queens",0.12,"Percent"
2026-06-06,"Influenza visits by borough","Queens",0.19,"Percent"
2026-06-13,"Influenza visits by borough","Queens",0.14,"Percent"
2026-06-20,"Influenza visits by borough","Queens",0.11,"Percent"
2026-06-27,"Influenza visits by borough","Queens",0.02,"Percent"
2026-07-04,"Influenza visits by borough","Queens",0.06,"Percent"
2026-07-11,"Influenza visits by borough","Queens",0.04,"Percent"
2026-07-18,"Influenza visits by borough","Queens",0.07,"Percent"
2026-07-25,"Influenza visits by borough","Queens",0.04,"Percent"
2026-08-01,"Influenza visits by borough","Queens",0.09,"Percent"
2026-08-08,"Influenza visits by borough","Queens",0.06,"Percent"
2026-08-15,"Influenza visits by borough","Queens",0.06,"Percent"
2026-08-22,"Influenza visits by borough","Queens",0.07,"Percent"
2026-08-29,"Influenza visits by borough","Queens",0.11,"Percent"
2026-09-05,"Influenza visits by borough","Queens",0.07,"Percent"
2023-09-09,"Influenza visits by borough","Staten Island",0.03,"Percent"
2023-09-16,"Influenza visits by borough","Staten Island",0.05,"Percent"
2023-09-23,"Influenza visits by borough","Staten Island",0.05,"Percent"
2023-09-30,"Influenza visits by borough","Staten Island",0.03,"Percent"
2023-10-07,"Influenza visits by borough","Staten Island",0.2,"Percent"
2023-10-14,"Influenza visits by borough","Staten Island",0.15,"Percent"
2023-10-21,"Influenza visits by borough","Staten Island",0.13,"Percent"
2023-10-28,"Influenza visits by borough","Staten Island",0.13,"Percent"
2023-11-04,"Influenza visits by borough","Staten Island",0.05,"Percent"
2023-11-11,"Influenza visits by borough","Staten Island",0.11,"Percent"
2023-11-18,"Influenza visits by borough","Staten Island",0.7,"Percent"
2023-11-25,"Influenza visits by borough","Staten Island",0.96,"Percent"
2023-12-02,"Influenza visits by borough","Staten Island",0.87,"Percent"
2023-12-09,"Influenza visits by borough","Staten Island",1.18,"Percent"
2023-12-16,"Influenza visits by borough","Staten Island",1.22,"Percent"
2023-12-23,"Influenza visits by borough","Staten Island",2.57,"Percent"
2023-12-30,"Influenza visits by borough","Staten Island",3.23,"Percent"
2024-01-06,"Influenza visits by borough","Staten Island",2.23,"Percent"
2024-01-13,"Influenza visits by borough","Staten Island",1.75,"Percent"
2024-01-20,"Influenza visits by borough","Staten Island",2.33,"Percent"
2024-01-27,"Influenza visits by borough","Staten Island",1.67,"Percent"
2024-02-03,"Influenza visits by borough","Staten Island",1.76,"Percent"
2024-02-10,"Influenza visits by borough","Staten Island",1.83,"Percent"
2024-02-17,"Influenza visits by borough","Staten Island",1.99,"Percent"
2024-02-24,"Influenza visits by borough","Staten Island",2.74,"Percent"
2024-03-02,"Influenza visits by borough","Staten Island",1.76,"Percent"
2024-03-09,"Influenza visits by borough","Staten Island",1.72,"Percent"
2024-03-16,"Influenza visits by borough","Staten Island",1.12,"Percent"
2024-03-23,"Influenza visits by borough","Staten Island",1.34,"Percent"
2024-03-30,"Influenza visits by borough","Staten Island",1.21,"Percent"
2024-04-06,"Influenza visits by borough","Staten Island",0.99,"Percent"
2024-04-13,"Influenza visits by borough","Staten Island",0.8,"Percent"
2024-04-20,"Influenza visits by borough","Staten Island",0.65,"Percent"
2024-04-27,"Influenza visits by borough","Staten Island",0.47,"Percent"
2024-05-04,"Influenza visits by borough","Staten Island",0.39,"Percent"
2024-05-11,"Influenza visits by borough","Staten Island",0.15,"Percent"
2024-05-18,"Influenza visits by borough","Staten Island",0.2,"Percent"
2024-05-25,"Influenza visits by borough","Staten Island",0.24,"Percent"
2024-06-01,"Influenza visits by borough","Staten Island",0.2,"Percent"
2024-06-08,"Influenza visits by borough","Staten Island",0.02,"Percent"
2024-06-15,"Influenza visits by borough","Staten Island",0.07,"Percent"
2024-06-22,"Influenza visits by borough","Staten Island",0.08,"Percent"
2024-06-29,"Influenza visits by borough","Staten Island",0.1,"Percent"
2024-07-06,"Influenza visits by borough","Staten Island",0,"Percent"
2024-07-13,"Influenza visits by borough","Staten Island",0.07,"Percent"
2024-07-20,"Influenza visits by borough","Staten Island",0,"Percent"
2024-07-27,"Influenza visits by borough","Staten Island",0,"Percent"
2024-08-03,"Influenza visits by borough","Staten Island",0.1,"Percent"
2024-08-10,"Influenza visits by borough","Staten Island",0.03,"Percent"
2024-08-17,"Influenza visits by borough","Staten Island",0.03,"Percent"
2024-08-24,"Influenza visits by borough","Staten Island",0.05,"Percent"
2024-08-31,"Influenza visits by borough","Staten Island",0,"Percent"
2024-09-07,"Influenza visits by borough","Staten Island",0.08,"Percent"
2024-09-14,"Influenza visits by borough","Staten Island",0.02,"Percent"
2024-09-21,"Influenza visits by borough","Staten Island",0.02,"Percent"
2024-09-28,"Influenza visits by borough","Staten Island",0.07,"Percent"
2024-10-05,"Influenza visits by borough","Staten Island",0.03,"Percent"
2024-10-12,"Influenza visits by borough","Staten Island",0,"Percent"
2024-10-19,"Influenza visits by borough","Staten Island",0.03,"Percent"
2024-10-26,"Influenza visits by borough","Staten Island",0.29,"Percent"
2024-11-02,"Influenza visits by borough","Staten Island",0.27,"Percent"
2024-11-09,"Influenza visits by borough","Staten Island",0.23,"Percent"
2024-11-16,"Influenza visits by borough","Staten Island",0.32,"Percent"
2024-11-23,"Influenza visits by borough","Staten Island",0.57,"Percent"
2024-11-30,"Influenza visits by borough","Staten Island",0.73,"Percent"
2024-12-07,"Influenza visits by borough","Staten Island",0.9,"Percent"
2024-12-14,"Influenza visits by borough","Staten Island",1.62,"Percent"
2024-12-21,"Influenza visits by borough","Staten Island",1.75,"Percent"
2024-12-28,"Influenza visits by borough","Staten Island",3.45,"Percent"
2025-01-04,"Influenza visits by borough","Staten Island",3.45,"Percent"
2025-01-11,"Influenza visits by borough","Staten Island",3.21,"Percent"
2025-01-18,"Influenza visits by borough","Staten Island",4.11,"Percent"
2025-01-25,"Influenza visits by borough","Staten Island",3.87,"Percent"
2025-02-01,"Influenza visits by borough","Staten Island",4.33,"Percent"
2025-02-08,"Influenza visits by borough","Staten Island",3.15,"Percent"
2025-02-15,"Influenza visits by borough","Staten Island",2.43,"Percent"
2025-02-22,"Influenza visits by borough","Staten Island",2.19,"Percent"
2025-03-01,"Influenza visits by borough","Staten Island",1.77,"Percent"
2025-03-08,"Influenza visits by borough","Staten Island",1.39,"Percent"
2025-03-15,"Influenza visits by borough","Staten Island",1.37,"Percent"
2025-03-22,"Influenza visits by borough","Staten Island",0.98,"Percent"
2025-03-29,"Influenza visits by borough","Staten Island",0.82,"Percent"
2025-04-05,"Influenza visits by borough","Staten Island",0.99,"Percent"
2025-04-12,"Influenza visits by borough","Staten Island",0.71,"Percent"
2025-04-19,"Influenza visits by borough","Staten Island",0.57,"Percent"
2025-04-26,"Influenza visits by borough","Staten Island",0.38,"Percent"
2025-05-03,"Influenza visits by borough","Staten Island",0.1,"Percent"
2025-05-10,"Influenza visits by borough","Staten Island",0.13,"Percent"
2025-05-17,"Influenza visits by borough","Staten Island",0.12,"Percent"
2025-05-24,"Influenza visits by borough","Staten Island",0.22,"Percent"
2025-05-31,"Influenza visits by borough","Staten Island",0.05,"Percent"
2025-06-07,"Influenza visits by borough","Staten Island",0,"Percent"
2025-06-14,"Influenza visits by borough","Staten Island",0.05,"Percent"
2025-06-21,"Influenza visits by borough","Staten Island",0.05,"Percent"
2025-06-28,"Influenza visits by borough","Staten Island",0,"Percent"
2025-07-05,"Influenza visits by borough","Staten Island",0.13,"Percent"
2025-07-12,"Influenza visits by borough","Staten Island",0,"Percent"
2025-07-19,"Influenza visits by borough","Staten Island",0.02,"Percent"
2025-07-26,"Influenza visits by borough","Staten Island",0.05,"Percent"
2025-08-02,"Influenza visits by borough","Staten Island",0.03,"Percent"
2025-08-09,"Influenza visits by borough","Staten Island",0.08,"Percent"
2025-08-16,"Influenza visits by borough","Staten Island",0,"Percent"
2025-08-23,"Influenza visits by borough","Staten Island",0,"Percent"
2025-08-30,"Influenza visits by borough","Staten Island",0.08,"Percent"
2025-09-06,"Influenza visits by borough","Staten Island",0.08,"Percent"
2025-09-13,"Influenza visits by borough","Staten Island",0.08,"Percent"
2025-09-20,"Influenza visits by borough","Staten Island",0.02,"Percent"
2025-09-27,"Influenza visits by borough","Staten Island",0.07,"Percent"
2025-10-04,"Influenza visits by borough","Staten Island",0,"Percent"
2025-10-11,"Influenza visits by borough","Staten Island",0.08,"Percent"
2025-10-18,"Influenza visits by borough","Staten Island",0.11,"Percent"
2025-10-25,"Influenza visits by borough","Staten Island",0.08,"Percent"
2025-11-01,"Influenza visits by borough","Staten Island",0.03,"Percent"
2025-11-08,"Influenza visits by borough","Staten Island",0.27,"Percent"
2025-11-15,"Influenza visits by borough","Staten Island",0.44,"Percent"
2025-11-22,"Influenza visits by borough","Staten Island",0.99,"Percent"
2025-11-29,"Influenza visits by borough","Staten Island",2.12,"Percent"
2025-12-06,"Influenza visits by borough","Staten Island",3.34,"Percent"
2025-12-13,"Influenza visits by borough","Staten Island",5.94,"Percent"
2025-12-20,"Influenza visits by borough","Staten Island",8.82,"Percent"
2025-12-27,"Influenza visits by borough","Staten Island",7.68,"Percent"
2026-01-03,"Influenza visits by borough","Staten Island",5.32,"Percent"
2026-01-10,"Influenza visits by borough","Staten Island",2.24,"Percent"
2026-01-17,"Influenza visits by borough","Staten Island",1.26,"Percent"
2026-01-24,"Influenza visits by borough","Staten Island",0.83,"Percent"
2026-01-31,"Influenza visits by borough","Staten Island",0.63,"Percent"
2026-02-07,"Influenza visits by borough","Staten Island",0.37,"Percent"
2026-02-14,"Influenza visits by borough","Staten Island",0.62,"Percent"
2026-02-21,"Influenza visits by borough","Staten Island",0.94,"Percent"
2026-02-28,"Influenza visits by borough","Staten Island",0.38,"Percent"
2026-03-07,"Influenza visits by borough","Staten Island",0.49,"Percent"
2026-03-14,"Influenza visits by borough","Staten Island",0.39,"Percent"
2026-03-21,"Influenza visits by borough","Staten Island",0.8,"Percent"
2026-03-28,"Influenza visits by borough","Staten Island",0.73,"Percent"
2026-04-04,"Influenza visits by borough","Staten Island",0.81,"Percent"
2026-04-11,"Influenza visits by borough","Staten Island",0.36,"Percent"
2026-04-18,"Influenza visits by borough","Staten Island",0.37,"Percent"
2026-04-25,"Influenza visits by borough","Staten Island",0.25,"Percent"
2026-05-02,"Influenza visits by borough","Staten Island",0.33,"Percent"
2026-05-09,"Influenza visits by borough","Staten Island",0.2,"Percent"
2026-05-16,"Influenza visits by borough","Staten Island",0.27,"Percent"
2026-05-23,"Influenza visits by borough","Staten Island",0.27,"Percent"
2026-05-30,"Influenza visits by borough","Staten Island",0.15,"Percent"
2026-06-06,"Influenza visits by borough","Staten Island",0.08,"Percent"
2026-06-13,"Influenza visits by borough","Staten Island",0.07,"Percent"
2026-06-20,"Influenza visits by borough","Staten Island",0,"Percent"
2026-06-27,"Influenza visits by borough","Staten Island",0.05,"Percent"
2026-07-04,"Influenza visits by borough","Staten Island",0.05,"Percent"
2026-07-11,"Influenza visits by borough","Staten Island",0.05,"Percent"
2026-07-18,"Influenza visits by borough","Staten Island",0.05,"Percent"
2026-07-25,"Influenza visits by borough","Staten Island",0,"Percent"
2026-08-01,"Influenza visits by borough","Staten Island",0.07,"Percent"
2026-08-08,"Influenza visits by borough","Staten Island",0.07,"Percent"
2026-08-15,"Influenza visits by borough","Staten Island",0,"Percent"
2026-08-22,"Influenza visits by borough","Staten Island",0.03,"Percent"
2026-08-29,"Influenza visits by borough","Staten Island",0,"Percent"
2026-09-05,"Influenza visits by borough","Staten Island",0.02,"Percent"
2023-09-09,"Influenza hospitalizations by borough","Bronx",0.09,"Percent"
2023-09-16,"Influenza hospitalizations by borough","Bronx",0.05,"Percent"
2023-09-23,"Influenza hospitalizations by borough","Bronx",0.04,"Percent"
2023-09-30,"Influenza hospitalizations by borough","Bronx",0,"Percent"
2023-10-07,"Influenza hospitalizations by borough","Bronx",0.18,"Percent"
2023-10-14,"Influenza hospitalizations by borough","Bronx",0,"Percent"
2023-10-21,"Influenza hospitalizations by borough","Bronx",0.09,"Percent"
2023-10-28,"Influenza hospitalizations by borough","Bronx",0.04,"Percent"
2023-11-04,"Influenza hospitalizations by borough","Bronx",0.21,"Percent"
2023-11-11,"Influenza hospitalizations by borough","Bronx",0.09,"Percent"
2023-11-18,"Influenza hospitalizations by borough","Bronx",0.39,"Percent"
2023-11-25,"Influenza hospitalizations by borough","Bronx",0.23,"Percent"
2023-12-02,"Influenza hospitalizations by borough","Bronx",0.7,"Percent"
2023-12-09,"Influenza hospitalizations by borough","Bronx",1.23,"Percent"
2023-12-16,"Influenza hospitalizations by borough","Bronx",1.27,"Percent"
2023-12-23,"Influenza hospitalizations by borough","Bronx",1.76,"Percent"
2023-12-30,"Influenza hospitalizations by borough","Bronx",2.39,"Percent"
2024-01-06,"Influenza hospitalizations by borough","Bronx",2.29,"Percent"
2024-01-13,"Influenza hospitalizations by borough","Bronx",1.56,"Percent"
2024-01-20,"Influenza hospitalizations by borough","Bronx",1.93,"Percent"
2024-01-27,"Influenza hospitalizations by borough","Bronx",1.39,"Percent"
2024-02-03,"Influenza hospitalizations by borough","Bronx",1.19,"Percent"
2024-02-10,"Influenza hospitalizations by borough","Bronx",1.23,"Percent"
2024-02-17,"Influenza hospitalizations by borough","Bronx",1.1,"Percent"
2024-02-24,"Influenza hospitalizations by borough","Bronx",0.99,"Percent"
2024-03-02,"Influenza hospitalizations by borough","Bronx",0.94,"Percent"
2024-03-09,"Influenza hospitalizations by borough","Bronx",0.91,"Percent"
2024-03-16,"Influenza hospitalizations by borough","Bronx",0.25,"Percent"
2024-03-23,"Influenza hospitalizations by borough","Bronx",0.36,"Percent"
2024-03-30,"Influenza hospitalizations by borough","Bronx",0.55,"Percent"
2024-04-06,"Influenza hospitalizations by borough","Bronx",0.26,"Percent"
2024-04-13,"Influenza hospitalizations by borough","Bronx",0.27,"Percent"
2024-04-20,"Influenza hospitalizations by borough","Bronx",0.1,"Percent"
2024-04-27,"Influenza hospitalizations by borough","Bronx",0.16,"Percent"
2024-05-04,"Influenza hospitalizations by borough","Bronx",0.15,"Percent"
2024-05-11,"Influenza hospitalizations by borough","Bronx",0.2,"Percent"
2024-05-18,"Influenza hospitalizations by borough","Bronx",0,"Percent"
2024-05-25,"Influenza hospitalizations by borough","Bronx",0.05,"Percent"
2024-06-01,"Influenza hospitalizations by borough","Bronx",0,"Percent"
2024-06-08,"Influenza hospitalizations by borough","Bronx",0.05,"Percent"
2024-06-15,"Influenza hospitalizations by borough","Bronx",0,"Percent"
2024-06-22,"Influenza hospitalizations by borough","Bronx",0.15,"Percent"
2024-06-29,"Influenza hospitalizations by borough","Bronx",0,"Percent"
2024-07-06,"Influenza hospitalizations by borough","Bronx",0.11,"Percent"
2024-07-13,"Influenza hospitalizations by borough","Bronx",0.05,"Percent"
2024-07-20,"Influenza hospitalizations by borough","Bronx",0.05,"Percent"
2024-07-27,"Influenza hospitalizations by borough","Bronx",0.05,"Percent"
2024-08-03,"Influenza hospitalizations by borough","Bronx",0,"Percent"
2024-08-10,"Influenza hospitalizations by borough","Bronx",0,"Percent"
2024-08-17,"Influenza hospitalizations by borough","Bronx",0.05,"Percent"
2024-08-24,"Influenza hospitalizations by borough","Bronx",0.05,"Percent"
2024-08-31,"Influenza hospitalizations by borough","Bronx",0,"Percent"
2024-09-07,"Influenza hospitalizations by borough","Bronx",0,"Percent"
2024-09-14,"Influenza hospitalizations by borough","Bronx",0,"Percent"
2024-09-21,"Influenza hospitalizations by borough","Bronx",0,"Percent"
2024-09-28,"Influenza hospitalizations by borough","Bronx",0,"Percent"
2024-10-05,"Influenza hospitalizations by borough","Bronx",0,"Percent"
2024-10-12,"Influenza hospitalizations by borough","Bronx",0.15,"Percent"
2024-10-19,"Influenza hospitalizations by borough","Bronx",0.05,"Percent"
2024-10-26,"Influenza hospitalizations by borough","Bronx",0.05,"Percent"
2024-11-02,"Influenza hospitalizations by borough","Bronx",0.04,"Percent"
2024-11-09,"Influenza hospitalizations by borough","Bronx",0,"Percent"
2024-11-16,"Influenza hospitalizations by borough","Bronx",0,"Percent"
2024-11-23,"Influenza hospitalizations by borough","Bronx",0.1,"Percent"
2024-11-30,"Influenza hospitalizations by borough","Bronx",0.05,"Percent"
2024-12-07,"Influenza hospitalizations by borough","Bronx",0.15,"Percent"
2024-12-14,"Influenza hospitalizations by borough","Bronx",0.82,"Percent"
2024-12-21,"Influenza hospitalizations by borough","Bronx",1.03,"Percent"
2024-12-28,"Influenza hospitalizations by borough","Bronx",1.99,"Percent"
2025-01-04,"Influenza hospitalizations by borough","Bronx",3.01,"Percent"
2025-01-11,"Influenza hospitalizations by borough","Bronx",2.78,"Percent"
2025-01-18,"Influenza hospitalizations by borough","Bronx",2.89,"Percent"
2025-01-25,"Influenza hospitalizations by borough","Bronx",3.65,"Percent"
2025-02-01,"Influenza hospitalizations by borough","Bronx",3.04,"Percent"
2025-02-08,"Influenza hospitalizations by borough","Bronx",2.23,"Percent"
2025-02-15,"Influenza hospitalizations by borough","Bronx",2.06,"Percent"
2025-02-22,"Influenza hospitalizations by borough","Bronx",1.45,"Percent"
2025-03-01,"Influenza hospitalizations by borough","Bronx",0.81,"Percent"
2025-03-08,"Influenza hospitalizations by borough","Bronx",1.09,"Percent"
2025-03-15,"Influenza hospitalizations by borough","Bronx",0.46,"Percent"
2025-03-22,"Influenza hospitalizations by borough","Bronx",0.36,"Percent"
2025-03-29,"Influenza hospitalizations by borough","Bronx",0.4,"Percent"
2025-04-05,"Influenza hospitalizations by borough","Bronx",0.58,"Percent"
2025-04-12,"Influenza hospitalizations by borough","Bronx",0.31,"Percent"
2025-04-19,"Influenza hospitalizations by borough","Bronx",0.1,"Percent"
2025-04-26,"Influenza hospitalizations by borough","Bronx",0.1,"Percent"
2025-05-03,"Influenza hospitalizations by borough","Bronx",0.05,"Percent"
2025-05-10,"Influenza hospitalizations by borough","Bronx",0.1,"Percent"
2025-05-17,"Influenza hospitalizations by borough","Bronx",0.05,"Percent"
2025-05-24,"Influenza hospitalizations by borough","Bronx",0.05,"Percent"
2025-05-31,"Influenza hospitalizations by borough","Bronx",0,"Percent"
2025-06-07,"Influenza hospitalizations by borough","Bronx",0,"Percent"
2025-06-14,"Influenza hospitalizations by borough","Bronx",0.1,"Percent"
2025-06-21,"Influenza hospitalizations by borough","Bronx",0.05,"Percent"
2025-06-28,"Influenza hospitalizations by borough","Bronx",0,"Percent"
2025-07-05,"Influenza hospitalizations by borough","Bronx",0.05,"Percent"
2025-07-12,"Influenza hospitalizations by borough","Bronx",0,"Percent"
2025-07-19,"Influenza hospitalizations by borough","Bronx",0,"Percent"
2025-07-26,"Influenza hospitalizations by borough","Bronx",0,"Percent"
2025-08-02,"Influenza hospitalizations by borough","Bronx",0,"Percent"
2025-08-09,"Influenza hospitalizations by borough","Bronx",0,"Percent"
2025-08-16,"Influenza hospitalizations by borough","Bronx",0.05,"Percent"
2025-08-23,"Influenza hospitalizations by borough","Bronx",0.05,"Percent"
2025-08-30,"Influenza hospitalizations by borough","Bronx",0.05,"Percent"
2025-09-06,"Influenza hospitalizations by borough","Bronx",0,"Percent"
2025-09-13,"Influenza hospitalizations by borough","Bronx",0.05,"Percent"
2025-09-20,"Influenza hospitalizations by borough","Bronx",0,"Percent"
2025-09-27,"Influenza hospitalizations by borough","Bronx",0.05,"Percent"
2025-10-04,"Influenza hospitalizations by borough","Bronx",0,"Percent"
2025-10-11,"Influenza hospitalizations by borough","Bronx",0,"Percent"
2025-10-18,"Influenza hospitalizations by borough","Bronx",0,"Percent"
2025-10-25,"Influenza hospitalizations by borough","Bronx",0,"Percent"
2025-11-01,"Influenza hospitalizations by borough","Bronx",0,"Percent"
2025-11-08,"Influenza hospitalizations by borough","Bronx",0.05,"Percent"
2025-11-15,"Influenza hospitalizations by borough","Bronx",0.15,"Percent"
2025-11-22,"Influenza hospitalizations by borough","Bronx",0.26,"Percent"
2025-11-29,"Influenza hospitalizations by borough","Bronx",1.38,"Percent"
2025-12-06,"Influenza hospitalizations by borough","Bronx",2.08,"Percent"
2025-12-13,"Influenza hospitalizations by borough","Bronx",3.03,"Percent"
2025-12-20,"Influenza hospitalizations by borough","Bronx",4.45,"Percent"
2025-12-27,"Influenza hospitalizations by borough","Bronx",4,"Percent"
2026-01-03,"Influenza hospitalizations by borough","Bronx",2.84,"Percent"
2026-01-10,"Influenza hospitalizations by borough","Bronx",1.37,"Percent"
2026-01-17,"Influenza hospitalizations by borough","Bronx",0.54,"Percent"
2026-01-24,"Influenza hospitalizations by borough","Bronx",0.57,"Percent"
2026-01-31,"Influenza hospitalizations by borough","Bronx",0.27,"Percent"
2026-02-07,"Influenza hospitalizations by borough","Bronx",0.2,"Percent"
2026-02-14,"Influenza hospitalizations by borough","Bronx",0.2,"Percent"
2026-02-21,"Influenza hospitalizations by borough","Bronx",0.1,"Percent"
2026-02-28,"Influenza hospitalizations by borough","Bronx",0.3,"Percent"
2026-03-07,"Influenza hospitalizations by borough","Bronx",0.11,"Percent"
2026-03-14,"Influenza hospitalizations by borough","Bronx",0.33,"Percent"
2026-03-21,"Influenza hospitalizations by borough","Bronx",0.3,"Percent"
2026-03-28,"Influenza hospitalizations by borough","Bronx",0.26,"Percent"
2026-04-04,"Influenza hospitalizations by borough","Bronx",0.29,"Percent"
2026-04-11,"Influenza hospitalizations by borough","Bronx",0.1,"Percent"
2026-04-18,"Influenza hospitalizations by borough","Bronx",0.05,"Percent"
2026-04-25,"Influenza hospitalizations by borough","Bronx",0,"Percent"
2026-05-02,"Influenza hospitalizations by borough","Bronx",0.1,"Percent"
2026-05-09,"Influenza hospitalizations by borough","Bronx",0.1,"Percent"
2026-05-16,"Influenza hospitalizations by borough","Bronx",0.1,"Percent"
2026-05-23,"Influenza hospitalizations by borough","Bronx",0,"Percent"
2026-05-30,"Influenza hospitalizations by borough","Bronx",0.05,"Percent"
2026-06-06,"Influenza hospitalizations by borough","Bronx",0,"Percent"
2026-06-13,"Influenza hospitalizations by borough","Bronx",0.05,"Percent"
2026-06-20,"Influenza hospitalizations by borough","Bronx",0,"Percent"
2026-06-27,"Influenza hospitalizations by borough","Bronx",0,"Percent"
2026-07-04,"Influenza hospitalizations by borough","Bronx",0,"Percent"
2026-07-11,"Influenza hospitalizations by borough","Bronx",0.05,"Percent"
2026-07-18,"Influenza hospitalizations by borough","Bronx",0.05,"Percent"
2026-07-25,"Influenza hospitalizations by borough","Bronx",0,"Percent"
2026-08-01,"Influenza hospitalizations by borough","Bronx",0,"Percent"
2026-08-08,"Influenza hospitalizations by borough","Bronx",0.05,"Percent"
2026-08-15,"Influenza hospitalizations by borough","Bronx",0,"Percent"
2026-08-22,"Influenza hospitalizations by borough","Bronx",0,"Percent"
2026-08-29,"Influenza hospitalizations by borough","Bronx",0,"Percent"
2026-09-05,"Influenza hospitalizations by borough","Bronx",0,"Percent"
2023-09-09,"Influenza hospitalizations by borough","Brooklyn",0.09,"Percent"
2023-09-16,"Influenza hospitalizations by borough","Brooklyn",0.09,"Percent"
2023-09-23,"Influenza hospitalizations by borough","Brooklyn",0,"Percent"
2023-09-30,"Influenza hospitalizations by borough","Brooklyn",0.11,"Percent"
2023-10-07,"Influenza hospitalizations by borough","Brooklyn",0.03,"Percent"
2023-10-14,"Influenza hospitalizations by borough","Brooklyn",0.03,"Percent"
2023-10-21,"Influenza hospitalizations by borough","Brooklyn",0.08,"Percent"
2023-10-28,"Influenza hospitalizations by borough","Brooklyn",0.03,"Percent"
2023-11-04,"Influenza hospitalizations by borough","Brooklyn",0.09,"Percent"
2023-11-11,"Influenza hospitalizations by borough","Brooklyn",0.17,"Percent"
2023-11-18,"Influenza hospitalizations by borough","Brooklyn",0.37,"Percent"
2023-11-25,"Influenza hospitalizations by borough","Brooklyn",0.55,"Percent"
2023-12-02,"Influenza hospitalizations by borough","Brooklyn",0.87,"Percent"
2023-12-09,"Influenza hospitalizations by borough","Brooklyn",1.44,"Percent"
2023-12-16,"Influenza hospitalizations by borough","Brooklyn",2.27,"Percent"
2023-12-23,"Influenza hospitalizations by borough","Brooklyn",2.68,"Percent"
2023-12-30,"Influenza hospitalizations by borough","Brooklyn",3.51,"Percent"
2024-01-06,"Influenza hospitalizations by borough","Brooklyn",2.57,"Percent"
2024-01-13,"Influenza hospitalizations by borough","Brooklyn",2.73,"Percent"
2024-01-20,"Influenza hospitalizations by borough","Brooklyn",2,"Percent"
2024-01-27,"Influenza hospitalizations by borough","Brooklyn",2.1,"Percent"
2024-02-03,"Influenza hospitalizations by borough","Brooklyn",1.71,"Percent"
2024-02-10,"Influenza hospitalizations by borough","Brooklyn",1.36,"Percent"
2024-02-17,"Influenza hospitalizations by borough","Brooklyn",1.3,"Percent"
2024-02-24,"Influenza hospitalizations by borough","Brooklyn",1.61,"Percent"
2024-03-02,"Influenza hospitalizations by borough","Brooklyn",1.28,"Percent"
2024-03-09,"Influenza hospitalizations by borough","Brooklyn",0.77,"Percent"
2024-03-16,"Influenza hospitalizations by borough","Brooklyn",0.49,"Percent"
2024-03-23,"Influenza hospitalizations by borough","Brooklyn",0.49,"Percent"
2024-03-30,"Influenza hospitalizations by borough","Brooklyn",0.61,"Percent"
2024-04-06,"Influenza hospitalizations by borough","Brooklyn",0.76,"Percent"
2024-04-13,"Influenza hospitalizations by borough","Brooklyn",0.68,"Percent"
2024-04-20,"Influenza hospitalizations by borough","Brooklyn",0.4,"Percent"
2024-04-27,"Influenza hospitalizations by borough","Brooklyn",0.3,"Percent"
2024-05-04,"Influenza hospitalizations by borough","Brooklyn",0.24,"Percent"
2024-05-11,"Influenza hospitalizations by borough","Brooklyn",0.14,"Percent"
2024-05-18,"Influenza hospitalizations by borough","Brooklyn",0.11,"Percent"
2024-05-25,"Influenza hospitalizations by borough","Brooklyn",0.08,"Percent"
2024-06-01,"Influenza hospitalizations by borough","Brooklyn",0.06,"Percent"
2024-06-08,"Influenza hospitalizations by borough","Brooklyn",0.08,"Percent"
2024-06-15,"Influenza hospitalizations by borough","Brooklyn",0.08,"Percent"
2024-06-22,"Influenza hospitalizations by borough","Brooklyn",0.09,"Percent"
2024-06-29,"Influenza hospitalizations by borough","Brooklyn",0.14,"Percent"
2024-07-06,"Influenza hospitalizations by borough","Brooklyn",0.06,"Percent"
2024-07-13,"Influenza hospitalizations by borough","Brooklyn",0.11,"Percent"
2024-07-20,"Influenza hospitalizations by borough","Brooklyn",0.03,"Percent"
2024-07-27,"Influenza hospitalizations by borough","Brooklyn",0.03,"Percent"
2024-08-03,"Influenza hospitalizations by borough","Brooklyn",0.03,"Percent"
2024-08-10,"Influenza hospitalizations by borough","Brooklyn",0,"Percent"
2024-08-17,"Influenza hospitalizations by borough","Brooklyn",0.06,"Percent"
2024-08-24,"Influenza hospitalizations by borough","Brooklyn",0,"Percent"
2024-08-31,"Influenza hospitalizations by borough","Brooklyn",0,"Percent"
2024-09-07,"Influenza hospitalizations by borough","Brooklyn",0.03,"Percent"
2024-09-14,"Influenza hospitalizations by borough","Brooklyn",0.03,"Percent"
2024-09-21,"Influenza hospitalizations by borough","Brooklyn",0.03,"Percent"
2024-09-28,"Influenza hospitalizations by borough","Brooklyn",0.06,"Percent"
2024-10-05,"Influenza hospitalizations by borough","Brooklyn",0.03,"Percent"
2024-10-12,"Influenza hospitalizations by borough","Brooklyn",0.06,"Percent"
2024-10-19,"Influenza hospitalizations by borough","Brooklyn",0,"Percent"
2024-10-26,"Influenza hospitalizations by borough","Brooklyn",0.06,"Percent"
2024-11-02,"Influenza hospitalizations by borough","Brooklyn",0.06,"Percent"
2024-11-09,"Influenza hospitalizations by borough","Brooklyn",0.03,"Percent"
2024-11-16,"Influenza hospitalizations by borough","Brooklyn",0.13,"Percent"
2024-11-23,"Influenza hospitalizations by borough","Brooklyn",0.15,"Percent"
2024-11-30,"Influenza hospitalizations by borough","Brooklyn",0.34,"Percent"
2024-12-07,"Influenza hospitalizations by borough","Brooklyn",0.41,"Percent"
2024-12-14,"Influenza hospitalizations by borough","Brooklyn",1.01,"Percent"
2024-12-21,"Influenza hospitalizations by borough","Brooklyn",1.48,"Percent"
2024-12-28,"Influenza hospitalizations by borough","Brooklyn",2.82,"Percent"
2025-01-04,"Influenza hospitalizations by borough","Brooklyn",4,"Percent"
2025-01-11,"Influenza hospitalizations by borough","Brooklyn",2.64,"Percent"
2025-01-18,"Influenza hospitalizations by borough","Brooklyn",3.67,"Percent"
2025-01-25,"Influenza hospitalizations by borough","Brooklyn",4.56,"Percent"
2025-02-01,"Influenza hospitalizations by borough","Brooklyn",3.88,"Percent"
2025-02-08,"Influenza hospitalizations by borough","Brooklyn",3.75,"Percent"
2025-02-15,"Influenza hospitalizations by borough","Brooklyn",2.12,"Percent"
2025-02-22,"Influenza hospitalizations by borough","Brooklyn",2.13,"Percent"
2025-03-01,"Influenza hospitalizations by borough","Brooklyn",1.89,"Percent"
2025-03-08,"Influenza hospitalizations by borough","Brooklyn",1.23,"Percent"
2025-03-15,"Influenza hospitalizations by borough","Brooklyn",0.63,"Percent"
2025-03-22,"Influenza hospitalizations by borough","Brooklyn",0.86,"Percent"
2025-03-29,"Influenza hospitalizations by borough","Brooklyn",0.37,"Percent"
2025-04-05,"Influenza hospitalizations by borough","Brooklyn",0.29,"Percent"
2025-04-12,"Influenza hospitalizations by borough","Brooklyn",0.09,"Percent"
2025-04-19,"Influenza hospitalizations by borough","Brooklyn",0.15,"Percent"
2025-04-26,"Influenza hospitalizations by borough","Brooklyn",0.12,"Percent"
2025-05-03,"Influenza hospitalizations by borough","Brooklyn",0.15,"Percent"
2025-05-10,"Influenza hospitalizations by borough","Brooklyn",0.12,"Percent"
2025-05-17,"Influenza hospitalizations by borough","Brooklyn",0.03,"Percent"
2025-05-24,"Influenza hospitalizations by borough","Brooklyn",0.09,"Percent"
2025-05-31,"Influenza hospitalizations by borough","Brooklyn",0.03,"Percent"
2025-06-07,"Influenza hospitalizations by borough","Brooklyn",0.15,"Percent"
2025-06-14,"Influenza hospitalizations by borough","Brooklyn",0.09,"Percent"
2025-06-21,"Influenza hospitalizations by borough","Brooklyn",0.03,"Percent"
2025-06-28,"Influenza hospitalizations by borough","Brooklyn",0.09,"Percent"
2025-07-05,"Influenza hospitalizations by borough","Brooklyn",0.03,"Percent"
2025-07-12,"Influenza hospitalizations by borough","Brooklyn",0,"Percent"
2025-07-19,"Influenza hospitalizations by borough","Brooklyn",0.03,"Percent"
2025-07-26,"Influenza hospitalizations by borough","Brooklyn",0,"Percent"
2025-08-02,"Influenza hospitalizations by borough","Brooklyn",0.03,"Percent"
2025-08-09,"Influenza hospitalizations by borough","Brooklyn",0.03,"Percent"
2025-08-16,"Influenza hospitalizations by borough","Brooklyn",0,"Percent"
2025-08-23,"Influenza hospitalizations by borough","Brooklyn",0,"Percent"
2025-08-30,"Influenza hospitalizations by borough","Brooklyn",0,"Percent"
2025-09-06,"Influenza hospitalizations by borough","Brooklyn",0.03,"Percent"
2025-09-13,"Influenza hospitalizations by borough","Brooklyn",0,"Percent"
2025-09-20,"Influenza hospitalizations by borough","Brooklyn",0.06,"Percent"
2025-09-27,"Influenza hospitalizations by borough","Brooklyn",0.06,"Percent"
2025-10-04,"Influenza hospitalizations by borough","Brooklyn",0.09,"Percent"
2025-10-11,"Influenza hospitalizations by borough","Brooklyn",0.03,"Percent"
2025-10-18,"Influenza hospitalizations by borough","Brooklyn",0.03,"Percent"
2025-10-25,"Influenza hospitalizations by borough","Brooklyn",0.03,"Percent"
2025-11-01,"Influenza hospitalizations by borough","Brooklyn",0.06,"Percent"
2025-11-08,"Influenza hospitalizations by borough","Brooklyn",0.17,"Percent"
2025-11-15,"Influenza hospitalizations by borough","Brooklyn",0.56,"Percent"
2025-11-22,"Influenza hospitalizations by borough","Brooklyn",0.62,"Percent"
2025-11-29,"Influenza hospitalizations by borough","Brooklyn",0.96,"Percent"
2025-12-06,"Influenza hospitalizations by borough","Brooklyn",1.52,"Percent"
2025-12-13,"Influenza hospitalizations by borough","Brooklyn",2.84,"Percent"
2025-12-20,"Influenza hospitalizations by borough","Brooklyn",4.51,"Percent"
2025-12-27,"Influenza hospitalizations by borough","Brooklyn",3.41,"Percent"
2026-01-03,"Influenza hospitalizations by borough","Brooklyn",3.18,"Percent"
2026-01-10,"Influenza hospitalizations by borough","Brooklyn",1.74,"Percent"
2026-01-17,"Influenza hospitalizations by borough","Brooklyn",0.81,"Percent"
2026-01-24,"Influenza hospitalizations by borough","Brooklyn",0.57,"Percent"
2026-01-31,"Influenza hospitalizations by borough","Brooklyn",0.32,"Percent"
2026-02-07,"Influenza hospitalizations by borough","Brooklyn",0.09,"Percent"
2026-02-14,"Influenza hospitalizations by borough","Brooklyn",0.12,"Percent"
2026-02-21,"Influenza hospitalizations by borough","Brooklyn",0.26,"Percent"
2026-02-28,"Influenza hospitalizations by borough","Brooklyn",0.23,"Percent"
2026-03-07,"Influenza hospitalizations by borough","Brooklyn",0.24,"Percent"
2026-03-14,"Influenza hospitalizations by borough","Brooklyn",0.31,"Percent"
2026-03-21,"Influenza hospitalizations by borough","Brooklyn",0.08,"Percent"
2026-03-28,"Influenza hospitalizations by borough","Brooklyn",0.36,"Percent"
2026-04-04,"Influenza hospitalizations by borough","Brooklyn",0.33,"Percent"
2026-04-11,"Influenza hospitalizations by borough","Brooklyn",0.27,"Percent"
2026-04-18,"Influenza hospitalizations by borough","Brooklyn",0.03,"Percent"
2026-04-25,"Influenza hospitalizations by borough","Brooklyn",0.03,"Percent"
2026-05-02,"Influenza hospitalizations by borough","Brooklyn",0.08,"Percent"
2026-05-09,"Influenza hospitalizations by borough","Brooklyn",0.11,"Percent"
2026-05-16,"Influenza hospitalizations by borough","Brooklyn",0,"Percent"
2026-05-23,"Influenza hospitalizations by borough","Brooklyn",0.03,"Percent"
2026-05-30,"Influenza hospitalizations by borough","Brooklyn",0.06,"Percent"
2026-06-06,"Influenza hospitalizations by borough","Brooklyn",0,"Percent"
2026-06-13,"Influenza hospitalizations by borough","Brooklyn",0.05,"Percent"
2026-06-20,"Influenza hospitalizations by borough","Brooklyn",0.03,"Percent"
2026-06-27,"Influenza hospitalizations by borough","Brooklyn",0.03,"Percent"
2026-07-04,"Influenza hospitalizations by borough","Brooklyn",0.08,"Percent"
2026-07-11,"Influenza hospitalizations by borough","Brooklyn",0,"Percent"
2026-07-18,"Influenza hospitalizations by borough","Brooklyn",0.08,"Percent"
2026-07-25,"Influenza hospitalizations by borough","Brooklyn",0,"Percent"
2026-08-01,"Influenza hospitalizations by borough","Brooklyn",0.03,"Percent"
2026-08-08,"Influenza hospitalizations by borough","Brooklyn",0,"Percent"
2026-08-15,"Influenza hospitalizations by borough","Brooklyn",0,"Percent"
2026-08-22,"Influenza hospitalizations by borough","Brooklyn",0,"Percent"
2026-08-29,"Influenza hospitalizations by borough","Brooklyn",0.03,"Percent"
2026-09-05,"Influenza hospitalizations by borough","Brooklyn",0.03,"Percent"
2023-09-09,"Influenza hospitalizations by borough","Manhattan",0,"Percent"
2023-09-16,"Influenza hospitalizations by borough","Manhattan",0.15,"Percent"
2023-09-23,"Influenza hospitalizations by borough","Manhattan",0.05,"Percent"
2023-09-30,"Influenza hospitalizations by borough","Manhattan",0.05,"Percent"
2023-10-07,"Influenza hospitalizations by borough","Manhattan",0,"Percent"
2023-10-14,"Influenza hospitalizations by borough","Manhattan",0.14,"Percent"
2023-10-21,"Influenza hospitalizations by borough","Manhattan",0.09,"Percent"
2023-10-28,"Influenza hospitalizations by borough","Manhattan",0.09,"Percent"
2023-11-04,"Influenza hospitalizations by borough","Manhattan",0.1,"Percent"
2023-11-11,"Influenza hospitalizations by borough","Manhattan",0.09,"Percent"
2023-11-18,"Influenza hospitalizations by borough","Manhattan",0.47,"Percent"
2023-11-25,"Influenza hospitalizations by borough","Manhattan",0.41,"Percent"
2023-12-02,"Influenza hospitalizations by borough","Manhattan",1.01,"Percent"
2023-12-09,"Influenza hospitalizations by borough","Manhattan",1.04,"Percent"
2023-12-16,"Influenza hospitalizations by borough","Manhattan",1.48,"Percent"
2023-12-23,"Influenza hospitalizations by borough","Manhattan",2.42,"Percent"
2023-12-30,"Influenza hospitalizations by borough","Manhattan",2.23,"Percent"
2024-01-06,"Influenza hospitalizations by borough","Manhattan",2.06,"Percent"
2024-01-13,"Influenza hospitalizations by borough","Manhattan",2.35,"Percent"
2024-01-20,"Influenza hospitalizations by borough","Manhattan",1.29,"Percent"
2024-01-27,"Influenza hospitalizations by borough","Manhattan",1.56,"Percent"
2024-02-03,"Influenza hospitalizations by borough","Manhattan",1.33,"Percent"
2024-02-10,"Influenza hospitalizations by borough","Manhattan",0.86,"Percent"
2024-02-17,"Influenza hospitalizations by borough","Manhattan",0.97,"Percent"
2024-02-24,"Influenza hospitalizations by borough","Manhattan",0.73,"Percent"
2024-03-02,"Influenza hospitalizations by borough","Manhattan",0.86,"Percent"
2024-03-09,"Influenza hospitalizations by borough","Manhattan",0.67,"Percent"
2024-03-16,"Influenza hospitalizations by borough","Manhattan",0.19,"Percent"
2024-03-23,"Influenza hospitalizations by borough","Manhattan",0.92,"Percent"
2024-03-30,"Influenza hospitalizations by borough","Manhattan",0.46,"Percent"
2024-04-06,"Influenza hospitalizations by borough","Manhattan",0.43,"Percent"
2024-04-13,"Influenza hospitalizations by borough","Manhattan",0.35,"Percent"
2024-04-20,"Influenza hospitalizations by borough","Manhattan",0.23,"Percent"
2024-04-27,"Influenza hospitalizations by borough","Manhattan",0.2,"Percent"
2024-05-04,"Influenza hospitalizations by borough","Manhattan",0.1,"Percent"
2024-05-11,"Influenza hospitalizations by borough","Manhattan",0,"Percent"
2024-05-18,"Influenza hospitalizations by borough","Manhattan",0.14,"Percent"
2024-05-25,"Influenza hospitalizations by borough","Manhattan",0,"Percent"
2024-06-01,"Influenza hospitalizations by borough","Manhattan",0.05,"Percent"
2024-06-08,"Influenza hospitalizations by borough","Manhattan",0,"Percent"
2024-06-15,"Influenza hospitalizations by borough","Manhattan",0,"Percent"
2024-06-22,"Influenza hospitalizations by borough","Manhattan",0,"Percent"
2024-06-29,"Influenza hospitalizations by borough","Manhattan",0.1,"Percent"
2024-07-06,"Influenza hospitalizations by borough","Manhattan",0.05,"Percent"
2024-07-13,"Influenza hospitalizations by borough","Manhattan",0.05,"Percent"
2024-07-20,"Influenza hospitalizations by borough","Manhattan",0,"Percent"
2024-07-27,"Influenza hospitalizations by borough","Manhattan",0,"Percent"
2024-08-03,"Influenza hospitalizations by borough","Manhattan",0.05,"Percent"
2024-08-10,"Influenza hospitalizations by borough","Manhattan",0.1,"Percent"
2024-08-17,"Influenza hospitalizations by borough","Manhattan",0,"Percent"
2024-08-24,"Influenza hospitalizations by borough","Manhattan",0.05,"Percent"
2024-08-31,"Influenza hospitalizations by borough","Manhattan",0.05,"Percent"
2024-09-07,"Influenza hospitalizations by borough","Manhattan",0.05,"Percent"
2024-09-14,"Influenza hospitalizations by borough","Manhattan",0.05,"Percent"
2024-09-21,"Influenza hospitalizations by borough","Manhattan",0,"Percent"
2024-09-28,"Influenza hospitalizations by borough","Manhattan",0.06,"Percent"
2024-10-05,"Influenza hospitalizations by borough","Manhattan",0,"Percent"
2024-10-12,"Influenza hospitalizations by borough","Manhattan",0,"Percent"
2024-10-19,"Influenza hospitalizations by borough","Manhattan",0,"Percent"
2024-10-26,"Influenza hospitalizations by borough","Manhattan",0,"Percent"
2024-11-02,"Influenza hospitalizations by borough","Manhattan",0,"Percent"
2024-11-09,"Influenza hospitalizations by borough","Manhattan",0.07,"Percent"
2024-11-16,"Influenza hospitalizations by borough","Manhattan",0,"Percent"
2024-11-23,"Influenza hospitalizations by borough","Manhattan",0.06,"Percent"
2024-11-30,"Influenza hospitalizations by borough","Manhattan",0.14,"Percent"
2024-12-07,"Influenza hospitalizations by borough","Manhattan",0.21,"Percent"
2024-12-14,"Influenza hospitalizations by borough","Manhattan",0.13,"Percent"
2024-12-21,"Influenza hospitalizations by borough","Manhattan",0.84,"Percent"
2024-12-28,"Influenza hospitalizations by borough","Manhattan",1.86,"Percent"
2025-01-04,"Influenza hospitalizations by borough","Manhattan",3.13,"Percent"
2025-01-11,"Influenza hospitalizations by borough","Manhattan",1.87,"Percent"
2025-01-18,"Influenza hospitalizations by borough","Manhattan",3.01,"Percent"
2025-01-25,"Influenza hospitalizations by borough","Manhattan",2.68,"Percent"
2025-02-01,"Influenza hospitalizations by borough","Manhattan",3.23,"Percent"
2025-02-08,"Influenza hospitalizations by borough","Manhattan",2.61,"Percent"
2025-02-15,"Influenza hospitalizations by borough","Manhattan",1.77,"Percent"
2025-02-22,"Influenza hospitalizations by borough","Manhattan",0.77,"Percent"
2025-03-01,"Influenza hospitalizations by borough","Manhattan",0.7,"Percent"
2025-03-08,"Influenza hospitalizations by borough","Manhattan",0.71,"Percent"
2025-03-15,"Influenza hospitalizations by borough","Manhattan",0.78,"Percent"
2025-03-22,"Influenza hospitalizations by borough","Manhattan",0.13,"Percent"
2025-03-29,"Influenza hospitalizations by borough","Manhattan",0.47,"Percent"
2025-04-05,"Influenza hospitalizations by borough","Manhattan",0.39,"Percent"
2025-04-12,"Influenza hospitalizations by borough","Manhattan",0.14,"Percent"
2025-04-19,"Influenza hospitalizations by borough","Manhattan",0.13,"Percent"
2025-04-26,"Influenza hospitalizations by borough","Manhattan",0.07,"Percent"
2025-05-03,"Influenza hospitalizations by borough","Manhattan",0,"Percent"
2025-05-10,"Influenza hospitalizations by borough","Manhattan",0,"Percent"
2025-05-17,"Influenza hospitalizations by borough","Manhattan",0.2,"Percent"
2025-05-24,"Influenza hospitalizations by borough","Manhattan",0,"Percent"
2025-05-31,"Influenza hospitalizations by borough","Manhattan",0,"Percent"
2025-06-07,"Influenza hospitalizations by borough","Manhattan",0,"Percent"
2025-06-14,"Influenza hospitalizations by borough","Manhattan",0,"Percent"
2025-06-21,"Influenza hospitalizations by borough","Manhattan",0.07,"Percent"
2025-06-28,"Influenza hospitalizations by borough","Manhattan",0,"Percent"
2025-07-05,"Influenza hospitalizations by borough","Manhattan",0,"Percent"
2025-07-12,"Influenza hospitalizations by borough","Manhattan",0,"Percent"
2025-07-19,"Influenza hospitalizations by borough","Manhattan",0,"Percent"
2025-07-26,"Influenza hospitalizations by borough","Manhattan",0.07,"Percent"
2025-08-02,"Influenza hospitalizations by borough","Manhattan",0,"Percent"
2025-08-09,"Influenza hospitalizations by borough","Manhattan",0.13,"Percent"
2025-08-16,"Influenza hospitalizations by borough","Manhattan",0.06,"Percent"
2025-08-23,"Influenza hospitalizations by borough","Manhattan",0,"Percent"
2025-08-30,"Influenza hospitalizations by borough","Manhattan",0,"Percent"
2025-09-06,"Influenza hospitalizations by borough","Manhattan",0,"Percent"
2025-09-13,"Influenza hospitalizations by borough","Manhattan",0.07,"Percent"
2025-09-20,"Influenza hospitalizations by borough","Manhattan",0,"Percent"
2025-09-27,"Influenza hospitalizations by borough","Manhattan",0,"Percent"
2025-10-04,"Influenza hospitalizations by borough","Manhattan",0,"Percent"
2025-10-11,"Influenza hospitalizations by borough","Manhattan",0,"Percent"
2025-10-18,"Influenza hospitalizations by borough","Manhattan",0,"Percent"
2025-10-25,"Influenza hospitalizations by borough","Manhattan",0,"Percent"
2025-11-01,"Influenza hospitalizations by borough","Manhattan",0,"Percent"
2025-11-08,"Influenza hospitalizations by borough","Manhattan",0.13,"Percent"
2025-11-15,"Influenza hospitalizations by borough","Manhattan",0.21,"Percent"
2025-11-22,"Influenza hospitalizations by borough","Manhattan",0.34,"Percent"
2025-11-29,"Influenza hospitalizations by borough","Manhattan",1.11,"Percent"
2025-12-06,"Influenza hospitalizations by borough","Manhattan",0.84,"Percent"
2025-12-13,"Influenza hospitalizations by borough","Manhattan",2.18,"Percent"
2025-12-20,"Influenza hospitalizations by borough","Manhattan",4.22,"Percent"
2025-12-27,"Influenza hospitalizations by borough","Manhattan",4.53,"Percent"
2026-01-03,"Influenza hospitalizations by borough","Manhattan",2.44,"Percent"
2026-01-10,"Influenza hospitalizations by borough","Manhattan",1.46,"Percent"
2026-01-17,"Influenza hospitalizations by borough","Manhattan",0.76,"Percent"
2026-01-24,"Influenza hospitalizations by borough","Manhattan",0.22,"Percent"
2026-01-31,"Influenza hospitalizations by borough","Manhattan",0.14,"Percent"
2026-02-07,"Influenza hospitalizations by borough","Manhattan",0.26,"Percent"
2026-02-14,"Influenza hospitalizations by borough","Manhattan",0.27,"Percent"
2026-02-21,"Influenza hospitalizations by borough","Manhattan",0.47,"Percent"
2026-02-28,"Influenza hospitalizations by borough","Manhattan",0.22,"Percent"
2026-03-07,"Influenza hospitalizations by borough","Manhattan",0.28,"Percent"
2026-03-14,"Influenza hospitalizations by borough","Manhattan",0.07,"Percent"
2026-03-21,"Influenza hospitalizations by borough","Manhattan",0.14,"Percent"
2026-03-28,"Influenza hospitalizations by borough","Manhattan",0.14,"Percent"
2026-04-04,"Influenza hospitalizations by borough","Manhattan",0.29,"Percent"
2026-04-11,"Influenza hospitalizations by borough","Manhattan",0.2,"Percent"
2026-04-18,"Influenza hospitalizations by borough","Manhattan",0.2,"Percent"
2026-04-25,"Influenza hospitalizations by borough","Manhattan",0.07,"Percent"
2026-05-02,"Influenza hospitalizations by borough","Manhattan",0.06,"Percent"
2026-05-09,"Influenza hospitalizations by borough","Manhattan",0.07,"Percent"
2026-05-16,"Influenza hospitalizations by borough","Manhattan",0,"Percent"
2026-05-23,"Influenza hospitalizations by borough","Manhattan",0.13,"Percent"
2026-05-30,"Influenza hospitalizations by borough","Manhattan",0,"Percent"
2026-06-06,"Influenza hospitalizations by borough","Manhattan",0,"Percent"
2026-06-13,"Influenza hospitalizations by borough","Manhattan",0,"Percent"
2026-06-20,"Influenza hospitalizations by borough","Manhattan",0.1,"Percent"
2026-06-27,"Influenza hospitalizations by borough","Manhattan",0.05,"Percent"
2026-07-04,"Influenza hospitalizations by borough","Manhattan",0.05,"Percent"
2026-07-11,"Influenza hospitalizations by borough","Manhattan",0,"Percent"
2026-07-18,"Influenza hospitalizations by borough","Manhattan",0.09,"Percent"
2026-07-25,"Influenza hospitalizations by borough","Manhattan",0.15,"Percent"
2026-08-01,"Influenza hospitalizations by borough","Manhattan",0.05,"Percent"
2026-08-08,"Influenza hospitalizations by borough","Manhattan",0,"Percent"
2026-08-15,"Influenza hospitalizations by borough","Manhattan",0,"Percent"
2026-08-22,"Influenza hospitalizations by borough","Manhattan",0,"Percent"
2026-08-29,"Influenza hospitalizations by borough","Manhattan",0.05,"Percent"
2026-09-05,"Influenza hospitalizations by borough","Manhattan",0.05,"Percent"
2023-09-09,"Influenza hospitalizations by borough","Queens",0.08,"Percent"
2023-09-16,"Influenza hospitalizations by borough","Queens",0.04,"Percent"
2023-09-23,"Influenza hospitalizations by borough","Queens",0.09,"Percent"
2023-09-30,"Influenza hospitalizations by borough","Queens",0.13,"Percent"
2023-10-07,"Influenza hospitalizations by borough","Queens",0.24,"Percent"
2023-10-14,"Influenza hospitalizations by borough","Queens",0,"Percent"
2023-10-21,"Influenza hospitalizations by borough","Queens",0.33,"Percent"
2023-10-28,"Influenza hospitalizations by borough","Queens",0.21,"Percent"
2023-11-04,"Influenza hospitalizations by borough","Queens",0.27,"Percent"
2023-11-11,"Influenza hospitalizations by borough","Queens",0.45,"Percent"
2023-11-18,"Influenza hospitalizations by borough","Queens",0.35,"Percent"
2023-11-25,"Influenza hospitalizations by borough","Queens",0.51,"Percent"
2023-12-02,"Influenza hospitalizations by borough","Queens",1.03,"Percent"
2023-12-09,"Influenza hospitalizations by borough","Queens",1.09,"Percent"
2023-12-16,"Influenza hospitalizations by borough","Queens",2.14,"Percent"
2023-12-23,"Influenza hospitalizations by borough","Queens",2.78,"Percent"
2023-12-30,"Influenza hospitalizations by borough","Queens",4.66,"Percent"
2024-01-06,"Influenza hospitalizations by borough","Queens",3.53,"Percent"
2024-01-13,"Influenza hospitalizations by borough","Queens",3.38,"Percent"
2024-01-20,"Influenza hospitalizations by borough","Queens",2.89,"Percent"
2024-01-27,"Influenza hospitalizations by borough","Queens",1.77,"Percent"
2024-02-03,"Influenza hospitalizations by borough","Queens",1.54,"Percent"
2024-02-10,"Influenza hospitalizations by borough","Queens",1.85,"Percent"
2024-02-17,"Influenza hospitalizations by borough","Queens",1.64,"Percent"
2024-02-24,"Influenza hospitalizations by borough","Queens",1.83,"Percent"
2024-03-02,"Influenza hospitalizations by borough","Queens",1.54,"Percent"
2024-03-09,"Influenza hospitalizations by borough","Queens",1.09,"Percent"
2024-03-16,"Influenza hospitalizations by borough","Queens",0.76,"Percent"
2024-03-23,"Influenza hospitalizations by borough","Queens",0.46,"Percent"
2024-03-30,"Influenza hospitalizations by borough","Queens",0.57,"Percent"
2024-04-06,"Influenza hospitalizations by borough","Queens",0.42,"Percent"
2024-04-13,"Influenza hospitalizations by borough","Queens",0.44,"Percent"
2024-04-20,"Influenza hospitalizations by borough","Queens",0.16,"Percent"
2024-04-27,"Influenza hospitalizations by borough","Queens",0.22,"Percent"
2024-05-04,"Influenza hospitalizations by borough","Queens",0.25,"Percent"
2024-05-11,"Influenza hospitalizations by borough","Queens",0.21,"Percent"
2024-05-18,"Influenza hospitalizations by borough","Queens",0.04,"Percent"
2024-05-25,"Influenza hospitalizations by borough","Queens",0.08,"Percent"
2024-06-01,"Influenza hospitalizations by borough","Queens",0.08,"Percent"
2024-06-08,"Influenza hospitalizations by borough","Queens",0.04,"Percent"
2024-06-15,"Influenza hospitalizations by borough","Queens",0,"Percent"
2024-06-22,"Influenza hospitalizations by borough","Queens",0,"Percent"
2024-06-29,"Influenza hospitalizations by borough","Queens",0.13,"Percent"
2024-07-06,"Influenza hospitalizations by borough","Queens",0.3,"Percent"
2024-07-13,"Influenza hospitalizations by borough","Queens",0.17,"Percent"
2024-07-20,"Influenza hospitalizations by borough","Queens",0.12,"Percent"
2024-07-27,"Influenza hospitalizations by borough","Queens",0.18,"Percent"
2024-08-03,"Influenza hospitalizations by borough","Queens",0.13,"Percent"
2024-08-10,"Influenza hospitalizations by borough","Queens",0.04,"Percent"
2024-08-17,"Influenza hospitalizations by borough","Queens",0,"Percent"
2024-08-24,"Influenza hospitalizations by borough","Queens",0,"Percent"
2024-08-31,"Influenza hospitalizations by borough","Queens",0.04,"Percent"
2024-09-07,"Influenza hospitalizations by borough","Queens",0.13,"Percent"
2024-09-14,"Influenza hospitalizations by borough","Queens",0.12,"Percent"
2024-09-21,"Influenza hospitalizations by borough","Queens",0.04,"Percent"
2024-09-28,"Influenza hospitalizations by borough","Queens",0,"Percent"
2024-10-05,"Influenza hospitalizations by borough","Queens",0,"Percent"
2024-10-12,"Influenza hospitalizations by borough","Queens",0.14,"Percent"
2024-10-19,"Influenza hospitalizations by borough","Queens",0.05,"Percent"
2024-10-26,"Influenza hospitalizations by borough","Queens",0.05,"Percent"
2024-11-02,"Influenza hospitalizations by borough","Queens",0.08,"Percent"
2024-11-09,"Influenza hospitalizations by borough","Queens",0.09,"Percent"
2024-11-16,"Influenza hospitalizations by borough","Queens",0.19,"Percent"
2024-11-23,"Influenza hospitalizations by borough","Queens",0.14,"Percent"
2024-11-30,"Influenza hospitalizations by borough","Queens",0.25,"Percent"
2024-12-07,"Influenza hospitalizations by borough","Queens",0.46,"Percent"
2024-12-14,"Influenza hospitalizations by borough","Queens",0.72,"Percent"
2024-12-21,"Influenza hospitalizations by borough","Queens",1.51,"Percent"
2024-12-28,"Influenza hospitalizations by borough","Queens",2.97,"Percent"
2025-01-04,"Influenza hospitalizations by borough","Queens",4.16,"Percent"
2025-01-11,"Influenza hospitalizations by borough","Queens",4.49,"Percent"
2025-01-18,"Influenza hospitalizations by borough","Queens",4.65,"Percent"
2025-01-25,"Influenza hospitalizations by borough","Queens",5.48,"Percent"
2025-02-01,"Influenza hospitalizations by borough","Queens",5.26,"Percent"
2025-02-08,"Influenza hospitalizations by borough","Queens",4.46,"Percent"
2025-02-15,"Influenza hospitalizations by borough","Queens",3.57,"Percent"
2025-02-22,"Influenza hospitalizations by borough","Queens",2.57,"Percent"
2025-03-01,"Influenza hospitalizations by borough","Queens",2.01,"Percent"
2025-03-08,"Influenza hospitalizations by borough","Queens",1.68,"Percent"
2025-03-15,"Influenza hospitalizations by borough","Queens",0.8,"Percent"
2025-03-22,"Influenza hospitalizations by borough","Queens",0.71,"Percent"
2025-03-29,"Influenza hospitalizations by borough","Queens",0.33,"Percent"
2025-04-05,"Influenza hospitalizations by borough","Queens",0.47,"Percent"
2025-04-12,"Influenza hospitalizations by borough","Queens",0.33,"Percent"
2025-04-19,"Influenza hospitalizations by borough","Queens",0.23,"Percent"
2025-04-26,"Influenza hospitalizations by borough","Queens",0.22,"Percent"
2025-05-03,"Influenza hospitalizations by borough","Queens",0.23,"Percent"
2025-05-10,"Influenza hospitalizations by borough","Queens",0.18,"Percent"
2025-05-17,"Influenza hospitalizations by borough","Queens",0.19,"Percent"
2025-05-24,"Influenza hospitalizations by borough","Queens",0.09,"Percent"
2025-05-31,"Influenza hospitalizations by borough","Queens",0.09,"Percent"
2025-06-07,"Influenza hospitalizations by borough","Queens",0.14,"Percent"
2025-06-14,"Influenza hospitalizations by borough","Queens",0.18,"Percent"
2025-06-21,"Influenza hospitalizations by borough","Queens",0.09,"Percent"
2025-06-28,"Influenza hospitalizations by borough","Queens",0.05,"Percent"
2025-07-05,"Influenza hospitalizations by borough","Queens",0,"Percent"
2025-07-12,"Influenza hospitalizations by borough","Queens",0.13,"Percent"
2025-07-19,"Influenza hospitalizations by borough","Queens",0,"Percent"
2025-07-26,"Influenza hospitalizations by borough","Queens",0.14,"Percent"
2025-08-02,"Influenza hospitalizations by borough","Queens",0,"Percent"
2025-08-09,"Influenza hospitalizations by borough","Queens",0,"Percent"
2025-08-16,"Influenza hospitalizations by borough","Queens",0,"Percent"
2025-08-23,"Influenza hospitalizations by borough","Queens",0.1,"Percent"
2025-08-30,"Influenza hospitalizations by borough","Queens",0.05,"Percent"
2025-09-06,"Influenza hospitalizations by borough","Queens",0.12,"Percent"
2025-09-13,"Influenza hospitalizations by borough","Queens",0,"Percent"
2025-09-20,"Influenza hospitalizations by borough","Queens",0,"Percent"
2025-09-27,"Influenza hospitalizations by borough","Queens",0.09,"Percent"
2025-10-04,"Influenza hospitalizations by borough","Queens",0,"Percent"
2025-10-11,"Influenza hospitalizations by borough","Queens",0,"Percent"
2025-10-18,"Influenza hospitalizations by borough","Queens",0,"Percent"
2025-10-25,"Influenza hospitalizations by borough","Queens",0.04,"Percent"
2025-11-01,"Influenza hospitalizations by borough","Queens",0.09,"Percent"
2025-11-08,"Influenza hospitalizations by borough","Queens",0.28,"Percent"
2025-11-15,"Influenza hospitalizations by borough","Queens",0.23,"Percent"
2025-11-22,"Influenza hospitalizations by borough","Queens",1.25,"Percent"
2025-11-29,"Influenza hospitalizations by borough","Queens",2.14,"Percent"
2025-12-06,"Influenza hospitalizations by borough","Queens",2.98,"Percent"
2025-12-13,"Influenza hospitalizations by borough","Queens",4.56,"Percent"
2025-12-20,"Influenza hospitalizations by borough","Queens",5.71,"Percent"
2025-12-27,"Influenza hospitalizations by borough","Queens",6.45,"Percent"
2026-01-03,"Influenza hospitalizations by borough","Queens",4.99,"Percent"
2026-01-10,"Influenza hospitalizations by borough","Queens",3.08,"Percent"
2026-01-17,"Influenza hospitalizations by borough","Queens",1.51,"Percent"
2026-01-24,"Influenza hospitalizations by borough","Queens",0.93,"Percent"
2026-01-31,"Influenza hospitalizations by borough","Queens",0.43,"Percent"
2026-02-07,"Influenza hospitalizations by borough","Queens",0.23,"Percent"
2026-02-14,"Influenza hospitalizations by borough","Queens",0.46,"Percent"
2026-02-21,"Influenza hospitalizations by borough","Queens",0.31,"Percent"
2026-02-28,"Influenza hospitalizations by borough","Queens",0.58,"Percent"
2026-03-07,"Influenza hospitalizations by borough","Queens",0.33,"Percent"
2026-03-14,"Influenza hospitalizations by borough","Queens",0.45,"Percent"
2026-03-21,"Influenza hospitalizations by borough","Queens",0.55,"Percent"
2026-03-28,"Influenza hospitalizations by borough","Queens",0.18,"Percent"
2026-04-04,"Influenza hospitalizations by borough","Queens",0.37,"Percent"
2026-04-11,"Influenza hospitalizations by borough","Queens",0.28,"Percent"
2026-04-18,"Influenza hospitalizations by borough","Queens",0.13,"Percent"
2026-04-25,"Influenza hospitalizations by borough","Queens",0.36,"Percent"
2026-05-02,"Influenza hospitalizations by borough","Queens",0.18,"Percent"
2026-05-09,"Influenza hospitalizations by borough","Queens",0,"Percent"
2026-05-16,"Influenza hospitalizations by borough","Queens",0.09,"Percent"
2026-05-23,"Influenza hospitalizations by borough","Queens",0.09,"Percent"
2026-05-30,"Influenza hospitalizations by borough","Queens",0,"Percent"
2026-06-06,"Influenza hospitalizations by borough","Queens",0.08,"Percent"
2026-06-13,"Influenza hospitalizations by borough","Queens",0.11,"Percent"
2026-06-20,"Influenza hospitalizations by borough","Queens",0.04,"Percent"
2026-06-27,"Influenza hospitalizations by borough","Queens",0,"Percent"
2026-07-04,"Influenza hospitalizations by borough","Queens",0.04,"Percent"
2026-07-11,"Influenza hospitalizations by borough","Queens",0.04,"Percent"
2026-07-18,"Influenza hospitalizations by borough","Queens",0.08,"Percent"
2026-07-25,"Influenza hospitalizations by borough","Queens",0,"Percent"
2026-08-01,"Influenza hospitalizations by borough","Queens",0.04,"Percent"
2026-08-08,"Influenza hospitalizations by borough","Queens",0.04,"Percent"
2026-08-15,"Influenza hospitalizations by borough","Queens",0.07,"Percent"
2026-08-22,"Influenza hospitalizations by borough","Queens",0.08,"Percent"
2026-08-29,"Influenza hospitalizations by borough","Queens",0.07,"Percent"
2026-09-05,"Influenza hospitalizations by borough","Queens",0.04,"Percent"
2023-09-09,"Influenza hospitalizations by borough","Staten Island",0,"Percent"
2023-09-16,"Influenza hospitalizations by borough","Staten Island",0,"Percent"
2023-09-23,"Influenza hospitalizations by borough","Staten Island",0,"Percent"
2023-09-30,"Influenza hospitalizations by borough","Staten Island",0,"Percent"
2023-10-07,"Influenza hospitalizations by borough","Staten Island",0.14,"Percent"
2023-10-14,"Influenza hospitalizations by borough","Staten Island",0,"Percent"
2023-10-21,"Influenza hospitalizations by borough","Staten Island",0.15,"Percent"
2023-10-28,"Influenza hospitalizations by borough","Staten Island",0.3,"Percent"
2023-11-04,"Influenza hospitalizations by borough","Staten Island",0,"Percent"
2023-11-11,"Influenza hospitalizations by borough","Staten Island",0,"Percent"
2023-11-18,"Influenza hospitalizations by borough","Staten Island",0.83,"Percent"
2023-11-25,"Influenza hospitalizations by borough","Staten Island",0.18,"Percent"
2023-12-02,"Influenza hospitalizations by borough","Staten Island",1.16,"Percent"
2023-12-09,"Influenza hospitalizations by borough","Staten Island",0.72,"Percent"
2023-12-16,"Influenza hospitalizations by borough","Staten Island",0.44,"Percent"
2023-12-23,"Influenza hospitalizations by borough","Staten Island",1.98,"Percent"
2023-12-30,"Influenza hospitalizations by borough","Staten Island",2.94,"Percent"
2024-01-06,"Influenza hospitalizations by borough","Staten Island",2.08,"Percent"
2024-01-13,"Influenza hospitalizations by borough","Staten Island",1.51,"Percent"
2024-01-20,"Influenza hospitalizations by borough","Staten Island",1.24,"Percent"
2024-01-27,"Influenza hospitalizations by borough","Staten Island",0.89,"Percent"
2024-02-03,"Influenza hospitalizations by borough","Staten Island",0.89,"Percent"
2024-02-10,"Influenza hospitalizations by borough","Staten Island",0.7,"Percent"
2024-02-17,"Influenza hospitalizations by borough","Staten Island",1.51,"Percent"
2024-02-24,"Influenza hospitalizations by borough","Staten Island",1.23,"Percent"
2024-03-02,"Influenza hospitalizations by borough","Staten Island",0.44,"Percent"
2024-03-09,"Influenza hospitalizations by borough","Staten Island",0.29,"Percent"
2024-03-16,"Influenza hospitalizations by borough","Staten Island",0.86,"Percent"
2024-03-23,"Influenza hospitalizations by borough","Staten Island",0.44,"Percent"
2024-03-30,"Influenza hospitalizations by borough","Staten Island",0.77,"Percent"
2024-04-06,"Influenza hospitalizations by borough","Staten Island",0.6,"Percent"
2024-04-13,"Influenza hospitalizations by borough","Staten Island",0.42,"Percent"
2024-04-20,"Influenza hospitalizations by borough","Staten Island",0.29,"Percent"
2024-04-27,"Influenza hospitalizations by borough","Staten Island",0.43,"Percent"
2024-05-04,"Influenza hospitalizations by borough","Staten Island",0.27,"Percent"
2024-05-11,"Influenza hospitalizations by borough","Staten Island",0,"Percent"
2024-05-18,"Influenza hospitalizations by borough","Staten Island",0.13,"Percent"
2024-05-25,"Influenza hospitalizations by borough","Staten Island",0.14,"Percent"
2024-06-01,"Influenza hospitalizations by borough","Staten Island",0.14,"Percent"
2024-06-08,"Influenza hospitalizations by borough","Staten Island",0.14,"Percent"
2024-06-15,"Influenza hospitalizations by borough","Staten Island",0,"Percent"
2024-06-22,"Influenza hospitalizations by borough","Staten Island",0.15,"Percent"
2024-06-29,"Influenza hospitalizations by borough","Staten Island",0.15,"Percent"
2024-07-06,"Influenza hospitalizations by borough","Staten Island",0,"Percent"
2024-07-13,"Influenza hospitalizations by borough","Staten Island",0,"Percent"
2024-07-20,"Influenza hospitalizations by borough","Staten Island",0,"Percent"
2024-07-27,"Influenza hospitalizations by borough","Staten Island",0,"Percent"
2024-08-03,"Influenza hospitalizations by borough","Staten Island",0.15,"Percent"
2024-08-10,"Influenza hospitalizations by borough","Staten Island",0,"Percent"
2024-08-17,"Influenza hospitalizations by borough","Staten Island",0,"Percent"
2024-08-24,"Influenza hospitalizations by borough","Staten Island",0,"Percent"
2024-08-31,"Influenza hospitalizations by borough","Staten Island",0,"Percent"
2024-09-07,"Influenza hospitalizations by borough","Staten Island",0,"Percent"
2024-09-14,"Influenza hospitalizations by borough","Staten Island",0,"Percent"
2024-09-21,"Influenza hospitalizations by borough","Staten Island",0,"Percent"
2024-09-28,"Influenza hospitalizations by borough","Staten Island",0.31,"Percent"
2024-10-05,"Influenza hospitalizations by borough","Staten Island",0.16,"Percent"
2024-10-12,"Influenza hospitalizations by borough","Staten Island",0,"Percent"
2024-10-19,"Influenza hospitalizations by borough","Staten Island",0,"Percent"
2024-10-26,"Influenza hospitalizations by borough","Staten Island",0.14,"Percent"
2024-11-02,"Influenza hospitalizations by borough","Staten Island",0.32,"Percent"
2024-11-09,"Influenza hospitalizations by borough","Staten Island",0,"Percent"
2024-11-16,"Influenza hospitalizations by borough","Staten Island",0.16,"Percent"
2024-11-23,"Influenza hospitalizations by borough","Staten Island",0.28,"Percent"
2024-11-30,"Influenza hospitalizations by borough","Staten Island",0.32,"Percent"
2024-12-07,"Influenza hospitalizations by borough","Staten Island",1.03,"Percent"
2024-12-14,"Influenza hospitalizations by borough","Staten Island",1.12,"Percent"
2024-12-21,"Influenza hospitalizations by borough","Staten Island",1.02,"Percent"
2024-12-28,"Influenza hospitalizations by borough","Staten Island",2.85,"Percent"
2025-01-04,"Influenza hospitalizations by borough","Staten Island",2.31,"Percent"
2025-01-11,"Influenza hospitalizations by borough","Staten Island",2.33,"Percent"
2025-01-18,"Influenza hospitalizations by borough","Staten Island",2.16,"Percent"
2025-01-25,"Influenza hospitalizations by borough","Staten Island",2.76,"Percent"
2025-02-01,"Influenza hospitalizations by borough","Staten Island",3.85,"Percent"
2025-02-08,"Influenza hospitalizations by borough","Staten Island",2.02,"Percent"
2025-02-15,"Influenza hospitalizations by borough","Staten Island",1.99,"Percent"
2025-02-22,"Influenza hospitalizations by borough","Staten Island",1.09,"Percent"
2025-03-01,"Influenza hospitalizations by borough","Staten Island",1.04,"Percent"
2025-03-08,"Influenza hospitalizations by borough","Staten Island",0.92,"Percent"
2025-03-15,"Influenza hospitalizations by borough","Staten Island",1.09,"Percent"
2025-03-22,"Influenza hospitalizations by borough","Staten Island",0.29,"Percent"
2025-03-29,"Influenza hospitalizations by borough","Staten Island",0.47,"Percent"
2025-04-05,"Influenza hospitalizations by borough","Staten Island",0.63,"Percent"
2025-04-12,"Influenza hospitalizations by borough","Staten Island",0.3,"Percent"
2025-04-19,"Influenza hospitalizations by borough","Staten Island",0.14,"Percent"
2025-04-26,"Influenza hospitalizations by borough","Staten Island",0.14,"Percent"
2025-05-03,"Influenza hospitalizations by borough","Staten Island",0,"Percent"
2025-05-10,"Influenza hospitalizations by borough","Staten Island",0.15,"Percent"
2025-05-17,"Influenza hospitalizations by borough","Staten Island",0.15,"Percent"
2025-05-24,"Influenza hospitalizations by borough","Staten Island",0,"Percent"
2025-05-31,"Influenza hospitalizations by borough","Staten Island",0.15,"Percent"
2025-06-07,"Influenza hospitalizations by borough","Staten Island",0,"Percent"
2025-06-14,"Influenza hospitalizations by borough","Staten Island",0,"Percent"
2025-06-21,"Influenza hospitalizations by borough","Staten Island",0,"Percent"
2025-06-28,"Influenza hospitalizations by borough","Staten Island",0,"Percent"
2025-07-05,"Influenza hospitalizations by borough","Staten Island",0,"Percent"
2025-07-12,"Influenza hospitalizations by borough","Staten Island",0,"Percent"
2025-07-19,"Influenza hospitalizations by borough","Staten Island",0,"Percent"
2025-07-26,"Influenza hospitalizations by borough","Staten Island",0,"Percent"
2025-08-02,"Influenza hospitalizations by borough","Staten Island",0,"Percent"
2025-08-09,"Influenza hospitalizations by borough","Staten Island",0.17,"Percent"
2025-08-16,"Influenza hospitalizations by borough","Staten Island",0,"Percent"
2025-08-23,"Influenza hospitalizations by borough","Staten Island",0,"Percent"
2025-08-30,"Influenza hospitalizations by borough","Staten Island",0,"Percent"
2025-09-06,"Influenza hospitalizations by borough","Staten Island",0,"Percent"
2025-09-13,"Influenza hospitalizations by borough","Staten Island",0,"Percent"
2025-09-20,"Influenza hospitalizations by borough","Staten Island",0,"Percent"
2025-09-27,"Influenza hospitalizations by borough","Staten Island",0,"Percent"
2025-10-04,"Influenza hospitalizations by borough","Staten Island",0,"Percent"
2025-10-11,"Influenza hospitalizations by borough","Staten Island",0.15,"Percent"
2025-10-18,"Influenza hospitalizations by borough","Staten Island",0,"Percent"
2025-10-25,"Influenza hospitalizations by borough","Staten Island",0.15,"Percent"
2025-11-01,"Influenza hospitalizations by borough","Staten Island",0,"Percent"
2025-11-08,"Influenza hospitalizations by borough","Staten Island",0,"Percent"
2025-11-15,"Influenza hospitalizations by borough","Staten Island",0,"Percent"
2025-11-22,"Influenza hospitalizations by borough","Staten Island",0.97,"Percent"
2025-11-29,"Influenza hospitalizations by borough","Staten Island",1.35,"Percent"
2025-12-06,"Influenza hospitalizations by borough","Staten Island",2.31,"Percent"
2025-12-13,"Influenza hospitalizations by borough","Staten Island",3.58,"Percent"
2025-12-20,"Influenza hospitalizations by borough","Staten Island",6.34,"Percent"
2025-12-27,"Influenza hospitalizations by borough","Staten Island",5.9,"Percent"
2026-01-03,"Influenza hospitalizations by borough","Staten Island",5.41,"Percent"
2026-01-10,"Influenza hospitalizations by borough","Staten Island",3.24,"Percent"
2026-01-17,"Influenza hospitalizations by borough","Staten Island",1.67,"Percent"
2026-01-24,"Influenza hospitalizations by borough","Staten Island",0.99,"Percent"
2026-01-31,"Influenza hospitalizations by borough","Staten Island",1.3,"Percent"
2026-02-07,"Influenza hospitalizations by borough","Staten Island",0.42,"Percent"
2026-02-14,"Influenza hospitalizations by borough","Staten Island",0.14,"Percent"
2026-02-21,"Influenza hospitalizations by borough","Staten Island",0.31,"Percent"
2026-02-28,"Influenza hospitalizations by borough","Staten Island",0,"Percent"
2026-03-07,"Influenza hospitalizations by borough","Staten Island",0.27,"Percent"
2026-03-14,"Influenza hospitalizations by borough","Staten Island",0,"Percent"
2026-03-21,"Influenza hospitalizations by borough","Staten Island",0.22,"Percent"
2026-03-28,"Influenza hospitalizations by borough","Staten Island",0,"Percent"
2026-04-04,"Influenza hospitalizations by borough","Staten Island",0,"Percent"
2026-04-11,"Influenza hospitalizations by borough","Staten Island",0.26,"Percent"
2026-04-18,"Influenza hospitalizations by borough","Staten Island",0.31,"Percent"
2026-04-25,"Influenza hospitalizations by borough","Staten Island",0,"Percent"
2026-05-02,"Influenza hospitalizations by borough","Staten Island",0,"Percent"
2026-05-09,"Influenza hospitalizations by borough","Staten Island",0.28,"Percent"
2026-05-16,"Influenza hospitalizations by borough","Staten Island",0.14,"Percent"
2026-05-23,"Influenza hospitalizations by borough","Staten Island",0.25,"Percent"
2026-05-30,"Influenza hospitalizations by borough","Staten Island",0,"Percent"
2026-06-06,"Influenza hospitalizations by borough","Staten Island",0,"Percent"
2026-06-13,"Influenza hospitalizations by borough","Staten Island",0,"Percent"
2026-06-20,"Influenza hospitalizations by borough","Staten Island",0,"Percent"
2026-06-27,"Influenza hospitalizations by borough","Staten Island",0,"Percent"
2026-07-04,"Influenza hospitalizations by borough","Staten Island",0,"Percent"
2026-07-11,"Influenza hospitalizations by borough","Staten Island",0,"Percent"
2026-07-18,"Influenza hospitalizations by borough","Staten Island",0,"Percent"
2026-07-25,"Influenza hospitalizations by borough","Staten Island",0,"Percent"
2026-08-01,"Influenza hospitalizations by borough","Staten Island",0.25,"Percent"
2026-08-08,"Influenza hospitalizations by borough","Staten Island",0,"Percent"
2026-08-15,"Influenza hospitalizations by borough","Staten Island",0,"Percent"
2026-08-22,"Influenza hospitalizations by borough","Staten Island",0,"Percent"
2026-08-29,"Influenza hospitalizations by borough","Staten Island",0,"Percent"
2026-09-05,"Influenza hospitalizations by borough","Staten Island",0.13,"Percent"
2023-09-09,"RSV visits by borough","Bronx",0,"Percent"
2023-09-16,"RSV visits by borough","Bronx",0.03,"Percent"
2023-09-23,"RSV visits by borough","Bronx",0.05,"Percent"
2023-09-30,"RSV visits by borough","Bronx",0.08,"Percent"
2023-10-07,"RSV visits by borough","Bronx",0.09,"Percent"
2023-10-14,"RSV visits by borough","Bronx",0.12,"Percent"
2023-10-21,"RSV visits by borough","Bronx",0.17,"Percent"
2023-10-28,"RSV visits by borough","Bronx",0.34,"Percent"
2023-11-04,"RSV visits by borough","Bronx",0.43,"Percent"
2023-11-11,"RSV visits by borough","Bronx",0.52,"Percent"
2023-11-18,"RSV visits by borough","Bronx",0.45,"Percent"
2023-11-25,"RSV visits by borough","Bronx",0.49,"Percent"
2023-12-02,"RSV visits by borough","Bronx",0.6,"Percent"
2023-12-09,"RSV visits by borough","Bronx",0.54,"Percent"
2023-12-16,"RSV visits by borough","Bronx",0.48,"Percent"
2023-12-23,"RSV visits by borough","Bronx",0.39,"Percent"
2023-12-30,"RSV visits by borough","Bronx",0.37,"Percent"
2024-01-06,"RSV visits by borough","Bronx",0.28,"Percent"
2024-01-13,"RSV visits by borough","Bronx",0.25,"Percent"
2024-01-20,"RSV visits by borough","Bronx",0.14,"Percent"
2024-01-27,"RSV visits by borough","Bronx",0.15,"Percent"
2024-02-03,"RSV visits by borough","Bronx",0.1,"Percent"
2024-02-10,"RSV visits by borough","Bronx",0.08,"Percent"
2024-02-17,"RSV visits by borough","Bronx",0.08,"Percent"
2024-02-24,"RSV visits by borough","Bronx",0.09,"Percent"
2024-03-02,"RSV visits by borough","Bronx",0.09,"Percent"
2024-03-09,"RSV visits by borough","Bronx",0.06,"Percent"
2024-03-16,"RSV visits by borough","Bronx",0.06,"Percent"
2024-03-23,"RSV visits by borough","Bronx",0.04,"Percent"
2024-03-30,"RSV visits by borough","Bronx",0.05,"Percent"
2024-04-06,"RSV visits by borough","Bronx",0.02,"Percent"
2024-04-13,"RSV visits by borough","Bronx",0.04,"Percent"
2024-04-20,"RSV visits by borough","Bronx",0.01,"Percent"
2024-04-27,"RSV visits by borough","Bronx",0.02,"Percent"
2024-05-04,"RSV visits by borough","Bronx",0.01,"Percent"
2024-05-11,"RSV visits by borough","Bronx",0,"Percent"
2024-05-18,"RSV visits by borough","Bronx",0.03,"Percent"
2024-05-25,"RSV visits by borough","Bronx",0.03,"Percent"
2024-06-01,"RSV visits by borough","Bronx",0,"Percent"
2024-06-08,"RSV visits by borough","Bronx",0.02,"Percent"
2024-06-15,"RSV visits by borough","Bronx",0.01,"Percent"
2024-06-22,"RSV visits by borough","Bronx",0.01,"Percent"
2024-06-29,"RSV visits by borough","Bronx",0.01,"Percent"
2024-07-06,"RSV visits by borough","Bronx",0.01,"Percent"
2024-07-13,"RSV visits by borough","Bronx",0.01,"Percent"
2024-07-20,"RSV visits by borough","Bronx",0.02,"Percent"
2024-07-27,"RSV visits by borough","Bronx",0.01,"Percent"
2024-08-03,"RSV visits by borough","Bronx",0.01,"Percent"
2024-08-10,"RSV visits by borough","Bronx",0.02,"Percent"
2024-08-17,"RSV visits by borough","Bronx",0.01,"Percent"
2024-08-24,"RSV visits by borough","Bronx",0.03,"Percent"
2024-08-31,"RSV visits by borough","Bronx",0.02,"Percent"
2024-09-07,"RSV visits by borough","Bronx",0.01,"Percent"
2024-09-14,"RSV visits by borough","Bronx",0.03,"Percent"
2024-09-21,"RSV visits by borough","Bronx",0.01,"Percent"
2024-09-28,"RSV visits by borough","Bronx",0.05,"Percent"
2024-10-05,"RSV visits by borough","Bronx",0.06,"Percent"
2024-10-12,"RSV visits by borough","Bronx",0.05,"Percent"
2024-10-19,"RSV visits by borough","Bronx",0.11,"Percent"
2024-10-26,"RSV visits by borough","Bronx",0.08,"Percent"
2024-11-02,"RSV visits by borough","Bronx",0.13,"Percent"
2024-11-09,"RSV visits by borough","Bronx",0.23,"Percent"
2024-11-16,"RSV visits by borough","Bronx",0.4,"Percent"
2024-11-23,"RSV visits by borough","Bronx",0.5,"Percent"
2024-11-30,"RSV visits by borough","Bronx",0.65,"Percent"
2024-12-07,"RSV visits by borough","Bronx",0.74,"Percent"
2024-12-14,"RSV visits by borough","Bronx",0.59,"Percent"
2024-12-21,"RSV visits by borough","Bronx",0.61,"Percent"
2024-12-28,"RSV visits by borough","Bronx",0.5,"Percent"
2025-01-04,"RSV visits by borough","Bronx",0.4,"Percent"
2025-01-11,"RSV visits by borough","Bronx",0.25,"Percent"
2025-01-18,"RSV visits by borough","Bronx",0.3,"Percent"
2025-01-25,"RSV visits by borough","Bronx",0.18,"Percent"
2025-02-01,"RSV visits by borough","Bronx",0.16,"Percent"
2025-02-08,"RSV visits by borough","Bronx",0.12,"Percent"
2025-02-15,"RSV visits by borough","Bronx",0.12,"Percent"
2025-02-22,"RSV visits by borough","Bronx",0.09,"Percent"
2025-03-01,"RSV visits by borough","Bronx",0.08,"Percent"
2025-03-08,"RSV visits by borough","Bronx",0.07,"Percent"
2025-03-15,"RSV visits by borough","Bronx",0.08,"Percent"
2025-03-22,"RSV visits by borough","Bronx",0.03,"Percent"
2025-03-29,"RSV visits by borough","Bronx",0.03,"Percent"
2025-04-05,"RSV visits by borough","Bronx",0.04,"Percent"
2025-04-12,"RSV visits by borough","Bronx",0.03,"Percent"
2025-04-19,"RSV visits by borough","Bronx",0.04,"Percent"
2025-04-26,"RSV visits by borough","Bronx",0.01,"Percent"
2025-05-03,"RSV visits by borough","Bronx",0.02,"Percent"
2025-05-10,"RSV visits by borough","Bronx",0.01,"Percent"
2025-05-17,"RSV visits by borough","Bronx",0.01,"Percent"
2025-05-24,"RSV visits by borough","Bronx",0,"Percent"
2025-05-31,"RSV visits by borough","Bronx",0.01,"Percent"
2025-06-07,"RSV visits by borough","Bronx",0.01,"Percent"
2025-06-14,"RSV visits by borough","Bronx",0,"Percent"
2025-06-21,"RSV visits by borough","Bronx",0,"Percent"
2025-06-28,"RSV visits by borough","Bronx",0,"Percent"
2025-07-05,"RSV visits by borough","Bronx",0.01,"Percent"
2025-07-12,"RSV visits by borough","Bronx",0.01,"Percent"
2025-07-19,"RSV visits by borough","Bronx",0.01,"Percent"
2025-07-26,"RSV visits by borough","Bronx",0.02,"Percent"
2025-08-02,"RSV visits by borough","Bronx",0,"Percent"
2025-08-09,"RSV visits by borough","Bronx",0.01,"Percent"
2025-08-16,"RSV visits by borough","Bronx",0.01,"Percent"
2025-08-23,"RSV visits by borough","Bronx",0.01,"Percent"
2025-08-30,"RSV visits by borough","Bronx",0.01,"Percent"
2025-09-06,"RSV visits by borough","Bronx",0.02,"Percent"
2025-09-13,"RSV visits by borough","Bronx",0.03,"Percent"
2025-09-20,"RSV visits by borough","Bronx",0.01,"Percent"
2025-09-27,"RSV visits by borough","Bronx",0.01,"Percent"
2025-10-04,"RSV visits by borough","Bronx",0.01,"Percent"
2025-10-11,"RSV visits by borough","Bronx",0.02,"Percent"
2025-10-18,"RSV visits by borough","Bronx",0.06,"Percent"
2025-10-25,"RSV visits by borough","Bronx",0.04,"Percent"
2025-11-01,"RSV visits by borough","Bronx",0.05,"Percent"
2025-11-08,"RSV visits by borough","Bronx",0.11,"Percent"
2025-11-15,"RSV visits by borough","Bronx",0.08,"Percent"
2025-11-22,"RSV visits by borough","Bronx",0.16,"Percent"
2025-11-29,"RSV visits by borough","Bronx",0.21,"Percent"
2025-12-06,"RSV visits by borough","Bronx",0.38,"Percent"
2025-12-13,"RSV visits by borough","Bronx",0.31,"Percent"
2025-12-20,"RSV visits by borough","Bronx",0.39,"Percent"
2025-12-27,"RSV visits by borough","Bronx",0.5,"Percent"
2026-01-03,"RSV visits by borough","Bronx",0.4,"Percent"
2026-01-10,"RSV visits by borough","Bronx",0.37,"Percent"
2026-01-17,"RSV visits by borough","Bronx",0.36,"Percent"
2026-01-24,"RSV visits by borough","Bronx",0.41,"Percent"
2026-01-31,"RSV visits by borough","Bronx",0.47,"Percent"
2026-02-07,"RSV visits by borough","Bronx",0.42,"Percent"
2026-02-14,"RSV visits by borough","Bronx",0.37,"Percent"
2026-02-21,"RSV visits by borough","Bronx",0.4,"Percent"
2026-02-28,"RSV visits by borough","Bronx",0.28,"Percent"
2026-03-07,"RSV visits by borough","Bronx",0.24,"Percent"
2026-03-14,"RSV visits by borough","Bronx",0.27,"Percent"
2026-03-21,"RSV visits by borough","Bronx",0.16,"Percent"
2026-03-28,"RSV visits by borough","Bronx",0.21,"Percent"
2026-04-04,"RSV visits by borough","Bronx",0.17,"Percent"
2026-04-11,"RSV visits by borough","Bronx",0.1,"Percent"
2026-04-18,"RSV visits by borough","Bronx",0.1,"Percent"
2026-04-25,"RSV visits by borough","Bronx",0.07,"Percent"
2026-05-02,"RSV visits by borough","Bronx",0.02,"Percent"
2026-05-09,"RSV visits by borough","Bronx",0.03,"Percent"
2026-05-16,"RSV visits by borough","Bronx",0.04,"Percent"
2026-05-23,"RSV visits by borough","Bronx",0.01,"Percent"
2026-05-30,"RSV visits by borough","Bronx",0.01,"Percent"
2026-06-06,"RSV visits by borough","Bronx",0.01,"Percent"
2026-06-13,"RSV visits by borough","Bronx",0.01,"Percent"
2026-06-20,"RSV visits by borough","Bronx",0.01,"Percent"
2026-06-27,"RSV visits by borough","Bronx",0.01,"Percent"
2026-07-04,"RSV visits by borough","Bronx",0,"Percent"
2026-07-11,"RSV visits by borough","Bronx",0,"Percent"
2026-07-18,"RSV visits by borough","Bronx",0,"Percent"
2026-07-25,"RSV visits by borough","Bronx",0,"Percent"
2026-08-01,"RSV visits by borough","Bronx",0,"Percent"
2026-08-08,"RSV visits by borough","Bronx",0.02,"Percent"
2026-08-15,"RSV visits by borough","Bronx",0.01,"Percent"
2026-08-22,"RSV visits by borough","Bronx",0,"Percent"
2026-08-29,"RSV visits by borough","Bronx",0,"Percent"
2026-09-05,"RSV visits by borough","Bronx",0,"Percent"
2023-09-09,"RSV visits by borough","Brooklyn",0.05,"Percent"
2023-09-16,"RSV visits by borough","Brooklyn",0.03,"Percent"
2023-09-23,"RSV visits by borough","Brooklyn",0.02,"Percent"
2023-09-30,"RSV visits by borough","Brooklyn",0.02,"Percent"
2023-10-07,"RSV visits by borough","Brooklyn",0.05,"Percent"
2023-10-14,"RSV visits by borough","Brooklyn",0.14,"Percent"
2023-10-21,"RSV visits by borough","Brooklyn",0.18,"Percent"
2023-10-28,"RSV visits by borough","Brooklyn",0.27,"Percent"
2023-11-04,"RSV visits by borough","Brooklyn",0.3,"Percent"
2023-11-11,"RSV visits by borough","Brooklyn",0.36,"Percent"
2023-11-18,"RSV visits by borough","Brooklyn",0.43,"Percent"
2023-11-25,"RSV visits by borough","Brooklyn",0.52,"Percent"
2023-12-02,"RSV visits by borough","Brooklyn",0.57,"Percent"
2023-12-09,"RSV visits by borough","Brooklyn",0.47,"Percent"
2023-12-16,"RSV visits by borough","Brooklyn",0.41,"Percent"
2023-12-23,"RSV visits by borough","Brooklyn",0.35,"Percent"
2023-12-30,"RSV visits by borough","Brooklyn",0.35,"Percent"
2024-01-06,"RSV visits by borough","Brooklyn",0.27,"Percent"
2024-01-13,"RSV visits by borough","Brooklyn",0.16,"Percent"
2024-01-20,"RSV visits by borough","Brooklyn",0.16,"Percent"
2024-01-27,"RSV visits by borough","Brooklyn",0.15,"Percent"
2024-02-03,"RSV visits by borough","Brooklyn",0.12,"Percent"
2024-02-10,"RSV visits by borough","Brooklyn",0.08,"Percent"
2024-02-17,"RSV visits by borough","Brooklyn",0.07,"Percent"
2024-02-24,"RSV visits by borough","Brooklyn",0.07,"Percent"
2024-03-02,"RSV visits by borough","Brooklyn",0.08,"Percent"
2024-03-09,"RSV visits by borough","Brooklyn",0.03,"Percent"
2024-03-16,"RSV visits by borough","Brooklyn",0.03,"Percent"
2024-03-23,"RSV visits by borough","Brooklyn",0.02,"Percent"
2024-03-30,"RSV visits by borough","Brooklyn",0.04,"Percent"
2024-04-06,"RSV visits by borough","Brooklyn",0.06,"Percent"
2024-04-13,"RSV visits by borough","Brooklyn",0.04,"Percent"
2024-04-20,"RSV visits by borough","Brooklyn",0.03,"Percent"
2024-04-27,"RSV visits by borough","Brooklyn",0.01,"Percent"
2024-05-04,"RSV visits by borough","Brooklyn",0.02,"Percent"
2024-05-11,"RSV visits by borough","Brooklyn",0.02,"Percent"
2024-05-18,"RSV visits by borough","Brooklyn",0,"Percent"
2024-05-25,"RSV visits by borough","Brooklyn",0.02,"Percent"
2024-06-01,"RSV visits by borough","Brooklyn",0.02,"Percent"
2024-06-08,"RSV visits by borough","Brooklyn",0.01,"Percent"
2024-06-15,"RSV visits by borough","Brooklyn",0.02,"Percent"
2024-06-22,"RSV visits by borough","Brooklyn",0.03,"Percent"
2024-06-29,"RSV visits by borough","Brooklyn",0,"Percent"
2024-07-06,"RSV visits by borough","Brooklyn",0.02,"Percent"
2024-07-13,"RSV visits by borough","Brooklyn",0,"Percent"
2024-07-20,"RSV visits by borough","Brooklyn",0.01,"Percent"
2024-07-27,"RSV visits by borough","Brooklyn",0.01,"Percent"
2024-08-03,"RSV visits by borough","Brooklyn",0.01,"Percent"
2024-08-10,"RSV visits by borough","Brooklyn",0,"Percent"
2024-08-17,"RSV visits by borough","Brooklyn",0.03,"Percent"
2024-08-24,"RSV visits by borough","Brooklyn",0,"Percent"
2024-08-31,"RSV visits by borough","Brooklyn",0.01,"Percent"
2024-09-07,"RSV visits by borough","Brooklyn",0.01,"Percent"
2024-09-14,"RSV visits by borough","Brooklyn",0.02,"Percent"
2024-09-21,"RSV visits by borough","Brooklyn",0.04,"Percent"
2024-09-28,"RSV visits by borough","Brooklyn",0.03,"Percent"
2024-10-05,"RSV visits by borough","Brooklyn",0.05,"Percent"
2024-10-12,"RSV visits by borough","Brooklyn",0.07,"Percent"
2024-10-19,"RSV visits by borough","Brooklyn",0.08,"Percent"
2024-10-26,"RSV visits by borough","Brooklyn",0.07,"Percent"
2024-11-02,"RSV visits by borough","Brooklyn",0.13,"Percent"
2024-11-09,"RSV visits by borough","Brooklyn",0.21,"Percent"
2024-11-16,"RSV visits by borough","Brooklyn",0.24,"Percent"
2024-11-23,"RSV visits by borough","Brooklyn",0.37,"Percent"
2024-11-30,"RSV visits by borough","Brooklyn",0.59,"Percent"
2024-12-07,"RSV visits by borough","Brooklyn",0.58,"Percent"
2024-12-14,"RSV visits by borough","Brooklyn",0.48,"Percent"
2024-12-21,"RSV visits by borough","Brooklyn",0.48,"Percent"
2024-12-28,"RSV visits by borough","Brooklyn",0.45,"Percent"
2025-01-04,"RSV visits by borough","Brooklyn",0.33,"Percent"
2025-01-11,"RSV visits by borough","Brooklyn",0.23,"Percent"
2025-01-18,"RSV visits by borough","Brooklyn",0.22,"Percent"
2025-01-25,"RSV visits by borough","Brooklyn",0.17,"Percent"
2025-02-01,"RSV visits by borough","Brooklyn",0.14,"Percent"
2025-02-08,"RSV visits by borough","Brooklyn",0.16,"Percent"
2025-02-15,"RSV visits by borough","Brooklyn",0.1,"Percent"
2025-02-22,"RSV visits by borough","Brooklyn",0.15,"Percent"
2025-03-01,"RSV visits by borough","Brooklyn",0.09,"Percent"
2025-03-08,"RSV visits by borough","Brooklyn",0.08,"Percent"
2025-03-15,"RSV visits by borough","Brooklyn",0.04,"Percent"
2025-03-22,"RSV visits by borough","Brooklyn",0.05,"Percent"
2025-03-29,"RSV visits by borough","Brooklyn",0.06,"Percent"
2025-04-05,"RSV visits by borough","Brooklyn",0.03,"Percent"
2025-04-12,"RSV visits by borough","Brooklyn",0.07,"Percent"
2025-04-19,"RSV visits by borough","Brooklyn",0.02,"Percent"
2025-04-26,"RSV visits by borough","Brooklyn",0.01,"Percent"
2025-05-03,"RSV visits by borough","Brooklyn",0.01,"Percent"
2025-05-10,"RSV visits by borough","Brooklyn",0.01,"Percent"
2025-05-17,"RSV visits by borough","Brooklyn",0.01,"Percent"
2025-05-24,"RSV visits by borough","Brooklyn",0.01,"Percent"
2025-05-31,"RSV visits by borough","Brooklyn",0.01,"Percent"
2025-06-07,"RSV visits by borough","Brooklyn",0.01,"Percent"
2025-06-14,"RSV visits by borough","Brooklyn",0.01,"Percent"
2025-06-21,"RSV visits by borough","Brooklyn",0.02,"Percent"
2025-06-28,"RSV visits by borough","Brooklyn",0.01,"Percent"
2025-07-05,"RSV visits by borough","Brooklyn",0.02,"Percent"
2025-07-12,"RSV visits by borough","Brooklyn",0,"Percent"
2025-07-19,"RSV visits by borough","Brooklyn",0.01,"Percent"
2025-07-26,"RSV visits by borough","Brooklyn",0.01,"Percent"
2025-08-02,"RSV visits by borough","Brooklyn",0,"Percent"
2025-08-09,"RSV visits by borough","Brooklyn",0.02,"Percent"
2025-08-16,"RSV visits by borough","Brooklyn",0.01,"Percent"
2025-08-23,"RSV visits by borough","Brooklyn",0.01,"Percent"
2025-08-30,"RSV visits by borough","Brooklyn",0.02,"Percent"
2025-09-06,"RSV visits by borough","Brooklyn",0.01,"Percent"
2025-09-13,"RSV visits by borough","Brooklyn",0.03,"Percent"
2025-09-20,"RSV visits by borough","Brooklyn",0.01,"Percent"
2025-09-27,"RSV visits by borough","Brooklyn",0.03,"Percent"
2025-10-04,"RSV visits by borough","Brooklyn",0.05,"Percent"
2025-10-11,"RSV visits by borough","Brooklyn",0.01,"Percent"
2025-10-18,"RSV visits by borough","Brooklyn",0.03,"Percent"
2025-10-25,"RSV visits by borough","Brooklyn",0.03,"Percent"
2025-11-01,"RSV visits by borough","Brooklyn",0.06,"Percent"
2025-11-08,"RSV visits by borough","Brooklyn",0.05,"Percent"
2025-11-15,"RSV visits by borough","Brooklyn",0.06,"Percent"
2025-11-22,"RSV visits by borough","Brooklyn",0.13,"Percent"
2025-11-29,"RSV visits by borough","Brooklyn",0.26,"Percent"
2025-12-06,"RSV visits by borough","Brooklyn",0.25,"Percent"
2025-12-13,"RSV visits by borough","Brooklyn",0.25,"Percent"
2025-12-20,"RSV visits by borough","Brooklyn",0.35,"Percent"
2025-12-27,"RSV visits by borough","Brooklyn",0.36,"Percent"
2026-01-03,"RSV visits by borough","Brooklyn",0.43,"Percent"
2026-01-10,"RSV visits by borough","Brooklyn",0.23,"Percent"
2026-01-17,"RSV visits by borough","Brooklyn",0.3,"Percent"
2026-01-24,"RSV visits by borough","Brooklyn",0.31,"Percent"
2026-01-31,"RSV visits by borough","Brooklyn",0.3,"Percent"
2026-02-07,"RSV visits by borough","Brooklyn",0.27,"Percent"
2026-02-14,"RSV visits by borough","Brooklyn",0.39,"Percent"
2026-02-21,"RSV visits by borough","Brooklyn",0.35,"Percent"
2026-02-28,"RSV visits by borough","Brooklyn",0.25,"Percent"
2026-03-07,"RSV visits by borough","Brooklyn",0.26,"Percent"
2026-03-14,"RSV visits by borough","Brooklyn",0.25,"Percent"
2026-03-21,"RSV visits by borough","Brooklyn",0.16,"Percent"
2026-03-28,"RSV visits by borough","Brooklyn",0.14,"Percent"
2026-04-04,"RSV visits by borough","Brooklyn",0.13,"Percent"
2026-04-11,"RSV visits by borough","Brooklyn",0.11,"Percent"
2026-04-18,"RSV visits by borough","Brooklyn",0.05,"Percent"
2026-04-25,"RSV visits by borough","Brooklyn",0.08,"Percent"
2026-05-02,"RSV visits by borough","Brooklyn",0.04,"Percent"
2026-05-09,"RSV visits by borough","Brooklyn",0.01,"Percent"
2026-05-16,"RSV visits by borough","Brooklyn",0.01,"Percent"
2026-05-23,"RSV visits by borough","Brooklyn",0.03,"Percent"
2026-05-30,"RSV visits by borough","Brooklyn",0.01,"Percent"
2026-06-06,"RSV visits by borough","Brooklyn",0.01,"Percent"
2026-06-13,"RSV visits by borough","Brooklyn",0,"Percent"
2026-06-20,"RSV visits by borough","Brooklyn",0.01,"Percent"
2026-06-27,"RSV visits by borough","Brooklyn",0.01,"Percent"
2026-07-04,"RSV visits by borough","Brooklyn",0.01,"Percent"
2026-07-11,"RSV visits by borough","Brooklyn",0.01,"Percent"
2026-07-18,"RSV visits by borough","Brooklyn",0.01,"Percent"
2026-07-25,"RSV visits by borough","Brooklyn",0.01,"Percent"
2026-08-01,"RSV visits by borough","Brooklyn",0.01,"Percent"
2026-08-08,"RSV visits by borough","Brooklyn",0.02,"Percent"
2026-08-15,"RSV visits by borough","Brooklyn",0.03,"Percent"
2026-08-22,"RSV visits by borough","Brooklyn",0.02,"Percent"
2026-08-29,"RSV visits by borough","Brooklyn",0.03,"Percent"
2026-09-05,"RSV visits by borough","Brooklyn",0.05,"Percent"
2023-09-09,"RSV visits by borough","Manhattan",0.01,"Percent"
2023-09-16,"RSV visits by borough","Manhattan",0.02,"Percent"
2023-09-23,"RSV visits by borough","Manhattan",0.03,"Percent"
2023-09-30,"RSV visits by borough","Manhattan",0.08,"Percent"
2023-10-07,"RSV visits by borough","Manhattan",0.1,"Percent"
2023-10-14,"RSV visits by borough","Manhattan",0.15,"Percent"
2023-10-21,"RSV visits by borough","Manhattan",0.12,"Percent"
2023-10-28,"RSV visits by borough","Manhattan",0.15,"Percent"
2023-11-04,"RSV visits by borough","Manhattan",0.16,"Percent"
2023-11-11,"RSV visits by borough","Manhattan",0.26,"Percent"
2023-11-18,"RSV visits by borough","Manhattan",0.44,"Percent"
2023-11-25,"RSV visits by borough","Manhattan",0.33,"Percent"
2023-12-02,"RSV visits by borough","Manhattan",0.31,"Percent"
2023-12-09,"RSV visits by borough","Manhattan",0.39,"Percent"
2023-12-16,"RSV visits by borough","Manhattan",0.24,"Percent"
2023-12-23,"RSV visits by borough","Manhattan",0.19,"Percent"
2023-12-30,"RSV visits by borough","Manhattan",0.26,"Percent"
2024-01-06,"RSV visits by borough","Manhattan",0.13,"Percent"
2024-01-13,"RSV visits by borough","Manhattan",0.05,"Percent"
2024-01-20,"RSV visits by borough","Manhattan",0.18,"Percent"
2024-01-27,"RSV visits by borough","Manhattan",0.11,"Percent"
2024-02-03,"RSV visits by borough","Manhattan",0.05,"Percent"
2024-02-10,"RSV visits by borough","Manhattan",0.07,"Percent"
2024-02-17,"RSV visits by borough","Manhattan",0.04,"Percent"
2024-02-24,"RSV visits by borough","Manhattan",0.08,"Percent"
2024-03-02,"RSV visits by borough","Manhattan",0.06,"Percent"
2024-03-09,"RSV visits by borough","Manhattan",0.05,"Percent"
2024-03-16,"RSV visits by borough","Manhattan",0.05,"Percent"
2024-03-23,"RSV visits by borough","Manhattan",0.01,"Percent"
2024-03-30,"RSV visits by borough","Manhattan",0.02,"Percent"
2024-04-06,"RSV visits by borough","Manhattan",0.02,"Percent"
2024-04-13,"RSV visits by borough","Manhattan",0.01,"Percent"
2024-04-20,"RSV visits by borough","Manhattan",0.03,"Percent"
2024-04-27,"RSV visits by borough","Manhattan",0,"Percent"
2024-05-04,"RSV visits by borough","Manhattan",0,"Percent"
2024-05-11,"RSV visits by borough","Manhattan",0,"Percent"
2024-05-18,"RSV visits by borough","Manhattan",0,"Percent"
2024-05-25,"RSV visits by borough","Manhattan",0.01,"Percent"
2024-06-01,"RSV visits by borough","Manhattan",0.01,"Percent"
2024-06-08,"RSV visits by borough","Manhattan",0.01,"Percent"
2024-06-15,"RSV visits by borough","Manhattan",0,"Percent"
2024-06-22,"RSV visits by borough","Manhattan",0,"Percent"
2024-06-29,"RSV visits by borough","Manhattan",0.01,"Percent"
2024-07-06,"RSV visits by borough","Manhattan",0.01,"Percent"
2024-07-13,"RSV visits by borough","Manhattan",0,"Percent"
2024-07-20,"RSV visits by borough","Manhattan",0,"Percent"
2024-07-27,"RSV visits by borough","Manhattan",0,"Percent"
2024-08-03,"RSV visits by borough","Manhattan",0.01,"Percent"
2024-08-10,"RSV visits by borough","Manhattan",0,"Percent"
2024-08-17,"RSV visits by borough","Manhattan",0,"Percent"
2024-08-24,"RSV visits by borough","Manhattan",0,"Percent"
2024-08-31,"RSV visits by borough","Manhattan",0,"Percent"
2024-09-07,"RSV visits by borough","Manhattan",0,"Percent"
2024-09-14,"RSV visits by borough","Manhattan",0.02,"Percent"
2024-09-21,"RSV visits by borough","Manhattan",0,"Percent"
2024-09-28,"RSV visits by borough","Manhattan",0,"Percent"
2024-10-05,"RSV visits by borough","Manhattan",0.03,"Percent"
2024-10-12,"RSV visits by borough","Manhattan",0.04,"Percent"
2024-10-19,"RSV visits by borough","Manhattan",0.02,"Percent"
2024-10-26,"RSV visits by borough","Manhattan",0.04,"Percent"
2024-11-02,"RSV visits by borough","Manhattan",0.08,"Percent"
2024-11-09,"RSV visits by borough","Manhattan",0.12,"Percent"
2024-11-16,"RSV visits by borough","Manhattan",0.18,"Percent"
2024-11-23,"RSV visits by borough","Manhattan",0.24,"Percent"
2024-11-30,"RSV visits by borough","Manhattan",0.2,"Percent"
2024-12-07,"RSV visits by borough","Manhattan",0.3,"Percent"
2024-12-14,"RSV visits by borough","Manhattan",0.31,"Percent"
2024-12-21,"RSV visits by borough","Manhattan",0.41,"Percent"
2024-12-28,"RSV visits by borough","Manhattan",0.4,"Percent"
2025-01-04,"RSV visits by borough","Manhattan",0.26,"Percent"
2025-01-11,"RSV visits by borough","Manhattan",0.16,"Percent"
2025-01-18,"RSV visits by borough","Manhattan",0.11,"Percent"
2025-01-25,"RSV visits by borough","Manhattan",0.08,"Percent"
2025-02-01,"RSV visits by borough","Manhattan",0.12,"Percent"
2025-02-08,"RSV visits by borough","Manhattan",0.17,"Percent"
2025-02-15,"RSV visits by borough","Manhattan",0.07,"Percent"
2025-02-22,"RSV visits by borough","Manhattan",0.13,"Percent"
2025-03-01,"RSV visits by borough","Manhattan",0.1,"Percent"
2025-03-08,"RSV visits by borough","Manhattan",0.05,"Percent"
2025-03-15,"RSV visits by borough","Manhattan",0.05,"Percent"
2025-03-22,"RSV visits by borough","Manhattan",0.04,"Percent"
2025-03-29,"RSV visits by borough","Manhattan",0.02,"Percent"
2025-04-05,"RSV visits by borough","Manhattan",0.02,"Percent"
2025-04-12,"RSV visits by borough","Manhattan",0.02,"Percent"
2025-04-19,"RSV visits by borough","Manhattan",0.05,"Percent"
2025-04-26,"RSV visits by borough","Manhattan",0.04,"Percent"
2025-05-03,"RSV visits by borough","Manhattan",0,"Percent"
2025-05-10,"RSV visits by borough","Manhattan",0.01,"Percent"
2025-05-17,"RSV visits by borough","Manhattan",0.01,"Percent"
2025-05-24,"RSV visits by borough","Manhattan",0,"Percent"
2025-05-31,"RSV visits by borough","Manhattan",0,"Percent"
2025-06-07,"RSV visits by borough","Manhattan",0,"Percent"
2025-06-14,"RSV visits by borough","Manhattan",0,"Percent"
2025-06-21,"RSV visits by borough","Manhattan",0.01,"Percent"
2025-06-28,"RSV visits by borough","Manhattan",0.02,"Percent"
2025-07-05,"RSV visits by borough","Manhattan",0,"Percent"
2025-07-12,"RSV visits by borough","Manhattan",0,"Percent"
2025-07-19,"RSV visits by borough","Manhattan",0.01,"Percent"
2025-07-26,"RSV visits by borough","Manhattan",0,"Percent"
2025-08-02,"RSV visits by borough","Manhattan",0,"Percent"
2025-08-09,"RSV visits by borough","Manhattan",0,"Percent"
2025-08-16,"RSV visits by borough","Manhattan",0,"Percent"
2025-08-23,"RSV visits by borough","Manhattan",0,"Percent"
2025-08-30,"RSV visits by borough","Manhattan",0,"Percent"
2025-09-06,"RSV visits by borough","Manhattan",0,"Percent"
2025-09-13,"RSV visits by borough","Manhattan",0.03,"Percent"
2025-09-20,"RSV visits by borough","Manhattan",0.02,"Percent"
2025-09-27,"RSV visits by borough","Manhattan",0.01,"Percent"
2025-10-04,"RSV visits by borough","Manhattan",0.02,"Percent"
2025-10-11,"RSV visits by borough","Manhattan",0.03,"Percent"
2025-10-18,"RSV visits by borough","Manhattan",0.02,"Percent"
2025-10-25,"RSV visits by borough","Manhattan",0.04,"Percent"
2025-11-01,"RSV visits by borough","Manhattan",0.03,"Percent"
2025-11-08,"RSV visits by borough","Manhattan",0.06,"Percent"
2025-11-15,"RSV visits by borough","Manhattan",0.06,"Percent"
2025-11-22,"RSV visits by borough","Manhattan",0.12,"Percent"
2025-11-29,"RSV visits by borough","Manhattan",0.16,"Percent"
2025-12-06,"RSV visits by borough","Manhattan",0.18,"Percent"
2025-12-13,"RSV visits by borough","Manhattan",0.25,"Percent"
2025-12-20,"RSV visits by borough","Manhattan",0.26,"Percent"
2025-12-27,"RSV visits by borough","Manhattan",0.23,"Percent"
2026-01-03,"RSV visits by borough","Manhattan",0.31,"Percent"
2026-01-10,"RSV visits by borough","Manhattan",0.23,"Percent"
2026-01-17,"RSV visits by borough","Manhattan",0.23,"Percent"
2026-01-24,"RSV visits by borough","Manhattan",0.24,"Percent"
2026-01-31,"RSV visits by borough","Manhattan",0.29,"Percent"
2026-02-07,"RSV visits by borough","Manhattan",0.21,"Percent"
2026-02-14,"RSV visits by borough","Manhattan",0.23,"Percent"
2026-02-21,"RSV visits by borough","Manhattan",0.38,"Percent"
2026-02-28,"RSV visits by borough","Manhattan",0.26,"Percent"
2026-03-07,"RSV visits by borough","Manhattan",0.3,"Percent"
2026-03-14,"RSV visits by borough","Manhattan",0.23,"Percent"
2026-03-21,"RSV visits by borough","Manhattan",0.21,"Percent"
2026-03-28,"RSV visits by borough","Manhattan",0.14,"Percent"
2026-04-04,"RSV visits by borough","Manhattan",0.17,"Percent"
2026-04-11,"RSV visits by borough","Manhattan",0.1,"Percent"
2026-04-18,"RSV visits by borough","Manhattan",0.06,"Percent"
2026-04-25,"RSV visits by borough","Manhattan",0.02,"Percent"
2026-05-02,"RSV visits by borough","Manhattan",0.05,"Percent"
2026-05-09,"RSV visits by borough","Manhattan",0.02,"Percent"
2026-05-16,"RSV visits by borough","Manhattan",0.02,"Percent"
2026-05-23,"RSV visits by borough","Manhattan",0.02,"Percent"
2026-05-30,"RSV visits by borough","Manhattan",0,"Percent"
2026-06-06,"RSV visits by borough","Manhattan",0.02,"Percent"
2026-06-13,"RSV visits by borough","Manhattan",0.01,"Percent"
2026-06-20,"RSV visits by borough","Manhattan",0.02,"Percent"
2026-06-27,"RSV visits by borough","Manhattan",0.02,"Percent"
2026-07-04,"RSV visits by borough","Manhattan",0,"Percent"
2026-07-11,"RSV visits by borough","Manhattan",0.01,"Percent"
2026-07-18,"RSV visits by borough","Manhattan",0,"Percent"
2026-07-25,"RSV visits by borough","Manhattan",0.01,"Percent"
2026-08-01,"RSV visits by borough","Manhattan",0.01,"Percent"
2026-08-08,"RSV visits by borough","Manhattan",0,"Percent"
2026-08-15,"RSV visits by borough","Manhattan",0.01,"Percent"
2026-08-22,"RSV visits by borough","Manhattan",0,"Percent"
2026-08-29,"RSV visits by borough","Manhattan",0.02,"Percent"
2026-09-05,"RSV visits by borough","Manhattan",0,"Percent"
2023-09-09,"RSV visits by borough","Queens",0.03,"Percent"
2023-09-16,"RSV visits by borough","Queens",0.04,"Percent"
2023-09-23,"RSV visits by borough","Queens",0.04,"Percent"
2023-09-30,"RSV visits by borough","Queens",0.04,"Percent"
2023-10-07,"RSV visits by borough","Queens",0.1,"Percent"
2023-10-14,"RSV visits by borough","Queens",0.1,"Percent"
2023-10-21,"RSV visits by borough","Queens",0.25,"Percent"
2023-10-28,"RSV visits by borough","Queens",0.38,"Percent"
2023-11-04,"RSV visits by borough","Queens",0.4,"Percent"
2023-11-11,"RSV visits by borough","Queens",0.41,"Percent"
2023-11-18,"RSV visits by borough","Queens",0.57,"Percent"
2023-11-25,"RSV visits by borough","Queens",0.57,"Percent"
2023-12-02,"RSV visits by borough","Queens",0.64,"Percent"
2023-12-09,"RSV visits by borough","Queens",0.75,"Percent"
2023-12-16,"RSV visits by borough","Queens",0.59,"Percent"
2023-12-23,"RSV visits by borough","Queens",0.5,"Percent"
2023-12-30,"RSV visits by borough","Queens",0.39,"Percent"
2024-01-06,"RSV visits by borough","Queens",0.3,"Percent"
2024-01-13,"RSV visits by borough","Queens",0.18,"Percent"
2024-01-20,"RSV visits by borough","Queens",0.15,"Percent"
2024-01-27,"RSV visits by borough","Queens",0.16,"Percent"
2024-02-03,"RSV visits by borough","Queens",0.15,"Percent"
2024-02-10,"RSV visits by borough","Queens",0.1,"Percent"
2024-02-17,"RSV visits by borough","Queens",0.08,"Percent"
2024-02-24,"RSV visits by borough","Queens",0.08,"Percent"
2024-03-02,"RSV visits by borough","Queens",0.03,"Percent"
2024-03-09,"RSV visits by borough","Queens",0.07,"Percent"
2024-03-16,"RSV visits by borough","Queens",0.03,"Percent"
2024-03-23,"RSV visits by borough","Queens",0.05,"Percent"
2024-03-30,"RSV visits by borough","Queens",0.03,"Percent"
2024-04-06,"RSV visits by borough","Queens",0.04,"Percent"
2024-04-13,"RSV visits by borough","Queens",0.04,"Percent"
2024-04-20,"RSV visits by borough","Queens",0,"Percent"
2024-04-27,"RSV visits by borough","Queens",0.02,"Percent"
2024-05-04,"RSV visits by borough","Queens",0.01,"Percent"
2024-05-11,"RSV visits by borough","Queens",0.01,"Percent"
2024-05-18,"RSV visits by borough","Queens",0.01,"Percent"
2024-05-25,"RSV visits by borough","Queens",0.01,"Percent"
2024-06-01,"RSV visits by borough","Queens",0.01,"Percent"
2024-06-08,"RSV visits by borough","Queens",0,"Percent"
2024-06-15,"RSV visits by borough","Queens",0.01,"Percent"
2024-06-22,"RSV visits by borough","Queens",0.01,"Percent"
2024-06-29,"RSV visits by borough","Queens",0,"Percent"
2024-07-06,"RSV visits by borough","Queens",0.01,"Percent"
2024-07-13,"RSV visits by borough","Queens",0.01,"Percent"
2024-07-20,"RSV visits by borough","Queens",0.02,"Percent"
2024-07-27,"RSV visits by borough","Queens",0.01,"Percent"
2024-08-03,"RSV visits by borough","Queens",0.01,"Percent"
2024-08-10,"RSV visits by borough","Queens",0.01,"Percent"
2024-08-17,"RSV visits by borough","Queens",0,"Percent"
2024-08-24,"RSV visits by borough","Queens",0,"Percent"
2024-08-31,"RSV visits by borough","Queens",0.01,"Percent"
2024-09-07,"RSV visits by borough","Queens",0.01,"Percent"
2024-09-14,"RSV visits by borough","Queens",0,"Percent"
2024-09-21,"RSV visits by borough","Queens",0.02,"Percent"
2024-09-28,"RSV visits by borough","Queens",0.02,"Percent"
2024-10-05,"RSV visits by borough","Queens",0.04,"Percent"
2024-10-12,"RSV visits by borough","Queens",0.05,"Percent"
2024-10-19,"RSV visits by borough","Queens",0.05,"Percent"
2024-10-26,"RSV visits by borough","Queens",0.1,"Percent"
2024-11-02,"RSV visits by borough","Queens",0.16,"Percent"
2024-11-09,"RSV visits by borough","Queens",0.23,"Percent"
2024-11-16,"RSV visits by borough","Queens",0.34,"Percent"
2024-11-23,"RSV visits by borough","Queens",0.33,"Percent"
2024-11-30,"RSV visits by borough","Queens",0.53,"Percent"
2024-12-07,"RSV visits by borough","Queens",0.52,"Percent"
2024-12-14,"RSV visits by borough","Queens",0.62,"Percent"
2024-12-21,"RSV visits by borough","Queens",0.42,"Percent"
2024-12-28,"RSV visits by borough","Queens",0.55,"Percent"
2025-01-04,"RSV visits by borough","Queens",0.41,"Percent"
2025-01-11,"RSV visits by borough","Queens",0.31,"Percent"
2025-01-18,"RSV visits by borough","Queens",0.19,"Percent"
2025-01-25,"RSV visits by borough","Queens",0.17,"Percent"
2025-02-01,"RSV visits by borough","Queens",0.13,"Percent"
2025-02-08,"RSV visits by borough","Queens",0.08,"Percent"
2025-02-15,"RSV visits by borough","Queens",0.08,"Percent"
2025-02-22,"RSV visits by borough","Queens",0.06,"Percent"
2025-03-01,"RSV visits by borough","Queens",0.08,"Percent"
2025-03-08,"RSV visits by borough","Queens",0.09,"Percent"
2025-03-15,"RSV visits by borough","Queens",0.01,"Percent"
2025-03-22,"RSV visits by borough","Queens",0.06,"Percent"
2025-03-29,"RSV visits by borough","Queens",0.05,"Percent"
2025-04-05,"RSV visits by borough","Queens",0.04,"Percent"
2025-04-12,"RSV visits by borough","Queens",0.01,"Percent"
2025-04-19,"RSV visits by borough","Queens",0.03,"Percent"
2025-04-26,"RSV visits by borough","Queens",0.02,"Percent"
2025-05-03,"RSV visits by borough","Queens",0.01,"Percent"
2025-05-10,"RSV visits by borough","Queens",0.01,"Percent"
2025-05-17,"RSV visits by borough","Queens",0.01,"Percent"
2025-05-24,"RSV visits by borough","Queens",0.01,"Percent"
2025-05-31,"RSV visits by borough","Queens",0.02,"Percent"
2025-06-07,"RSV visits by borough","Queens",0,"Percent"
2025-06-14,"RSV visits by borough","Queens",0.01,"Percent"
2025-06-21,"RSV visits by borough","Queens",0.01,"Percent"
2025-06-28,"RSV visits by borough","Queens",0,"Percent"
2025-07-05,"RSV visits by borough","Queens",0.01,"Percent"
2025-07-12,"RSV visits by borough","Queens",0.01,"Percent"
2025-07-19,"RSV visits by borough","Queens",0.01,"Percent"
2025-07-26,"RSV visits by borough","Queens",0.01,"Percent"
2025-08-02,"RSV visits by borough","Queens",0,"Percent"
2025-08-09,"RSV visits by borough","Queens",0.01,"Percent"
2025-08-16,"RSV visits by borough","Queens",0,"Percent"
2025-08-23,"RSV visits by borough","Queens",0,"Percent"
2025-08-30,"RSV visits by borough","Queens",0.01,"Percent"
2025-09-06,"RSV visits by borough","Queens",0.01,"Percent"
2025-09-13,"RSV visits by borough","Queens",0.01,"Percent"
2025-09-20,"RSV visits by borough","Queens",0,"Percent"
2025-09-27,"RSV visits by borough","Queens",0.01,"Percent"
2025-10-04,"RSV visits by borough","Queens",0.02,"Percent"
2025-10-11,"RSV visits by borough","Queens",0.01,"Percent"
2025-10-18,"RSV visits by borough","Queens",0.02,"Percent"
2025-10-25,"RSV visits by borough","Queens",0.03,"Percent"
2025-11-01,"RSV visits by borough","Queens",0.05,"Percent"
2025-11-08,"RSV visits by borough","Queens",0.06,"Percent"
2025-11-15,"RSV visits by borough","Queens",0.09,"Percent"
2025-11-22,"RSV visits by borough","Queens",0.08,"Percent"
2025-11-29,"RSV visits by borough","Queens",0.15,"Percent"
2025-12-06,"RSV visits by borough","Queens",0.14,"Percent"
2025-12-13,"RSV visits by borough","Queens",0.19,"Percent"
2025-12-20,"RSV visits by borough","Queens",0.17,"Percent"
2025-12-27,"RSV visits by borough","Queens",0.3,"Percent"
2026-01-03,"RSV visits by borough","Queens",0.31,"Percent"
2026-01-10,"RSV visits by borough","Queens",0.34,"Percent"
2026-01-17,"RSV visits by borough","Queens",0.29,"Percent"
2026-01-24,"RSV visits by borough","Queens",0.38,"Percent"
2026-01-31,"RSV visits by borough","Queens",0.42,"Percent"
2026-02-07,"RSV visits by borough","Queens",0.41,"Percent"
2026-02-14,"RSV visits by borough","Queens",0.32,"Percent"
2026-02-21,"RSV visits by borough","Queens",0.39,"Percent"
2026-02-28,"RSV visits by borough","Queens",0.25,"Percent"
2026-03-07,"RSV visits by borough","Queens",0.25,"Percent"
2026-03-14,"RSV visits by borough","Queens",0.2,"Percent"
2026-03-21,"RSV visits by borough","Queens",0.24,"Percent"
2026-03-28,"RSV visits by borough","Queens",0.16,"Percent"
2026-04-04,"RSV visits by borough","Queens",0.13,"Percent"
2026-04-11,"RSV visits by borough","Queens",0.09,"Percent"
2026-04-18,"RSV visits by borough","Queens",0.11,"Percent"
2026-04-25,"RSV visits by borough","Queens",0.03,"Percent"
2026-05-02,"RSV visits by borough","Queens",0.04,"Percent"
2026-05-09,"RSV visits by borough","Queens",0.04,"Percent"
2026-05-16,"RSV visits by borough","Queens",0.02,"Percent"
2026-05-23,"RSV visits by borough","Queens",0.01,"Percent"
2026-05-30,"RSV visits by borough","Queens",0.05,"Percent"
2026-06-06,"RSV visits by borough","Queens",0.02,"Percent"
2026-06-13,"RSV visits by borough","Queens",0.01,"Percent"
2026-06-20,"RSV visits by borough","Queens",0.01,"Percent"
2026-06-27,"RSV visits by borough","Queens",0.01,"Percent"
2026-07-04,"RSV visits by borough","Queens",0.01,"Percent"
2026-07-11,"RSV visits by borough","Queens",0.01,"Percent"
2026-07-18,"RSV visits by borough","Queens",0.01,"Percent"
2026-07-25,"RSV visits by borough","Queens",0.01,"Percent"
2026-08-01,"RSV visits by borough","Queens",0.01,"Percent"
2026-08-08,"RSV visits by borough","Queens",0.01,"Percent"
2026-08-15,"RSV visits by borough","Queens",0.02,"Percent"
2026-08-22,"RSV visits by borough","Queens",0,"Percent"
2026-08-29,"RSV visits by borough","Queens",0.01,"Percent"
2026-09-05,"RSV visits by borough","Queens",0.01,"Percent"
2023-09-09,"RSV visits by borough","Staten Island",0,"Percent"
2023-09-16,"RSV visits by borough","Staten Island",0,"Percent"
2023-09-23,"RSV visits by borough","Staten Island",0.03,"Percent"
2023-09-30,"RSV visits by borough","Staten Island",0,"Percent"
2023-10-07,"RSV visits by borough","Staten Island",0.17,"Percent"
2023-10-14,"RSV visits by borough","Staten Island",0.23,"Percent"
2023-10-21,"RSV visits by borough","Staten Island",0.18,"Percent"
2023-10-28,"RSV visits by borough","Staten Island",0.21,"Percent"
2023-11-04,"RSV visits by borough","Staten Island",0.29,"Percent"
2023-11-11,"RSV visits by borough","Staten Island",0.5,"Percent"
2023-11-18,"RSV visits by borough","Staten Island",0.36,"Percent"
2023-11-25,"RSV visits by borough","Staten Island",0.49,"Percent"
2023-12-02,"RSV visits by borough","Staten Island",0.51,"Percent"
2023-12-09,"RSV visits by borough","Staten Island",0.43,"Percent"
2023-12-16,"RSV visits by borough","Staten Island",0.46,"Percent"
2023-12-23,"RSV visits by borough","Staten Island",0.36,"Percent"
2023-12-30,"RSV visits by borough","Staten Island",0.33,"Percent"
2024-01-06,"RSV visits by borough","Staten Island",0.29,"Percent"
2024-01-13,"RSV visits by borough","Staten Island",0.15,"Percent"
2024-01-20,"RSV visits by borough","Staten Island",0.11,"Percent"
2024-01-27,"RSV visits by borough","Staten Island",0.13,"Percent"
2024-02-03,"RSV visits by borough","Staten Island",0.05,"Percent"
2024-02-10,"RSV visits by borough","Staten Island",0.05,"Percent"
2024-02-17,"RSV visits by borough","Staten Island",0.03,"Percent"
2024-02-24,"RSV visits by borough","Staten Island",0.03,"Percent"
2024-03-02,"RSV visits by borough","Staten Island",0.03,"Percent"
2024-03-09,"RSV visits by borough","Staten Island",0.03,"Percent"
2024-03-16,"RSV visits by borough","Staten Island",0,"Percent"
2024-03-23,"RSV visits by borough","Staten Island",0.05,"Percent"
2024-03-30,"RSV visits by borough","Staten Island",0.05,"Percent"
2024-04-06,"RSV visits by borough","Staten Island",0.03,"Percent"
2024-04-13,"RSV visits by borough","Staten Island",0,"Percent"
2024-04-20,"RSV visits by borough","Staten Island",0.07,"Percent"
2024-04-27,"RSV visits by borough","Staten Island",0,"Percent"
2024-05-04,"RSV visits by borough","Staten Island",0.02,"Percent"
2024-05-11,"RSV visits by borough","Staten Island",0,"Percent"
2024-05-18,"RSV visits by borough","Staten Island",0,"Percent"
2024-05-25,"RSV visits by borough","Staten Island",0,"Percent"
2024-06-01,"RSV visits by borough","Staten Island",0,"Percent"
2024-06-08,"RSV visits by borough","Staten Island",0.02,"Percent"
2024-06-15,"RSV visits by borough","Staten Island",0,"Percent"
2024-06-22,"RSV visits by borough","Staten Island",0,"Percent"
2024-06-29,"RSV visits by borough","Staten Island",0.05,"Percent"
2024-07-06,"RSV visits by borough","Staten Island",0,"Percent"
2024-07-13,"RSV visits by borough","Staten Island",0,"Percent"
2024-07-20,"RSV visits by borough","Staten Island",0,"Percent"
2024-07-27,"RSV visits by borough","Staten Island",0,"Percent"
2024-08-03,"RSV visits by borough","Staten Island",0.03,"Percent"
2024-08-10,"RSV visits by borough","Staten Island",0,"Percent"
2024-08-17,"RSV visits by borough","Staten Island",0.03,"Percent"
2024-08-24,"RSV visits by borough","Staten Island",0.05,"Percent"
2024-08-31,"RSV visits by borough","Staten Island",0,"Percent"
2024-09-07,"RSV visits by borough","Staten Island",0,"Percent"
2024-09-14,"RSV visits by borough","Staten Island",0,"Percent"
2024-09-21,"RSV visits by borough","Staten Island",0,"Percent"
2024-09-28,"RSV visits by borough","Staten Island",0,"Percent"
2024-10-05,"RSV visits by borough","Staten Island",0.05,"Percent"
2024-10-12,"RSV visits by borough","Staten Island",0,"Percent"
2024-10-19,"RSV visits by borough","Staten Island",0.03,"Percent"
2024-10-26,"RSV visits by borough","Staten Island",0.05,"Percent"
2024-11-02,"RSV visits by borough","Staten Island",0.03,"Percent"
2024-11-09,"RSV visits by borough","Staten Island",0.05,"Percent"
2024-11-16,"RSV visits by borough","Staten Island",0.19,"Percent"
2024-11-23,"RSV visits by borough","Staten Island",0.22,"Percent"
2024-11-30,"RSV visits by borough","Staten Island",0.46,"Percent"
2024-12-07,"RSV visits by borough","Staten Island",0.65,"Percent"
2024-12-14,"RSV visits by borough","Staten Island",0.79,"Percent"
2024-12-21,"RSV visits by borough","Staten Island",0.9,"Percent"
2024-12-28,"RSV visits by borough","Staten Island",0.8,"Percent"
2025-01-04,"RSV visits by borough","Staten Island",1.06,"Percent"
2025-01-11,"RSV visits by borough","Staten Island",0.83,"Percent"
2025-01-18,"RSV visits by borough","Staten Island",0.55,"Percent"
2025-01-25,"RSV visits by borough","Staten Island",0.18,"Percent"
2025-02-01,"RSV visits by borough","Staten Island",0.32,"Percent"
2025-02-08,"RSV visits by borough","Staten Island",0.25,"Percent"
2025-02-15,"RSV visits by borough","Staten Island",0.1,"Percent"
2025-02-22,"RSV visits by borough","Staten Island",0.05,"Percent"
2025-03-01,"RSV visits by borough","Staten Island",0.1,"Percent"
2025-03-08,"RSV visits by borough","Staten Island",0.05,"Percent"
2025-03-15,"RSV visits by borough","Staten Island",0.03,"Percent"
2025-03-22,"RSV visits by borough","Staten Island",0.08,"Percent"
2025-03-29,"RSV visits by borough","Staten Island",0.03,"Percent"
2025-04-05,"RSV visits by borough","Staten Island",0.05,"Percent"
2025-04-12,"RSV visits by borough","Staten Island",0.08,"Percent"
2025-04-19,"RSV visits by borough","Staten Island",0.03,"Percent"
2025-04-26,"RSV visits by borough","Staten Island",0.02,"Percent"
2025-05-03,"RSV visits by borough","Staten Island",0.02,"Percent"
2025-05-10,"RSV visits by borough","Staten Island",0,"Percent"
2025-05-17,"RSV visits by borough","Staten Island",0,"Percent"
2025-05-24,"RSV visits by borough","Staten Island",0,"Percent"
2025-05-31,"RSV visits by borough","Staten Island",0,"Percent"
2025-06-07,"RSV visits by borough","Staten Island",0,"Percent"
2025-06-14,"RSV visits by borough","Staten Island",0,"Percent"
2025-06-21,"RSV visits by borough","Staten Island",0,"Percent"
2025-06-28,"RSV visits by borough","Staten Island",0,"Percent"
2025-07-05,"RSV visits by borough","Staten Island",0,"Percent"
2025-07-12,"RSV visits by borough","Staten Island",0,"Percent"
2025-07-19,"RSV visits by borough","Staten Island",0,"Percent"
2025-07-26,"RSV visits by borough","Staten Island",0,"Percent"
2025-08-02,"RSV visits by borough","Staten Island",0,"Percent"
2025-08-09,"RSV visits by borough","Staten Island",0,"Percent"
2025-08-16,"RSV visits by borough","Staten Island",0,"Percent"
2025-08-23,"RSV visits by borough","Staten Island",0,"Percent"
2025-08-30,"RSV visits by borough","Staten Island",0,"Percent"
2025-09-06,"RSV visits by borough","Staten Island",0,"Percent"
2025-09-13,"RSV visits by borough","Staten Island",0,"Percent"
2025-09-20,"RSV visits by borough","Staten Island",0.07,"Percent"
2025-09-27,"RSV visits by borough","Staten Island",0,"Percent"
2025-10-04,"RSV visits by borough","Staten Island",0.05,"Percent"
2025-10-11,"RSV visits by borough","Staten Island",0,"Percent"
2025-10-18,"RSV visits by borough","Staten Island",0,"Percent"
2025-10-25,"RSV visits by borough","Staten Island",0,"Percent"
2025-11-01,"RSV visits by borough","Staten Island",0.05,"Percent"
2025-11-08,"RSV visits by borough","Staten Island",0.1,"Percent"
2025-11-15,"RSV visits by borough","Staten Island",0.05,"Percent"
2025-11-22,"RSV visits by borough","Staten Island",0,"Percent"
2025-11-29,"RSV visits by borough","Staten Island",0.16,"Percent"
2025-12-06,"RSV visits by borough","Staten Island",0.33,"Percent"
2025-12-13,"RSV visits by borough","Staten Island",0.45,"Percent"
2025-12-20,"RSV visits by borough","Staten Island",0.31,"Percent"
2025-12-27,"RSV visits by borough","Staten Island",0.5,"Percent"
2026-01-03,"RSV visits by borough","Staten Island",0.5,"Percent"
2026-01-10,"RSV visits by borough","Staten Island",0.48,"Percent"
2026-01-17,"RSV visits by borough","Staten Island",0.41,"Percent"
2026-01-24,"RSV visits by borough","Staten Island",0.33,"Percent"
2026-01-31,"RSV visits by borough","Staten Island",0.51,"Percent"
2026-02-07,"RSV visits by borough","Staten Island",0.63,"Percent"
2026-02-14,"RSV visits by borough","Staten Island",0.64,"Percent"
2026-02-21,"RSV visits by borough","Staten Island",0.72,"Percent"
2026-02-28,"RSV visits by borough","Staten Island",0.52,"Percent"
2026-03-07,"RSV visits by borough","Staten Island",0.72,"Percent"
2026-03-14,"RSV visits by borough","Staten Island",0.52,"Percent"
2026-03-21,"RSV visits by borough","Staten Island",0.42,"Percent"
2026-03-28,"RSV visits by borough","Staten Island",0.31,"Percent"
2026-04-04,"RSV visits by borough","Staten Island",0.06,"Percent"
2026-04-11,"RSV visits by borough","Staten Island",0.21,"Percent"
2026-04-18,"RSV visits by borough","Staten Island",0.16,"Percent"
2026-04-25,"RSV visits by borough","Staten Island",0.03,"Percent"
2026-05-02,"RSV visits by borough","Staten Island",0.03,"Percent"
2026-05-09,"RSV visits by borough","Staten Island",0,"Percent"
2026-05-16,"RSV visits by borough","Staten Island",0.02,"Percent"
2026-05-23,"RSV visits by borough","Staten Island",0.05,"Percent"
2026-05-30,"RSV visits by borough","Staten Island",0.05,"Percent"
2026-06-06,"RSV visits by borough","Staten Island",0.03,"Percent"
2026-06-13,"RSV visits by borough","Staten Island",0.05,"Percent"
2026-06-20,"RSV visits by borough","Staten Island",0.02,"Percent"
2026-06-27,"RSV visits by borough","Staten Island",0.02,"Percent"
2026-07-04,"RSV visits by borough","Staten Island",0,"Percent"
2026-07-11,"RSV visits by borough","Staten Island",0,"Percent"
2026-07-18,"RSV visits by borough","Staten Island",0,"Percent"
2026-07-25,"RSV visits by borough","Staten Island",0,"Percent"
2026-08-01,"RSV visits by borough","Staten Island",0,"Percent"
2026-08-08,"RSV visits by borough","Staten Island",0.02,"Percent"
2026-08-15,"RSV visits by borough","Staten Island",0.07,"Percent"
2026-08-22,"RSV visits by borough","Staten Island",0,"Percent"
2026-08-29,"RSV visits by borough","Staten Island",0,"Percent"
2026-09-05,"RSV visits by borough","Staten Island",0,"Percent"
2023-09-09,"RSV hospitalizations by borough","Bronx",0,"Percent"
2023-09-16,"RSV hospitalizations by borough","Bronx",0.05,"Percent"
2023-09-23,"RSV hospitalizations by borough","Bronx",0.09,"Percent"
2023-09-30,"RSV hospitalizations by borough","Bronx",0.05,"Percent"
2023-10-07,"RSV hospitalizations by borough","Bronx",0.09,"Percent"
2023-10-14,"RSV hospitalizations by borough","Bronx",0.05,"Percent"
2023-10-21,"RSV hospitalizations by borough","Bronx",0.22,"Percent"
2023-10-28,"RSV hospitalizations by borough","Bronx",0.27,"Percent"
2023-11-04,"RSV hospitalizations by borough","Bronx",0.63,"Percent"
2023-11-11,"RSV hospitalizations by borough","Bronx",0.69,"Percent"
2023-11-18,"RSV hospitalizations by borough","Bronx",0.44,"Percent"
2023-11-25,"RSV hospitalizations by borough","Bronx",0.7,"Percent"
2023-12-02,"RSV hospitalizations by borough","Bronx",0.5,"Percent"
2023-12-09,"RSV hospitalizations by borough","Bronx",0.59,"Percent"
2023-12-16,"RSV hospitalizations by borough","Bronx",0.53,"Percent"
2023-12-23,"RSV hospitalizations by borough","Bronx",0.41,"Percent"
2023-12-30,"RSV hospitalizations by borough","Bronx",0.72,"Percent"
2024-01-06,"RSV hospitalizations by borough","Bronx",0.49,"Percent"
2024-01-13,"RSV hospitalizations by borough","Bronx",0.24,"Percent"
2024-01-20,"RSV hospitalizations by borough","Bronx",0.2,"Percent"
2024-01-27,"RSV hospitalizations by borough","Bronx",0.3,"Percent"
2024-02-03,"RSV hospitalizations by borough","Bronx",0.15,"Percent"
2024-02-10,"RSV hospitalizations by borough","Bronx",0.1,"Percent"
2024-02-17,"RSV hospitalizations by borough","Bronx",0.31,"Percent"
2024-02-24,"RSV hospitalizations by borough","Bronx",0.2,"Percent"
2024-03-02,"RSV hospitalizations by borough","Bronx",0.1,"Percent"
2024-03-09,"RSV hospitalizations by borough","Bronx",0,"Percent"
2024-03-16,"RSV hospitalizations by borough","Bronx",0.1,"Percent"
2024-03-23,"RSV hospitalizations by borough","Bronx",0,"Percent"
2024-03-30,"RSV hospitalizations by borough","Bronx",0.05,"Percent"
2024-04-06,"RSV hospitalizations by borough","Bronx",0,"Percent"
2024-04-13,"RSV hospitalizations by borough","Bronx",0,"Percent"
2024-04-20,"RSV hospitalizations by borough","Bronx",0,"Percent"
2024-04-27,"RSV hospitalizations by borough","Bronx",0.05,"Percent"
2024-05-04,"RSV hospitalizations by borough","Bronx",0,"Percent"
2024-05-11,"RSV hospitalizations by borough","Bronx",0,"Percent"
2024-05-18,"RSV hospitalizations by borough","Bronx",0.05,"Percent"
2024-05-25,"RSV hospitalizations by borough","Bronx",0.1,"Percent"
2024-06-01,"RSV hospitalizations by borough","Bronx",0,"Percent"
2024-06-08,"RSV hospitalizations by borough","Bronx",0.05,"Percent"
2024-06-15,"RSV hospitalizations by borough","Bronx",0,"Percent"
2024-06-22,"RSV hospitalizations by borough","Bronx",0,"Percent"
2024-06-29,"RSV hospitalizations by borough","Bronx",0.05,"Percent"
2024-07-06,"RSV hospitalizations by borough","Bronx",0,"Percent"
2024-07-13,"RSV hospitalizations by borough","Bronx",0,"Percent"
2024-07-20,"RSV hospitalizations by borough","Bronx",0.05,"Percent"
2024-07-27,"RSV hospitalizations by borough","Bronx",0,"Percent"
2024-08-03,"RSV hospitalizations by borough","Bronx",0.05,"Percent"
2024-08-10,"RSV hospitalizations by borough","Bronx",0.05,"Percent"
2024-08-17,"RSV hospitalizations by borough","Bronx",0,"Percent"
2024-08-24,"RSV hospitalizations by borough","Bronx",0,"Percent"
2024-08-31,"RSV hospitalizations by borough","Bronx",0.05,"Percent"
2024-09-07,"RSV hospitalizations by borough","Bronx",0,"Percent"
2024-09-14,"RSV hospitalizations by borough","Bronx",0.05,"Percent"
2024-09-21,"RSV hospitalizations by borough","Bronx",0.05,"Percent"
2024-09-28,"RSV hospitalizations by borough","Bronx",0.05,"Percent"
2024-10-05,"RSV hospitalizations by borough","Bronx",0.05,"Percent"
2024-10-12,"RSV hospitalizations by borough","Bronx",0,"Percent"
2024-10-19,"RSV hospitalizations by borough","Bronx",0.15,"Percent"
2024-10-26,"RSV hospitalizations by borough","Bronx",0.2,"Percent"
2024-11-02,"RSV hospitalizations by borough","Bronx",0.08,"Percent"
2024-11-09,"RSV hospitalizations by borough","Bronx",0.46,"Percent"
2024-11-16,"RSV hospitalizations by borough","Bronx",0.7,"Percent"
2024-11-23,"RSV hospitalizations by borough","Bronx",0.43,"Percent"
2024-11-30,"RSV hospitalizations by borough","Bronx",0.72,"Percent"
2024-12-07,"RSV hospitalizations by borough","Bronx",1.22,"Percent"
2024-12-14,"RSV hospitalizations by borough","Bronx",0.77,"Percent"
2024-12-21,"RSV hospitalizations by borough","Bronx",0.64,"Percent"
2024-12-28,"RSV hospitalizations by borough","Bronx",0.59,"Percent"
2025-01-04,"RSV hospitalizations by borough","Bronx",0.81,"Percent"
2025-01-11,"RSV hospitalizations by borough","Bronx",0.1,"Percent"
2025-01-18,"RSV hospitalizations by borough","Bronx",0.15,"Percent"
2025-01-25,"RSV hospitalizations by borough","Bronx",0.15,"Percent"
2025-02-01,"RSV hospitalizations by borough","Bronx",0.14,"Percent"
2025-02-08,"RSV hospitalizations by borough","Bronx",0.15,"Percent"
2025-02-15,"RSV hospitalizations by borough","Bronx",0.3,"Percent"
2025-02-22,"RSV hospitalizations by borough","Bronx",0.2,"Percent"
2025-03-01,"RSV hospitalizations by borough","Bronx",0.05,"Percent"
2025-03-08,"RSV hospitalizations by borough","Bronx",0.05,"Percent"
2025-03-15,"RSV hospitalizations by borough","Bronx",0.2,"Percent"
2025-03-22,"RSV hospitalizations by borough","Bronx",0.05,"Percent"
2025-03-29,"RSV hospitalizations by borough","Bronx",0,"Percent"
2025-04-05,"RSV hospitalizations by borough","Bronx",0.05,"Percent"
2025-04-12,"RSV hospitalizations by borough","Bronx",0,"Percent"
2025-04-19,"RSV hospitalizations by borough","Bronx",0,"Percent"
2025-04-26,"RSV hospitalizations by borough","Bronx",0,"Percent"
2025-05-03,"RSV hospitalizations by borough","Bronx",0.05,"Percent"
2025-05-10,"RSV hospitalizations by borough","Bronx",0,"Percent"
2025-05-17,"RSV hospitalizations by borough","Bronx",0,"Percent"
2025-05-24,"RSV hospitalizations by borough","Bronx",0,"Percent"
2025-05-31,"RSV hospitalizations by borough","Bronx",0,"Percent"
2025-06-07,"RSV hospitalizations by borough","Bronx",0,"Percent"
2025-06-14,"RSV hospitalizations by borough","Bronx",0,"Percent"
2025-06-21,"RSV hospitalizations by borough","Bronx",0,"Percent"
2025-06-28,"RSV hospitalizations by borough","Bronx",0,"Percent"
2025-07-05,"RSV hospitalizations by borough","Bronx",0,"Percent"
2025-07-12,"RSV hospitalizations by borough","Bronx",0,"Percent"
2025-07-19,"RSV hospitalizations by borough","Bronx",0,"Percent"
2025-07-26,"RSV hospitalizations by borough","Bronx",0,"Percent"
2025-08-02,"RSV hospitalizations by borough","Bronx",0,"Percent"
2025-08-09,"RSV hospitalizations by borough","Bronx",0,"Percent"
2025-08-16,"RSV hospitalizations by borough","Bronx",0,"Percent"
2025-08-23,"RSV hospitalizations by borough","Bronx",0,"Percent"
2025-08-30,"RSV hospitalizations by borough","Bronx",0,"Percent"
2025-09-06,"RSV hospitalizations by borough","Bronx",0.05,"Percent"
2025-09-13,"RSV hospitalizations by borough","Bronx",0.05,"Percent"
2025-09-20,"RSV hospitalizations by borough","Bronx",0,"Percent"
2025-09-27,"RSV hospitalizations by borough","Bronx",0,"Percent"
2025-10-04,"RSV hospitalizations by borough","Bronx",0,"Percent"
2025-10-11,"RSV hospitalizations by borough","Bronx",0.05,"Percent"
2025-10-18,"RSV hospitalizations by borough","Bronx",0,"Percent"
2025-10-25,"RSV hospitalizations by borough","Bronx",0.05,"Percent"
2025-11-01,"RSV hospitalizations by borough","Bronx",0.21,"Percent"
2025-11-08,"RSV hospitalizations by borough","Bronx",0.05,"Percent"
2025-11-15,"RSV hospitalizations by borough","Bronx",0.05,"Percent"
2025-11-22,"RSV hospitalizations by borough","Bronx",0.16,"Percent"
2025-11-29,"RSV hospitalizations by borough","Bronx",0.39,"Percent"
2025-12-06,"RSV hospitalizations by borough","Bronx",0.6,"Percent"
2025-12-13,"RSV hospitalizations by borough","Bronx",0.24,"Percent"
2025-12-20,"RSV hospitalizations by borough","Bronx",0.56,"Percent"
2025-12-27,"RSV hospitalizations by borough","Bronx",0.32,"Percent"
2026-01-03,"RSV hospitalizations by borough","Bronx",0.74,"Percent"
2026-01-10,"RSV hospitalizations by borough","Bronx",0.47,"Percent"
2026-01-17,"RSV hospitalizations by borough","Bronx",0.69,"Percent"
2026-01-24,"RSV hospitalizations by borough","Bronx",0.62,"Percent"
2026-01-31,"RSV hospitalizations by borough","Bronx",0.66,"Percent"
2026-02-07,"RSV hospitalizations by borough","Bronx",0.79,"Percent"
2026-02-14,"RSV hospitalizations by borough","Bronx",0.4,"Percent"
2026-02-21,"RSV hospitalizations by borough","Bronx",0.7,"Percent"
2026-02-28,"RSV hospitalizations by borough","Bronx",0.2,"Percent"
2026-03-07,"RSV hospitalizations by borough","Bronx",0.21,"Percent"
2026-03-14,"RSV hospitalizations by borough","Bronx",0.28,"Percent"
2026-03-21,"RSV hospitalizations by borough","Bronx",0.25,"Percent"
2026-03-28,"RSV hospitalizations by borough","Bronx",0.36,"Percent"
2026-04-04,"RSV hospitalizations by borough","Bronx",0.19,"Percent"
2026-04-11,"RSV hospitalizations by borough","Bronx",0,"Percent"
2026-04-18,"RSV hospitalizations by borough","Bronx",0.1,"Percent"
2026-04-25,"RSV hospitalizations by borough","Bronx",0.05,"Percent"
2026-05-02,"RSV hospitalizations by borough","Bronx",0.05,"Percent"
2026-05-09,"RSV hospitalizations by borough","Bronx",0.05,"Percent"
2026-05-16,"RSV hospitalizations by borough","Bronx",0,"Percent"
2026-05-23,"RSV hospitalizations by borough","Bronx",0,"Percent"
2026-05-30,"RSV hospitalizations by borough","Bronx",0,"Percent"
2026-06-06,"RSV hospitalizations by borough","Bronx",0,"Percent"
2026-06-13,"RSV hospitalizations by borough","Bronx",0,"Percent"
2026-06-20,"RSV hospitalizations by borough","Bronx",0.05,"Percent"
2026-06-27,"RSV hospitalizations by borough","Bronx",0,"Percent"
2026-07-04,"RSV hospitalizations by borough","Bronx",0,"Percent"
2026-07-11,"RSV hospitalizations by borough","Bronx",0,"Percent"
2026-07-18,"RSV hospitalizations by borough","Bronx",0,"Percent"
2026-07-25,"RSV hospitalizations by borough","Bronx",0,"Percent"
2026-08-01,"RSV hospitalizations by borough","Bronx",0,"Percent"
2026-08-08,"RSV hospitalizations by borough","Bronx",0,"Percent"
2026-08-15,"RSV hospitalizations by borough","Bronx",0,"Percent"
2026-08-22,"RSV hospitalizations by borough","Bronx",0,"Percent"
2026-08-29,"RSV hospitalizations by borough","Bronx",0,"Percent"
2026-09-05,"RSV hospitalizations by borough","Bronx",0,"Percent"
2023-09-09,"RSV hospitalizations by borough","Brooklyn",0.09,"Percent"
2023-09-16,"RSV hospitalizations by borough","Brooklyn",0.06,"Percent"
2023-09-23,"RSV hospitalizations by borough","Brooklyn",0.03,"Percent"
2023-09-30,"RSV hospitalizations by borough","Brooklyn",0.06,"Percent"
2023-10-07,"RSV hospitalizations by borough","Brooklyn",0.08,"Percent"
2023-10-14,"RSV hospitalizations by borough","Brooklyn",0.17,"Percent"
2023-10-21,"RSV hospitalizations by borough","Brooklyn",0.2,"Percent"
2023-10-28,"RSV hospitalizations by borough","Brooklyn",0.47,"Percent"
2023-11-04,"RSV hospitalizations by borough","Brooklyn",0.46,"Percent"
2023-11-11,"RSV hospitalizations by borough","Brooklyn",0.4,"Percent"
2023-11-18,"RSV hospitalizations by borough","Brooklyn",0.74,"Percent"
2023-11-25,"RSV hospitalizations by borough","Brooklyn",0.85,"Percent"
2023-12-02,"RSV hospitalizations by borough","Brooklyn",1.04,"Percent"
2023-12-09,"RSV hospitalizations by borough","Brooklyn",0.69,"Percent"
2023-12-16,"RSV hospitalizations by borough","Brooklyn",0.52,"Percent"
2023-12-23,"RSV hospitalizations by borough","Brooklyn",0.6,"Percent"
2023-12-30,"RSV hospitalizations by borough","Brooklyn",0.66,"Percent"
2024-01-06,"RSV hospitalizations by borough","Brooklyn",0.49,"Percent"
2024-01-13,"RSV hospitalizations by borough","Brooklyn",0.21,"Percent"
2024-01-20,"RSV hospitalizations by borough","Brooklyn",0.23,"Percent"
2024-01-27,"RSV hospitalizations by borough","Brooklyn",0.41,"Percent"
2024-02-03,"RSV hospitalizations by borough","Brooklyn",0.17,"Percent"
2024-02-10,"RSV hospitalizations by borough","Brooklyn",0.11,"Percent"
2024-02-17,"RSV hospitalizations by borough","Brooklyn",0.19,"Percent"
2024-02-24,"RSV hospitalizations by borough","Brooklyn",0.05,"Percent"
2024-03-02,"RSV hospitalizations by borough","Brooklyn",0.16,"Percent"
2024-03-09,"RSV hospitalizations by borough","Brooklyn",0.11,"Percent"
2024-03-16,"RSV hospitalizations by borough","Brooklyn",0.11,"Percent"
2024-03-23,"RSV hospitalizations by borough","Brooklyn",0.05,"Percent"
2024-03-30,"RSV hospitalizations by borough","Brooklyn",0.08,"Percent"
2024-04-06,"RSV hospitalizations by borough","Brooklyn",0.13,"Percent"
2024-04-13,"RSV hospitalizations by borough","Brooklyn",0.07,"Percent"
2024-04-20,"RSV hospitalizations by borough","Brooklyn",0,"Percent"
2024-04-27,"RSV hospitalizations by borough","Brooklyn",0.05,"Percent"
2024-05-04,"RSV hospitalizations by borough","Brooklyn",0.08,"Percent"
2024-05-11,"RSV hospitalizations by borough","Brooklyn",0.03,"Percent"
2024-05-18,"RSV hospitalizations by borough","Brooklyn",0,"Percent"
2024-05-25,"RSV hospitalizations by borough","Brooklyn",0.08,"Percent"
2024-06-01,"RSV hospitalizations by borough","Brooklyn",0.06,"Percent"
2024-06-08,"RSV hospitalizations by borough","Brooklyn",0.03,"Percent"
2024-06-15,"RSV hospitalizations by borough","Brooklyn",0.08,"Percent"
2024-06-22,"RSV hospitalizations by borough","Brooklyn",0.06,"Percent"
2024-06-29,"RSV hospitalizations by borough","Brooklyn",0,"Percent"
2024-07-06,"RSV hospitalizations by borough","Brooklyn",0.09,"Percent"
2024-07-13,"RSV hospitalizations by borough","Brooklyn",0.03,"Percent"
2024-07-20,"RSV hospitalizations by borough","Brooklyn",0,"Percent"
2024-07-27,"RSV hospitalizations by borough","Brooklyn",0.06,"Percent"
2024-08-03,"RSV hospitalizations by borough","Brooklyn",0.06,"Percent"
2024-08-10,"RSV hospitalizations by borough","Brooklyn",0,"Percent"
2024-08-17,"RSV hospitalizations by borough","Brooklyn",0.06,"Percent"
2024-08-24,"RSV hospitalizations by borough","Brooklyn",0,"Percent"
2024-08-31,"RSV hospitalizations by borough","Brooklyn",0.03,"Percent"
2024-09-07,"RSV hospitalizations by borough","Brooklyn",0,"Percent"
2024-09-14,"RSV hospitalizations by borough","Brooklyn",0.06,"Percent"
2024-09-21,"RSV hospitalizations by borough","Brooklyn",0.06,"Percent"
2024-09-28,"RSV hospitalizations by borough","Brooklyn",0.06,"Percent"
2024-10-05,"RSV hospitalizations by borough","Brooklyn",0.06,"Percent"
2024-10-12,"RSV hospitalizations by borough","Brooklyn",0.09,"Percent"
2024-10-19,"RSV hospitalizations by borough","Brooklyn",0.27,"Percent"
2024-10-26,"RSV hospitalizations by borough","Brooklyn",0.09,"Percent"
2024-11-02,"RSV hospitalizations by borough","Brooklyn",0.24,"Percent"
2024-11-09,"RSV hospitalizations by borough","Brooklyn",0.33,"Percent"
2024-11-16,"RSV hospitalizations by borough","Brooklyn",0.41,"Percent"
2024-11-23,"RSV hospitalizations by borough","Brooklyn",0.59,"Percent"
2024-11-30,"RSV hospitalizations by borough","Brooklyn",0.66,"Percent"
2024-12-07,"RSV hospitalizations by borough","Brooklyn",0.93,"Percent"
2024-12-14,"RSV hospitalizations by borough","Brooklyn",0.66,"Percent"
2024-12-21,"RSV hospitalizations by borough","Brooklyn",0.7,"Percent"
2024-12-28,"RSV hospitalizations by borough","Brooklyn",0.46,"Percent"
2025-01-04,"RSV hospitalizations by borough","Brooklyn",0.55,"Percent"
2025-01-11,"RSV hospitalizations by borough","Brooklyn",0.26,"Percent"
2025-01-18,"RSV hospitalizations by borough","Brooklyn",0.26,"Percent"
2025-01-25,"RSV hospitalizations by borough","Brooklyn",0.29,"Percent"
2025-02-01,"RSV hospitalizations by borough","Brooklyn",0.23,"Percent"
2025-02-08,"RSV hospitalizations by borough","Brooklyn",0.33,"Percent"
2025-02-15,"RSV hospitalizations by borough","Brooklyn",0.03,"Percent"
2025-02-22,"RSV hospitalizations by borough","Brooklyn",0.09,"Percent"
2025-03-01,"RSV hospitalizations by borough","Brooklyn",0.12,"Percent"
2025-03-08,"RSV hospitalizations by borough","Brooklyn",0.09,"Percent"
2025-03-15,"RSV hospitalizations by borough","Brooklyn",0.12,"Percent"
2025-03-22,"RSV hospitalizations by borough","Brooklyn",0.18,"Percent"
2025-03-29,"RSV hospitalizations by borough","Brooklyn",0.06,"Percent"
2025-04-05,"RSV hospitalizations by borough","Brooklyn",0,"Percent"
2025-04-12,"RSV hospitalizations by borough","Brooklyn",0.15,"Percent"
2025-04-19,"RSV hospitalizations by borough","Brooklyn",0.06,"Percent"
2025-04-26,"RSV hospitalizations by borough","Brooklyn",0.03,"Percent"
2025-05-03,"RSV hospitalizations by borough","Brooklyn",0.06,"Percent"
2025-05-10,"RSV hospitalizations by borough","Brooklyn",0.03,"Percent"
2025-05-17,"RSV hospitalizations by borough","Brooklyn",0.03,"Percent"
2025-05-24,"RSV hospitalizations by borough","Brooklyn",0.03,"Percent"
2025-05-31,"RSV hospitalizations by borough","Brooklyn",0.03,"Percent"
2025-06-07,"RSV hospitalizations by borough","Brooklyn",0.06,"Percent"
2025-06-14,"RSV hospitalizations by borough","Brooklyn",0,"Percent"
2025-06-21,"RSV hospitalizations by borough","Brooklyn",0.06,"Percent"
2025-06-28,"RSV hospitalizations by borough","Brooklyn",0.06,"Percent"
2025-07-05,"RSV hospitalizations by borough","Brooklyn",0.03,"Percent"
2025-07-12,"RSV hospitalizations by borough","Brooklyn",0.03,"Percent"
2025-07-19,"RSV hospitalizations by borough","Brooklyn",0.03,"Percent"
2025-07-26,"RSV hospitalizations by borough","Brooklyn",0,"Percent"
2025-08-02,"RSV hospitalizations by borough","Brooklyn",0,"Percent"
2025-08-09,"RSV hospitalizations by borough","Brooklyn",0.03,"Percent"
2025-08-16,"RSV hospitalizations by borough","Brooklyn",0.06,"Percent"
2025-08-23,"RSV hospitalizations by borough","Brooklyn",0.03,"Percent"
2025-08-30,"RSV hospitalizations by borough","Brooklyn",0.09,"Percent"
2025-09-06,"RSV hospitalizations by borough","Brooklyn",0.06,"Percent"
2025-09-13,"RSV hospitalizations by borough","Brooklyn",0.12,"Percent"
2025-09-20,"RSV hospitalizations by borough","Brooklyn",0.03,"Percent"
2025-09-27,"RSV hospitalizations by borough","Brooklyn",0.12,"Percent"
2025-10-04,"RSV hospitalizations by borough","Brooklyn",0.12,"Percent"
2025-10-11,"RSV hospitalizations by borough","Brooklyn",0.09,"Percent"
2025-10-18,"RSV hospitalizations by borough","Brooklyn",0,"Percent"
2025-10-25,"RSV hospitalizations by borough","Brooklyn",0,"Percent"
2025-11-01,"RSV hospitalizations by borough","Brooklyn",0.03,"Percent"
2025-11-08,"RSV hospitalizations by borough","Brooklyn",0.11,"Percent"
2025-11-15,"RSV hospitalizations by borough","Brooklyn",0.12,"Percent"
2025-11-22,"RSV hospitalizations by borough","Brooklyn",0.24,"Percent"
2025-11-29,"RSV hospitalizations by borough","Brooklyn",0.45,"Percent"
2025-12-06,"RSV hospitalizations by borough","Brooklyn",0.33,"Percent"
2025-12-13,"RSV hospitalizations by borough","Brooklyn",0.27,"Percent"
2025-12-20,"RSV hospitalizations by borough","Brooklyn",0.48,"Percent"
2025-12-27,"RSV hospitalizations by borough","Brooklyn",0.3,"Percent"
2026-01-03,"RSV hospitalizations by borough","Brooklyn",0.37,"Percent"
2026-01-10,"RSV hospitalizations by borough","Brooklyn",0.22,"Percent"
2026-01-17,"RSV hospitalizations by borough","Brooklyn",0.32,"Percent"
2026-01-24,"RSV hospitalizations by borough","Brooklyn",0.42,"Percent"
2026-01-31,"RSV hospitalizations by borough","Brooklyn",0.39,"Percent"
2026-02-07,"RSV hospitalizations by borough","Brooklyn",0.43,"Percent"
2026-02-14,"RSV hospitalizations by borough","Brooklyn",0.57,"Percent"
2026-02-21,"RSV hospitalizations by borough","Brooklyn",0.41,"Percent"
2026-02-28,"RSV hospitalizations by borough","Brooklyn",0.32,"Percent"
2026-03-07,"RSV hospitalizations by borough","Brooklyn",0.36,"Percent"
2026-03-14,"RSV hospitalizations by borough","Brooklyn",0.36,"Percent"
2026-03-21,"RSV hospitalizations by borough","Brooklyn",0.2,"Percent"
2026-03-28,"RSV hospitalizations by borough","Brooklyn",0.11,"Percent"
2026-04-04,"RSV hospitalizations by borough","Brooklyn",0.21,"Percent"
2026-04-11,"RSV hospitalizations by borough","Brooklyn",0.03,"Percent"
2026-04-18,"RSV hospitalizations by borough","Brooklyn",0.06,"Percent"
2026-04-25,"RSV hospitalizations by borough","Brooklyn",0.06,"Percent"
2026-05-02,"RSV hospitalizations by borough","Brooklyn",0.06,"Percent"
2026-05-09,"RSV hospitalizations by borough","Brooklyn",0,"Percent"
2026-05-16,"RSV hospitalizations by borough","Brooklyn",0.03,"Percent"
2026-05-23,"RSV hospitalizations by borough","Brooklyn",0.03,"Percent"
2026-05-30,"RSV hospitalizations by borough","Brooklyn",0.06,"Percent"
2026-06-06,"RSV hospitalizations by borough","Brooklyn",0,"Percent"
2026-06-13,"RSV hospitalizations by borough","Brooklyn",0,"Percent"
2026-06-20,"RSV hospitalizations by borough","Brooklyn",0,"Percent"
2026-06-27,"RSV hospitalizations by borough","Brooklyn",0,"Percent"
2026-07-04,"RSV hospitalizations by borough","Brooklyn",0.03,"Percent"
2026-07-11,"RSV hospitalizations by borough","Brooklyn",0,"Percent"
2026-07-18,"RSV hospitalizations by borough","Brooklyn",0.03,"Percent"
2026-07-25,"RSV hospitalizations by borough","Brooklyn",0.03,"Percent"
2026-08-01,"RSV hospitalizations by borough","Brooklyn",0,"Percent"
2026-08-08,"RSV hospitalizations by borough","Brooklyn",0.09,"Percent"
2026-08-15,"RSV hospitalizations by borough","Brooklyn",0.03,"Percent"
2026-08-22,"RSV hospitalizations by borough","Brooklyn",0,"Percent"
2026-08-29,"RSV hospitalizations by borough","Brooklyn",0.03,"Percent"
2026-09-05,"RSV hospitalizations by borough","Brooklyn",0.12,"Percent"
2023-09-09,"RSV hospitalizations by borough","Manhattan",0,"Percent"
2023-09-16,"RSV hospitalizations by borough","Manhattan",0,"Percent"
2023-09-23,"RSV hospitalizations by borough","Manhattan",0,"Percent"
2023-09-30,"RSV hospitalizations by borough","Manhattan",0.05,"Percent"
2023-10-07,"RSV hospitalizations by borough","Manhattan",0.04,"Percent"
2023-10-14,"RSV hospitalizations by borough","Manhattan",0.19,"Percent"
2023-10-21,"RSV hospitalizations by borough","Manhattan",0.18,"Percent"
2023-10-28,"RSV hospitalizations by borough","Manhattan",0.14,"Percent"
2023-11-04,"RSV hospitalizations by borough","Manhattan",0.15,"Percent"
2023-11-11,"RSV hospitalizations by borough","Manhattan",0.38,"Percent"
2023-11-18,"RSV hospitalizations by borough","Manhattan",0.33,"Percent"
2023-11-25,"RSV hospitalizations by borough","Manhattan",0.56,"Percent"
2023-12-02,"RSV hospitalizations by borough","Manhattan",0.28,"Percent"
2023-12-09,"RSV hospitalizations by borough","Manhattan",0.42,"Percent"
2023-12-16,"RSV hospitalizations by borough","Manhattan",0.31,"Percent"
2023-12-23,"RSV hospitalizations by borough","Manhattan",0.22,"Percent"
2023-12-30,"RSV hospitalizations by borough","Manhattan",0.19,"Percent"
2024-01-06,"RSV hospitalizations by borough","Manhattan",0.1,"Percent"
2024-01-13,"RSV hospitalizations by borough","Manhattan",0.09,"Percent"
2024-01-20,"RSV hospitalizations by borough","Manhattan",0.19,"Percent"
2024-01-27,"RSV hospitalizations by borough","Manhattan",0.37,"Percent"
2024-02-03,"RSV hospitalizations by borough","Manhattan",0.05,"Percent"
2024-02-10,"RSV hospitalizations by borough","Manhattan",0.14,"Percent"
2024-02-17,"RSV hospitalizations by borough","Manhattan",0.1,"Percent"
2024-02-24,"RSV hospitalizations by borough","Manhattan",0.15,"Percent"
2024-03-02,"RSV hospitalizations by borough","Manhattan",0.05,"Percent"
2024-03-09,"RSV hospitalizations by borough","Manhattan",0.05,"Percent"
2024-03-16,"RSV hospitalizations by borough","Manhattan",0.05,"Percent"
2024-03-23,"RSV hospitalizations by borough","Manhattan",0,"Percent"
2024-03-30,"RSV hospitalizations by borough","Manhattan",0,"Percent"
2024-04-06,"RSV hospitalizations by borough","Manhattan",0,"Percent"
2024-04-13,"RSV hospitalizations by borough","Manhattan",0,"Percent"
2024-04-20,"RSV hospitalizations by borough","Manhattan",0,"Percent"
2024-04-27,"RSV hospitalizations by borough","Manhattan",0,"Percent"
2024-05-04,"RSV hospitalizations by borough","Manhattan",0,"Percent"
2024-05-11,"RSV hospitalizations by borough","Manhattan",0,"Percent"
2024-05-18,"RSV hospitalizations by borough","Manhattan",0,"Percent"
2024-05-25,"RSV hospitalizations by borough","Manhattan",0.05,"Percent"
2024-06-01,"RSV hospitalizations by borough","Manhattan",0,"Percent"
2024-06-08,"RSV hospitalizations by borough","Manhattan",0,"Percent"
2024-06-15,"RSV hospitalizations by borough","Manhattan",0,"Percent"
2024-06-22,"RSV hospitalizations by borough","Manhattan",0,"Percent"
2024-06-29,"RSV hospitalizations by borough","Manhattan",0,"Percent"
2024-07-06,"RSV hospitalizations by borough","Manhattan",0,"Percent"
2024-07-13,"RSV hospitalizations by borough","Manhattan",0,"Percent"
2024-07-20,"RSV hospitalizations by borough","Manhattan",0,"Percent"
2024-07-27,"RSV hospitalizations by borough","Manhattan",0,"Percent"
2024-08-03,"RSV hospitalizations by borough","Manhattan",0,"Percent"
2024-08-10,"RSV hospitalizations by borough","Manhattan",0,"Percent"
2024-08-17,"RSV hospitalizations by borough","Manhattan",0,"Percent"
2024-08-24,"RSV hospitalizations by borough","Manhattan",0,"Percent"
2024-08-31,"RSV hospitalizations by borough","Manhattan",0,"Percent"
2024-09-07,"RSV hospitalizations by borough","Manhattan",0,"Percent"
2024-09-14,"RSV hospitalizations by borough","Manhattan",0.1,"Percent"
2024-09-21,"RSV hospitalizations by borough","Manhattan",0,"Percent"
2024-09-28,"RSV hospitalizations by borough","Manhattan",0,"Percent"
2024-10-05,"RSV hospitalizations by borough","Manhattan",0,"Percent"
2024-10-12,"RSV hospitalizations by borough","Manhattan",0,"Percent"
2024-10-19,"RSV hospitalizations by borough","Manhattan",0,"Percent"
2024-10-26,"RSV hospitalizations by borough","Manhattan",0.13,"Percent"
2024-11-02,"RSV hospitalizations by borough","Manhattan",0.12,"Percent"
2024-11-09,"RSV hospitalizations by borough","Manhattan",0.07,"Percent"
2024-11-16,"RSV hospitalizations by borough","Manhattan",0.07,"Percent"
2024-11-23,"RSV hospitalizations by borough","Manhattan",0.06,"Percent"
2024-11-30,"RSV hospitalizations by borough","Manhattan",0.21,"Percent"
2024-12-07,"RSV hospitalizations by borough","Manhattan",0.35,"Percent"
2024-12-14,"RSV hospitalizations by borough","Manhattan",0.32,"Percent"
2024-12-21,"RSV hospitalizations by borough","Manhattan",0.32,"Percent"
2024-12-28,"RSV hospitalizations by borough","Manhattan",0.5,"Percent"
2025-01-04,"RSV hospitalizations by borough","Manhattan",0.07,"Percent"
2025-01-11,"RSV hospitalizations by borough","Manhattan",0.13,"Percent"
2025-01-18,"RSV hospitalizations by borough","Manhattan",0.06,"Percent"
2025-01-25,"RSV hospitalizations by borough","Manhattan",0,"Percent"
2025-02-01,"RSV hospitalizations by borough","Manhattan",0.13,"Percent"
2025-02-08,"RSV hospitalizations by borough","Manhattan",0.34,"Percent"
2025-02-15,"RSV hospitalizations by borough","Manhattan",0.13,"Percent"
2025-02-22,"RSV hospitalizations by borough","Manhattan",0,"Percent"
2025-03-01,"RSV hospitalizations by borough","Manhattan",0.32,"Percent"
2025-03-08,"RSV hospitalizations by borough","Manhattan",0.07,"Percent"
2025-03-15,"RSV hospitalizations by borough","Manhattan",0.07,"Percent"
2025-03-22,"RSV hospitalizations by borough","Manhattan",0.07,"Percent"
2025-03-29,"RSV hospitalizations by borough","Manhattan",0,"Percent"
2025-04-05,"RSV hospitalizations by borough","Manhattan",0.07,"Percent"
2025-04-12,"RSV hospitalizations by borough","Manhattan",0,"Percent"
2025-04-19,"RSV hospitalizations by borough","Manhattan",0.07,"Percent"
2025-04-26,"RSV hospitalizations by borough","Manhattan",0.07,"Percent"
2025-05-03,"RSV hospitalizations by borough","Manhattan",0,"Percent"
2025-05-10,"RSV hospitalizations by borough","Manhattan",0,"Percent"
2025-05-17,"RSV hospitalizations by borough","Manhattan",0,"Percent"
2025-05-24,"RSV hospitalizations by borough","Manhattan",0,"Percent"
2025-05-31,"RSV hospitalizations by borough","Manhattan",0,"Percent"
2025-06-07,"RSV hospitalizations by borough","Manhattan",0,"Percent"
2025-06-14,"RSV hospitalizations by borough","Manhattan",0,"Percent"
2025-06-21,"RSV hospitalizations by borough","Manhattan",0,"Percent"
2025-06-28,"RSV hospitalizations by borough","Manhattan",0,"Percent"
2025-07-05,"RSV hospitalizations by borough","Manhattan",0,"Percent"
2025-07-12,"RSV hospitalizations by borough","Manhattan",0,"Percent"
2025-07-19,"RSV hospitalizations by borough","Manhattan",0,"Percent"
2025-07-26,"RSV hospitalizations by borough","Manhattan",0,"Percent"
2025-08-02,"RSV hospitalizations by borough","Manhattan",0,"Percent"
2025-08-09,"RSV hospitalizations by borough","Manhattan",0,"Percent"
2025-08-16,"RSV hospitalizations by borough","Manhattan",0,"Percent"
2025-08-23,"RSV hospitalizations by borough","Manhattan",0,"Percent"
2025-08-30,"RSV hospitalizations by borough","Manhattan",0,"Percent"
2025-09-06,"RSV hospitalizations by borough","Manhattan",0,"Percent"
2025-09-13,"RSV hospitalizations by borough","Manhattan",0,"Percent"
2025-09-20,"RSV hospitalizations by borough","Manhattan",0,"Percent"
2025-09-27,"RSV hospitalizations by borough","Manhattan",0,"Percent"
2025-10-04,"RSV hospitalizations by borough","Manhattan",0,"Percent"
2025-10-11,"RSV hospitalizations by borough","Manhattan",0.06,"Percent"
2025-10-18,"RSV hospitalizations by borough","Manhattan",0,"Percent"
2025-10-25,"RSV hospitalizations by borough","Manhattan",0,"Percent"
2025-11-01,"RSV hospitalizations by borough","Manhattan",0,"Percent"
2025-11-08,"RSV hospitalizations by borough","Manhattan",0.07,"Percent"
2025-11-15,"RSV hospitalizations by borough","Manhattan",0.14,"Percent"
2025-11-22,"RSV hospitalizations by borough","Manhattan",0.21,"Percent"
2025-11-29,"RSV hospitalizations by borough","Manhattan",0.15,"Percent"
2025-12-06,"RSV hospitalizations by borough","Manhattan",0.13,"Percent"
2025-12-13,"RSV hospitalizations by borough","Manhattan",0.19,"Percent"
2025-12-20,"RSV hospitalizations by borough","Manhattan",0.39,"Percent"
2025-12-27,"RSV hospitalizations by borough","Manhattan",0.21,"Percent"
2026-01-03,"RSV hospitalizations by borough","Manhattan",0.14,"Percent"
2026-01-10,"RSV hospitalizations by borough","Manhattan",0.26,"Percent"
2026-01-17,"RSV hospitalizations by borough","Manhattan",0.19,"Percent"
2026-01-24,"RSV hospitalizations by borough","Manhattan",0.14,"Percent"
2026-01-31,"RSV hospitalizations by borough","Manhattan",0.21,"Percent"
2026-02-07,"RSV hospitalizations by borough","Manhattan",0.19,"Percent"
2026-02-14,"RSV hospitalizations by borough","Manhattan",0.14,"Percent"
2026-02-21,"RSV hospitalizations by borough","Manhattan",0.41,"Percent"
2026-02-28,"RSV hospitalizations by borough","Manhattan",0.22,"Percent"
2026-03-07,"RSV hospitalizations by borough","Manhattan",0.34,"Percent"
2026-03-14,"RSV hospitalizations by borough","Manhattan",0.2,"Percent"
2026-03-21,"RSV hospitalizations by borough","Manhattan",0.28,"Percent"
2026-03-28,"RSV hospitalizations by borough","Manhattan",0.28,"Percent"
2026-04-04,"RSV hospitalizations by borough","Manhattan",0.22,"Percent"
2026-04-11,"RSV hospitalizations by borough","Manhattan",0.07,"Percent"
2026-04-18,"RSV hospitalizations by borough","Manhattan",0,"Percent"
2026-04-25,"RSV hospitalizations by borough","Manhattan",0,"Percent"
2026-05-02,"RSV hospitalizations by borough","Manhattan",0,"Percent"
2026-05-09,"RSV hospitalizations by borough","Manhattan",0.07,"Percent"
2026-05-16,"RSV hospitalizations by borough","Manhattan",0,"Percent"
2026-05-23,"RSV hospitalizations by borough","Manhattan",0,"Percent"
2026-05-30,"RSV hospitalizations by borough","Manhattan",0,"Percent"
2026-06-06,"RSV hospitalizations by borough","Manhattan",0,"Percent"
2026-06-13,"RSV hospitalizations by borough","Manhattan",0,"Percent"
2026-06-20,"RSV hospitalizations by borough","Manhattan",0,"Percent"
2026-06-27,"RSV hospitalizations by borough","Manhattan",0.05,"Percent"
2026-07-04,"RSV hospitalizations by borough","Manhattan",0,"Percent"
2026-07-11,"RSV hospitalizations by borough","Manhattan",0,"Percent"
2026-07-18,"RSV hospitalizations by borough","Manhattan",0,"Percent"
2026-07-25,"RSV hospitalizations by borough","Manhattan",0,"Percent"
2026-08-01,"RSV hospitalizations by borough","Manhattan",0.05,"Percent"
2026-08-08,"RSV hospitalizations by borough","Manhattan",0,"Percent"
2026-08-15,"RSV hospitalizations by borough","Manhattan",0.05,"Percent"
2026-08-22,"RSV hospitalizations by borough","Manhattan",0,"Percent"
2026-08-29,"RSV hospitalizations by borough","Manhattan",0,"Percent"
2026-09-05,"RSV hospitalizations by borough","Manhattan",0,"Percent"
2023-09-09,"RSV hospitalizations by borough","Queens",0,"Percent"
2023-09-16,"RSV hospitalizations by borough","Queens",0.04,"Percent"
2023-09-23,"RSV hospitalizations by borough","Queens",0,"Percent"
2023-09-30,"RSV hospitalizations by borough","Queens",0.13,"Percent"
2023-10-07,"RSV hospitalizations by borough","Queens",0.12,"Percent"
2023-10-14,"RSV hospitalizations by borough","Queens",0.09,"Percent"
2023-10-21,"RSV hospitalizations by borough","Queens",0.33,"Percent"
2023-10-28,"RSV hospitalizations by borough","Queens",0.3,"Percent"
2023-11-04,"RSV hospitalizations by borough","Queens",0.35,"Percent"
2023-11-11,"RSV hospitalizations by borough","Queens",0.57,"Percent"
2023-11-18,"RSV hospitalizations by borough","Queens",0.65,"Percent"
2023-11-25,"RSV hospitalizations by borough","Queens",0.65,"Percent"
2023-12-02,"RSV hospitalizations by borough","Queens",1.07,"Percent"
2023-12-09,"RSV hospitalizations by borough","Queens",1.18,"Percent"
2023-12-16,"RSV hospitalizations by borough","Queens",0.98,"Percent"
2023-12-23,"RSV hospitalizations by borough","Queens",0.64,"Percent"
2023-12-30,"RSV hospitalizations by borough","Queens",0.56,"Percent"
2024-01-06,"RSV hospitalizations by borough","Queens",0.38,"Percent"
2024-01-13,"RSV hospitalizations by borough","Queens",0.25,"Percent"
2024-01-20,"RSV hospitalizations by borough","Queens",0.13,"Percent"
2024-01-27,"RSV hospitalizations by borough","Queens",0.2,"Percent"
2024-02-03,"RSV hospitalizations by borough","Queens",0.37,"Percent"
2024-02-10,"RSV hospitalizations by borough","Queens",0.08,"Percent"
2024-02-17,"RSV hospitalizations by borough","Queens",0.13,"Percent"
2024-02-24,"RSV hospitalizations by borough","Queens",0.2,"Percent"
2024-03-02,"RSV hospitalizations by borough","Queens",0.09,"Percent"
2024-03-09,"RSV hospitalizations by borough","Queens",0.08,"Percent"
2024-03-16,"RSV hospitalizations by borough","Queens",0,"Percent"
2024-03-23,"RSV hospitalizations by borough","Queens",0.08,"Percent"
2024-03-30,"RSV hospitalizations by borough","Queens",0.08,"Percent"
2024-04-06,"RSV hospitalizations by borough","Queens",0.08,"Percent"
2024-04-13,"RSV hospitalizations by borough","Queens",0.16,"Percent"
2024-04-20,"RSV hospitalizations by borough","Queens",0,"Percent"
2024-04-27,"RSV hospitalizations by borough","Queens",0,"Percent"
2024-05-04,"RSV hospitalizations by borough","Queens",0,"Percent"
2024-05-11,"RSV hospitalizations by borough","Queens",0.04,"Percent"
2024-05-18,"RSV hospitalizations by borough","Queens",0,"Percent"
2024-05-25,"RSV hospitalizations by borough","Queens",0,"Percent"
2024-06-01,"RSV hospitalizations by borough","Queens",0.04,"Percent"
2024-06-08,"RSV hospitalizations by borough","Queens",0,"Percent"
2024-06-15,"RSV hospitalizations by borough","Queens",0.04,"Percent"
2024-06-22,"RSV hospitalizations by borough","Queens",0,"Percent"
2024-06-29,"RSV hospitalizations by borough","Queens",0,"Percent"
2024-07-06,"RSV hospitalizations by borough","Queens",0.09,"Percent"
2024-07-13,"RSV hospitalizations by borough","Queens",0.04,"Percent"
2024-07-20,"RSV hospitalizations by borough","Queens",0,"Percent"
2024-07-27,"RSV hospitalizations by borough","Queens",0.04,"Percent"
2024-08-03,"RSV hospitalizations by borough","Queens",0,"Percent"
2024-08-10,"RSV hospitalizations by borough","Queens",0.04,"Percent"
2024-08-17,"RSV hospitalizations by borough","Queens",0,"Percent"
2024-08-24,"RSV hospitalizations by borough","Queens",0,"Percent"
2024-08-31,"RSV hospitalizations by borough","Queens",0,"Percent"
2024-09-07,"RSV hospitalizations by borough","Queens",0.04,"Percent"
2024-09-14,"RSV hospitalizations by borough","Queens",0,"Percent"
2024-09-21,"RSV hospitalizations by borough","Queens",0.04,"Percent"
2024-09-28,"RSV hospitalizations by borough","Queens",0.05,"Percent"
2024-10-05,"RSV hospitalizations by borough","Queens",0,"Percent"
2024-10-12,"RSV hospitalizations by borough","Queens",0,"Percent"
2024-10-19,"RSV hospitalizations by borough","Queens",0,"Percent"
2024-10-26,"RSV hospitalizations by borough","Queens",0.1,"Percent"
2024-11-02,"RSV hospitalizations by borough","Queens",0.25,"Percent"
2024-11-09,"RSV hospitalizations by borough","Queens",0.38,"Percent"
2024-11-16,"RSV hospitalizations by borough","Queens",0.38,"Percent"
2024-11-23,"RSV hospitalizations by borough","Queens",0.28,"Percent"
2024-11-30,"RSV hospitalizations by borough","Queens",0.54,"Percent"
2024-12-07,"RSV hospitalizations by borough","Queens",0.46,"Percent"
2024-12-14,"RSV hospitalizations by borough","Queens",1.04,"Percent"
2024-12-21,"RSV hospitalizations by borough","Queens",0.61,"Percent"
2024-12-28,"RSV hospitalizations by borough","Queens",0.62,"Percent"
2025-01-04,"RSV hospitalizations by borough","Queens",0.53,"Percent"
2025-01-11,"RSV hospitalizations by borough","Queens",0.49,"Percent"
2025-01-18,"RSV hospitalizations by borough","Queens",0.34,"Percent"
2025-01-25,"RSV hospitalizations by borough","Queens",0.33,"Percent"
2025-02-01,"RSV hospitalizations by borough","Queens",0.23,"Percent"
2025-02-08,"RSV hospitalizations by borough","Queens",0.14,"Percent"
2025-02-15,"RSV hospitalizations by borough","Queens",0.14,"Percent"
2025-02-22,"RSV hospitalizations by borough","Queens",0.1,"Percent"
2025-03-01,"RSV hospitalizations by borough","Queens",0.14,"Percent"
2025-03-08,"RSV hospitalizations by borough","Queens",0.27,"Percent"
2025-03-15,"RSV hospitalizations by borough","Queens",0.04,"Percent"
2025-03-22,"RSV hospitalizations by borough","Queens",0.14,"Percent"
2025-03-29,"RSV hospitalizations by borough","Queens",0.19,"Percent"
2025-04-05,"RSV hospitalizations by borough","Queens",0.09,"Percent"
2025-04-12,"RSV hospitalizations by borough","Queens",0,"Percent"
2025-04-19,"RSV hospitalizations by borough","Queens",0.05,"Percent"
2025-04-26,"RSV hospitalizations by borough","Queens",0.04,"Percent"
2025-05-03,"RSV hospitalizations by borough","Queens",0,"Percent"
2025-05-10,"RSV hospitalizations by borough","Queens",0.05,"Percent"
2025-05-17,"RSV hospitalizations by borough","Queens",0,"Percent"
2025-05-24,"RSV hospitalizations by borough","Queens",0.05,"Percent"
2025-05-31,"RSV hospitalizations by borough","Queens",0.05,"Percent"
2025-06-07,"RSV hospitalizations by borough","Queens",0,"Percent"
2025-06-14,"RSV hospitalizations by borough","Queens",0.05,"Percent"
2025-06-21,"RSV hospitalizations by borough","Queens",0.04,"Percent"
2025-06-28,"RSV hospitalizations by borough","Queens",0,"Percent"
2025-07-05,"RSV hospitalizations by borough","Queens",0,"Percent"
2025-07-12,"RSV hospitalizations by borough","Queens",0,"Percent"
2025-07-19,"RSV hospitalizations by borough","Queens",0,"Percent"
2025-07-26,"RSV hospitalizations by borough","Queens",0,"Percent"
2025-08-02,"RSV hospitalizations by borough","Queens",0,"Percent"
2025-08-09,"RSV hospitalizations by borough","Queens",0,"Percent"
2025-08-16,"RSV hospitalizations by borough","Queens",0,"Percent"
2025-08-23,"RSV hospitalizations by borough","Queens",0,"Percent"
2025-08-30,"RSV hospitalizations by borough","Queens",0,"Percent"
2025-09-06,"RSV hospitalizations by borough","Queens",0,"Percent"
2025-09-13,"RSV hospitalizations by borough","Queens",0,"Percent"
2025-09-20,"RSV hospitalizations by borough","Queens",0,"Percent"
2025-09-27,"RSV hospitalizations by borough","Queens",0,"Percent"
2025-10-04,"RSV hospitalizations by borough","Queens",0.05,"Percent"
2025-10-11,"RSV hospitalizations by borough","Queens",0,"Percent"
2025-10-18,"RSV hospitalizations by borough","Queens",0.05,"Percent"
2025-10-25,"RSV hospitalizations by borough","Queens",0.04,"Percent"
2025-11-01,"RSV hospitalizations by borough","Queens",0.05,"Percent"
2025-11-08,"RSV hospitalizations by borough","Queens",0.05,"Percent"
2025-11-15,"RSV hospitalizations by borough","Queens",0.09,"Percent"
2025-11-22,"RSV hospitalizations by borough","Queens",0.09,"Percent"
2025-11-29,"RSV hospitalizations by borough","Queens",0.2,"Percent"
2025-12-06,"RSV hospitalizations by borough","Queens",0.04,"Percent"
2025-12-13,"RSV hospitalizations by borough","Queens",0.13,"Percent"
2025-12-20,"RSV hospitalizations by borough","Queens",0.17,"Percent"
2025-12-27,"RSV hospitalizations by borough","Queens",0.43,"Percent"
2026-01-03,"RSV hospitalizations by borough","Queens",0.36,"Percent"
2026-01-10,"RSV hospitalizations by borough","Queens",0.17,"Percent"
2026-01-17,"RSV hospitalizations by borough","Queens",0.57,"Percent"
2026-01-24,"RSV hospitalizations by borough","Queens",0.61,"Percent"
2026-01-31,"RSV hospitalizations by borough","Queens",0.33,"Percent"
2026-02-07,"RSV hospitalizations by borough","Queens",0.42,"Percent"
2026-02-14,"RSV hospitalizations by borough","Queens",0.59,"Percent"
2026-02-21,"RSV hospitalizations by borough","Queens",0.58,"Percent"
2026-02-28,"RSV hospitalizations by borough","Queens",0.29,"Percent"
2026-03-07,"RSV hospitalizations by borough","Queens",0.28,"Percent"
2026-03-14,"RSV hospitalizations by borough","Queens",0.32,"Percent"
2026-03-21,"RSV hospitalizations by borough","Queens",0.32,"Percent"
2026-03-28,"RSV hospitalizations by borough","Queens",0.23,"Percent"
2026-04-04,"RSV hospitalizations by borough","Queens",0.32,"Percent"
2026-04-11,"RSV hospitalizations by borough","Queens",0.09,"Percent"
2026-04-18,"RSV hospitalizations by borough","Queens",0.13,"Percent"
2026-04-25,"RSV hospitalizations by borough","Queens",0.04,"Percent"
2026-05-02,"RSV hospitalizations by borough","Queens",0.05,"Percent"
2026-05-09,"RSV hospitalizations by borough","Queens",0,"Percent"
2026-05-16,"RSV hospitalizations by borough","Queens",0.05,"Percent"
2026-05-23,"RSV hospitalizations by borough","Queens",0,"Percent"
2026-05-30,"RSV hospitalizations by borough","Queens",0.05,"Percent"
2026-06-06,"RSV hospitalizations by borough","Queens",0.04,"Percent"
2026-06-13,"RSV hospitalizations by borough","Queens",0,"Percent"
2026-06-20,"RSV hospitalizations by borough","Queens",0,"Percent"
2026-06-27,"RSV hospitalizations by borough","Queens",0,"Percent"
2026-07-04,"RSV hospitalizations by borough","Queens",0,"Percent"
2026-07-11,"RSV hospitalizations by borough","Queens",0,"Percent"
2026-07-18,"RSV hospitalizations by borough","Queens",0,"Percent"
2026-07-25,"RSV hospitalizations by borough","Queens",0,"Percent"
2026-08-01,"RSV hospitalizations by borough","Queens",0.04,"Percent"
2026-08-08,"RSV hospitalizations by borough","Queens",0,"Percent"
2026-08-15,"RSV hospitalizations by borough","Queens",0.04,"Percent"
2026-08-22,"RSV hospitalizations by borough","Queens",0,"Percent"
2026-08-29,"RSV hospitalizations by borough","Queens",0.04,"Percent"
2026-09-05,"RSV hospitalizations by borough","Queens",0,"Percent"
2023-09-09,"RSV hospitalizations by borough","Staten Island",0,"Percent"
2023-09-16,"RSV hospitalizations by borough","Staten Island",0,"Percent"
2023-09-23,"RSV hospitalizations by borough","Staten Island",0,"Percent"
2023-09-30,"RSV hospitalizations by borough","Staten Island",0,"Percent"
2023-10-07,"RSV hospitalizations by borough","Staten Island",0,"Percent"
2023-10-14,"RSV hospitalizations by borough","Staten Island",0.16,"Percent"
2023-10-21,"RSV hospitalizations by borough","Staten Island",0,"Percent"
2023-10-28,"RSV hospitalizations by borough","Staten Island",0.3,"Percent"
2023-11-04,"RSV hospitalizations by borough","Staten Island",0.18,"Percent"
2023-11-11,"RSV hospitalizations by borough","Staten Island",0.45,"Percent"
2023-11-18,"RSV hospitalizations by borough","Staten Island",0.17,"Percent"
2023-11-25,"RSV hospitalizations by borough","Staten Island",0.37,"Percent"
2023-12-02,"RSV hospitalizations by borough","Staten Island",0.29,"Percent"
2023-12-09,"RSV hospitalizations by borough","Staten Island",0.29,"Percent"
2023-12-16,"RSV hospitalizations by borough","Staten Island",0.58,"Percent"
2023-12-23,"RSV hospitalizations by borough","Staten Island",0.16,"Percent"
2023-12-30,"RSV hospitalizations by borough","Staten Island",0.33,"Percent"
2024-01-06,"RSV hospitalizations by borough","Staten Island",0,"Percent"
2024-01-13,"RSV hospitalizations by borough","Staten Island",0.15,"Percent"
2024-01-20,"RSV hospitalizations by borough","Staten Island",0,"Percent"
2024-01-27,"RSV hospitalizations by borough","Staten Island",0,"Percent"
2024-02-03,"RSV hospitalizations by borough","Staten Island",0,"Percent"
2024-02-10,"RSV hospitalizations by borough","Staten Island",0,"Percent"
2024-02-17,"RSV hospitalizations by borough","Staten Island",0,"Percent"
2024-02-24,"RSV hospitalizations by borough","Staten Island",0,"Percent"
2024-03-02,"RSV hospitalizations by borough","Staten Island",0.15,"Percent"
2024-03-09,"RSV hospitalizations by borough","Staten Island",0,"Percent"
2024-03-16,"RSV hospitalizations by borough","Staten Island",0,"Percent"
2024-03-23,"RSV hospitalizations by borough","Staten Island",0,"Percent"
2024-03-30,"RSV hospitalizations by borough","Staten Island",0.15,"Percent"
2024-04-06,"RSV hospitalizations by borough","Staten Island",0,"Percent"
2024-04-13,"RSV hospitalizations by borough","Staten Island",0,"Percent"
2024-04-20,"RSV hospitalizations by borough","Staten Island",0,"Percent"
2024-04-27,"RSV hospitalizations by borough","Staten Island",0,"Percent"
2024-05-04,"RSV hospitalizations by borough","Staten Island",0,"Percent"
2024-05-11,"RSV hospitalizations by borough","Staten Island",0,"Percent"
2024-05-18,"RSV hospitalizations by borough","Staten Island",0,"Percent"
2024-05-25,"RSV hospitalizations by borough","Staten Island",0,"Percent"
2024-06-01,"RSV hospitalizations by borough","Staten Island",0,"Percent"
2024-06-08,"RSV hospitalizations by borough","Staten Island",0.14,"Percent"
2024-06-15,"RSV hospitalizations by borough","Staten Island",0,"Percent"
2024-06-22,"RSV hospitalizations by borough","Staten Island",0,"Percent"
2024-06-29,"RSV hospitalizations by borough","Staten Island",0,"Percent"
2024-07-06,"RSV hospitalizations by borough","Staten Island",0,"Percent"
2024-07-13,"RSV hospitalizations by borough","Staten Island",0,"Percent"
2024-07-20,"RSV hospitalizations by borough","Staten Island",0,"Percent"
2024-07-27,"RSV hospitalizations by borough","Staten Island",0,"Percent"
2024-08-03,"RSV hospitalizations by borough","Staten Island",0,"Percent"
2024-08-10,"RSV hospitalizations by borough","Staten Island",0,"Percent"
2024-08-17,"RSV hospitalizations by borough","Staten Island",0,"Percent"
2024-08-24,"RSV hospitalizations by borough","Staten Island",0.16,"Percent"
2024-08-31,"RSV hospitalizations by borough","Staten Island",0,"Percent"
2024-09-07,"RSV hospitalizations by borough","Staten Island",0,"Percent"
2024-09-14,"RSV hospitalizations by borough","Staten Island",0,"Percent"
2024-09-21,"RSV hospitalizations by borough","Staten Island",0,"Percent"
2024-09-28,"RSV hospitalizations by borough","Staten Island",0,"Percent"
2024-10-05,"RSV hospitalizations by borough","Staten Island",0,"Percent"
2024-10-12,"RSV hospitalizations by borough","Staten Island",0,"Percent"
2024-10-19,"RSV hospitalizations by borough","Staten Island",0,"Percent"
2024-10-26,"RSV hospitalizations by borough","Staten Island",0.14,"Percent"
2024-11-02,"RSV hospitalizations by borough","Staten Island",0,"Percent"
2024-11-09,"RSV hospitalizations by borough","Staten Island",0.16,"Percent"
2024-11-16,"RSV hospitalizations by borough","Staten Island",0,"Percent"
2024-11-23,"RSV hospitalizations by borough","Staten Island",0,"Percent"
2024-11-30,"RSV hospitalizations by borough","Staten Island",0,"Percent"
2024-12-07,"RSV hospitalizations by borough","Staten Island",0.29,"Percent"
2024-12-14,"RSV hospitalizations by borough","Staten Island",0.28,"Percent"
2024-12-21,"RSV hospitalizations by borough","Staten Island",0.29,"Percent"
2024-12-28,"RSV hospitalizations by borough","Staten Island",0,"Percent"
2025-01-04,"RSV hospitalizations by borough","Staten Island",0.51,"Percent"
2025-01-11,"RSV hospitalizations by borough","Staten Island",0.73,"Percent"
2025-01-18,"RSV hospitalizations by borough","Staten Island",0,"Percent"
2025-01-25,"RSV hospitalizations by borough","Staten Island",0,"Percent"
2025-02-01,"RSV hospitalizations by borough","Staten Island",0.14,"Percent"
2025-02-08,"RSV hospitalizations by borough","Staten Island",0,"Percent"
2025-02-15,"RSV hospitalizations by borough","Staten Island",0.15,"Percent"
2025-02-22,"RSV hospitalizations by borough","Staten Island",0.16,"Percent"
2025-03-01,"RSV hospitalizations by borough","Staten Island",0,"Percent"
2025-03-08,"RSV hospitalizations by borough","Staten Island",0,"Percent"
2025-03-15,"RSV hospitalizations by borough","Staten Island",0,"Percent"
2025-03-22,"RSV hospitalizations by borough","Staten Island",0,"Percent"
2025-03-29,"RSV hospitalizations by borough","Staten Island",0,"Percent"
2025-04-05,"RSV hospitalizations by borough","Staten Island",0,"Percent"
2025-04-12,"RSV hospitalizations by borough","Staten Island",0,"Percent"
2025-04-19,"RSV hospitalizations by borough","Staten Island",0,"Percent"
2025-04-26,"RSV hospitalizations by borough","Staten Island",0,"Percent"
2025-05-03,"RSV hospitalizations by borough","Staten Island",0,"Percent"
2025-05-10,"RSV hospitalizations by borough","Staten Island",0,"Percent"
2025-05-17,"RSV hospitalizations by borough","Staten Island",0,"Percent"
2025-05-24,"RSV hospitalizations by borough","Staten Island",0,"Percent"
2025-05-31,"RSV hospitalizations by borough","Staten Island",0,"Percent"
2025-06-07,"RSV hospitalizations by borough","Staten Island",0,"Percent"
2025-06-14,"RSV hospitalizations by borough","Staten Island",0,"Percent"
2025-06-21,"RSV hospitalizations by borough","Staten Island",0,"Percent"
2025-06-28,"RSV hospitalizations by borough","Staten Island",0,"Percent"
2025-07-05,"RSV hospitalizations by borough","Staten Island",0,"Percent"
2025-07-12,"RSV hospitalizations by borough","Staten Island",0,"Percent"
2025-07-19,"RSV hospitalizations by borough","Staten Island",0,"Percent"
2025-07-26,"RSV hospitalizations by borough","Staten Island",0,"Percent"
2025-08-02,"RSV hospitalizations by borough","Staten Island",0,"Percent"
2025-08-09,"RSV hospitalizations by borough","Staten Island",0,"Percent"
2025-08-16,"RSV hospitalizations by borough","Staten Island",0,"Percent"
2025-08-23,"RSV hospitalizations by borough","Staten Island",0,"Percent"
2025-08-30,"RSV hospitalizations by borough","Staten Island",0,"Percent"
2025-09-06,"RSV hospitalizations by borough","Staten Island",0,"Percent"
2025-09-13,"RSV hospitalizations by borough","Staten Island",0,"Percent"
2025-09-20,"RSV hospitalizations by borough","Staten Island",0.15,"Percent"
2025-09-27,"RSV hospitalizations by borough","Staten Island",0,"Percent"
2025-10-04,"RSV hospitalizations by borough","Staten Island",0,"Percent"
2025-10-11,"RSV hospitalizations by borough","Staten Island",0,"Percent"
2025-10-18,"RSV hospitalizations by borough","Staten Island",0,"Percent"
2025-10-25,"RSV hospitalizations by borough","Staten Island",0,"Percent"
2025-11-01,"RSV hospitalizations by borough","Staten Island",0.15,"Percent"
2025-11-08,"RSV hospitalizations by borough","Staten Island",0.13,"Percent"
2025-11-15,"RSV hospitalizations by borough","Staten Island",0.15,"Percent"
2025-11-22,"RSV hospitalizations by borough","Staten Island",0,"Percent"
2025-11-29,"RSV hospitalizations by borough","Staten Island",0.45,"Percent"
2025-12-06,"RSV hospitalizations by borough","Staten Island",0.81,"Percent"
2025-12-13,"RSV hospitalizations by borough","Staten Island",0.14,"Percent"
2025-12-20,"RSV hospitalizations by borough","Staten Island",0.25,"Percent"
2025-12-27,"RSV hospitalizations by borough","Staten Island",0.61,"Percent"
2026-01-03,"RSV hospitalizations by borough","Staten Island",0.51,"Percent"
2026-01-10,"RSV hospitalizations by borough","Staten Island",0.28,"Percent"
2026-01-17,"RSV hospitalizations by borough","Staten Island",0.26,"Percent"
2026-01-24,"RSV hospitalizations by borough","Staten Island",0.42,"Percent"
2026-01-31,"RSV hospitalizations by borough","Staten Island",0.29,"Percent"
2026-02-07,"RSV hospitalizations by borough","Staten Island",0.42,"Percent"
2026-02-14,"RSV hospitalizations by borough","Staten Island",0.7,"Percent"
2026-02-21,"RSV hospitalizations by borough","Staten Island",0.31,"Percent"
2026-02-28,"RSV hospitalizations by borough","Staten Island",0.46,"Percent"
2026-03-07,"RSV hospitalizations by borough","Staten Island",0.81,"Percent"
2026-03-14,"RSV hospitalizations by borough","Staten Island",0.6,"Percent"
2026-03-21,"RSV hospitalizations by borough","Staten Island",0.22,"Percent"
2026-03-28,"RSV hospitalizations by borough","Staten Island",0.44,"Percent"
2026-04-04,"RSV hospitalizations by borough","Staten Island",0,"Percent"
2026-04-11,"RSV hospitalizations by borough","Staten Island",0.52,"Percent"
2026-04-18,"RSV hospitalizations by borough","Staten Island",0.16,"Percent"
2026-04-25,"RSV hospitalizations by borough","Staten Island",0,"Percent"
2026-05-02,"RSV hospitalizations by borough","Staten Island",0,"Percent"
2026-05-09,"RSV hospitalizations by borough","Staten Island",0,"Percent"
2026-05-16,"RSV hospitalizations by borough","Staten Island",0,"Percent"
2026-05-23,"RSV hospitalizations by borough","Staten Island",0,"Percent"
2026-05-30,"RSV hospitalizations by borough","Staten Island",0,"Percent"
2026-06-06,"RSV hospitalizations by borough","Staten Island",0.13,"Percent"
2026-06-13,"RSV hospitalizations by borough","Staten Island",0.13,"Percent"
2026-06-20,"RSV hospitalizations by borough","Staten Island",0,"Percent"
2026-06-27,"RSV hospitalizations by borough","Staten Island",0,"Percent"
2026-07-04,"RSV hospitalizations by borough","Staten Island",0,"Percent"
2026-07-11,"RSV hospitalizations by borough","Staten Island",0,"Percent"
2026-07-18,"RSV hospitalizations by borough","Staten Island",0,"Percent"
2026-07-25,"RSV hospitalizations by borough","Staten Island",0,"Percent"
2026-08-01,"RSV hospitalizations by borough","Staten Island",0,"Percent"
2026-08-08,"RSV hospitalizations by borough","Staten Island",0.13,"Percent"
2026-08-15,"RSV hospitalizations by borough","Staten Island",0,"Percent"
2026-08-22,"RSV hospitalizations by borough","Staten Island",0,"Percent"
2026-08-29,"RSV hospitalizations by borough","Staten Island",0,"Percent"
2026-09-05,"RSV hospitalizations by borough","Staten Island",0,"Percent"
