"Date","Metric","Submetric","Value","Display","Data as of"
"07/11/2026","Respiratory illness visits","Overall","6.17","Percent","10/01/2026"
"07/18/2026","Respiratory illness visits","Overall","6.02","Percent","10/01/2026"
"07/25/2026","Respiratory illness visits","Overall","5.9","Percent","10/01/2026"
"08/01/2026","Respiratory illness visits","Overall","5.71","Percent","10/01/2026"
"08/08/2026","Respiratory illness visits","Overall","5.49","Percent","10/01/2026"
"08/15/2026","Respiratory illness visits","Overall","5.66","Percent","10/01/2026"
"08/22/2026","Respiratory illness visits","Overall","5.97","Percent","10/01/2026"
"08/29/2026","Respiratory illness visits","Overall","5.91","Percent","10/01/2026"
"09/05/2026","Respiratory illness visits","Overall","6.06","Percent","10/01/2026"
"09/12/2026","Respiratory illness visits","Overall","6.6","Percent","10/01/2026"
"09/19/2026","Respiratory illness visits","Overall","7.45","Percent","10/01/2026"
"09/26/2026","Respiratory illness visits","Overall","8.6","Percent","10/01/2026"
"07/11/2026","Respiratory illness hospitalizations","Overall","6.21","Percent","10/01/2026"
"07/18/2026","Respiratory illness hospitalizations","Overall","6.15","Percent","10/01/2026"
"07/25/2026","Respiratory illness hospitalizations","Overall","6.19","Percent","10/01/2026"
"08/01/2026","Respiratory illness hospitalizations","Overall","6.17","Percent","10/01/2026"
"08/08/2026","Respiratory illness hospitalizations","Overall","6.02","Percent","10/01/2026"
"08/15/2026","Respiratory illness hospitalizations","Overall","6.25","Percent","10/01/2026"
"08/22/2026","Respiratory illness hospitalizations","Overall","6.44","Percent","10/01/2026"
"08/29/2026","Respiratory illness hospitalizations","Overall","6.1","Percent","10/01/2026"
"09/05/2026","Respiratory illness hospitalizations","Overall","6.18","Percent","10/01/2026"
"09/12/2026","Respiratory illness hospitalizations","Overall","6.64","Percent","10/01/2026"
"09/19/2026","Respiratory illness hospitalizations","Overall","6.46","Percent","10/01/2026"
"09/26/2026","Respiratory illness hospitalizations","Overall","6.92","Percent","10/01/2026"
"07/11/2026","COVID-19 visits","Overall","0.11","Percent","10/01/2026"
"07/18/2026","COVID-19 visits","Overall","0.18","Percent","10/01/2026"
"07/25/2026","COVID-19 visits","Overall","0.18","Percent","10/01/2026"
"08/01/2026","COVID-19 visits","Overall","0.24","Percent","10/01/2026"
"08/08/2026","COVID-19 visits","Overall","0.28","Percent","10/01/2026"
"08/15/2026","COVID-19 visits","Overall","0.34","Percent","10/01/2026"
"08/22/2026","COVID-19 visits","Overall","0.38","Percent","10/01/2026"
"08/29/2026","COVID-19 visits","Overall","0.46","Percent","10/01/2026"
"09/05/2026","COVID-19 visits","Overall","0.51","Percent","10/01/2026"
"09/12/2026","COVID-19 visits","Overall","0.63","Percent","10/01/2026"
"09/19/2026","COVID-19 visits","Overall","0.68","Percent","10/01/2026"
"09/26/2026","COVID-19 visits","Overall","0.69","Percent","10/01/2026"
"07/11/2026","COVID-19 visits by age group","0-4","0.43","Percent","10/01/2026"
"07/18/2026","COVID-19 visits by age group","0-4","0.54","Percent","10/01/2026"
"07/25/2026","COVID-19 visits by age group","0-4","0.37","Percent","10/01/2026"
"08/01/2026","COVID-19 visits by age group","0-4","0.8","Percent","10/01/2026"
"08/08/2026","COVID-19 visits by age group","0-4","1.09","Percent","10/01/2026"
"08/15/2026","COVID-19 visits by age group","0-4","1.28","Percent","10/01/2026"
"08/22/2026","COVID-19 visits by age group","0-4","1.66","Percent","10/01/2026"
"08/29/2026","COVID-19 visits by age group","0-4","1.65","Percent","10/01/2026"
"09/05/2026","COVID-19 visits by age group","0-4","1.7","Percent","10/01/2026"
"09/12/2026","COVID-19 visits by age group","0-4","2.6","Percent","10/01/2026"
"09/19/2026","COVID-19 visits by age group","0-4","2.47","Percent","10/01/2026"
"09/26/2026","COVID-19 visits by age group","0-4","1.71","Percent","10/01/2026"
"07/11/2026","COVID-19 visits by age group","5-17","0.02","Percent","10/01/2026"
"07/18/2026","COVID-19 visits by age group","5-17","0.06","Percent","10/01/2026"
"07/25/2026","COVID-19 visits by age group","5-17","0.1","Percent","10/01/2026"
"08/01/2026","COVID-19 visits by age group","5-17","0.14","Percent","10/01/2026"
"08/08/2026","COVID-19 visits by age group","5-17","0.19","Percent","10/01/2026"
"08/15/2026","COVID-19 visits by age group","5-17","0.29","Percent","10/01/2026"
"08/22/2026","COVID-19 visits by age group","5-17","0.17","Percent","10/01/2026"
"08/29/2026","COVID-19 visits by age group","5-17","0.24","Percent","10/01/2026"
"09/05/2026","COVID-19 visits by age group","5-17","0.36","Percent","10/01/2026"
"09/12/2026","COVID-19 visits by age group","5-17","0.41","Percent","10/01/2026"
"09/19/2026","COVID-19 visits by age group","5-17","0.79","Percent","10/01/2026"
"09/26/2026","COVID-19 visits by age group","5-17","0.71","Percent","10/01/2026"
"07/11/2026","COVID-19 visits by age group","18-64","0.1","Percent","10/01/2026"
"07/18/2026","COVID-19 visits by age group","18-64","0.15","Percent","10/01/2026"
"07/25/2026","COVID-19 visits by age group","18-64","0.16","Percent","10/01/2026"
"08/01/2026","COVID-19 visits by age group","18-64","0.19","Percent","10/01/2026"
"08/08/2026","COVID-19 visits by age group","18-64","0.2","Percent","10/01/2026"
"08/15/2026","COVID-19 visits by age group","18-64","0.3","Percent","10/01/2026"
"08/22/2026","COVID-19 visits by age group","18-64","0.3","Percent","10/01/2026"
"08/29/2026","COVID-19 visits by age group","18-64","0.34","Percent","10/01/2026"
"09/05/2026","COVID-19 visits by age group","18-64","0.43","Percent","10/01/2026"
"09/12/2026","COVID-19 visits by age group","18-64","0.46","Percent","10/01/2026"
"09/19/2026","COVID-19 visits by age group","18-64","0.48","Percent","10/01/2026"
"09/26/2026","COVID-19 visits by age group","18-64","0.58","Percent","10/01/2026"
"07/11/2026","COVID-19 visits by age group","65+","0.09","Percent","10/01/2026"
"07/18/2026","COVID-19 visits by age group","65+","0.21","Percent","10/01/2026"
"07/25/2026","COVID-19 visits by age group","65+","0.23","Percent","10/01/2026"
"08/01/2026","COVID-19 visits by age group","65+","0.28","Percent","10/01/2026"
"08/08/2026","COVID-19 visits by age group","65+","0.33","Percent","10/01/2026"
"08/15/2026","COVID-19 visits by age group","65+","0.23","Percent","10/01/2026"
"08/22/2026","COVID-19 visits by age group","65+","0.39","Percent","10/01/2026"
"08/29/2026","COVID-19 visits by age group","65+","0.57","Percent","10/01/2026"
"09/05/2026","COVID-19 visits by age group","65+","0.53","Percent","10/01/2026"
"09/12/2026","COVID-19 visits by age group","65+","0.69","Percent","10/01/2026"
"09/19/2026","COVID-19 visits by age group","65+","0.73","Percent","10/01/2026"
"09/26/2026","COVID-19 visits by age group","65+","0.72","Percent","10/01/2026"
"07/11/2026","COVID-19 visits by borough","Bronx","0.12","Percent","10/01/2026"
"07/18/2026","COVID-19 visits by borough","Bronx","0.15","Percent","10/01/2026"
"07/25/2026","COVID-19 visits by borough","Bronx","0.19","Percent","10/01/2026"
"08/01/2026","COVID-19 visits by borough","Bronx","0.2","Percent","10/01/2026"
"08/08/2026","COVID-19 visits by borough","Bronx","0.32","Percent","10/01/2026"
"08/15/2026","COVID-19 visits by borough","Bronx","0.31","Percent","10/01/2026"
"08/22/2026","COVID-19 visits by borough","Bronx","0.36","Percent","10/01/2026"
"08/29/2026","COVID-19 visits by borough","Bronx","0.45","Percent","10/01/2026"
"09/05/2026","COVID-19 visits by borough","Bronx","0.58","Percent","10/01/2026"
"09/12/2026","COVID-19 visits by borough","Bronx","0.63","Percent","10/01/2026"
"09/19/2026","COVID-19 visits by borough","Bronx","0.69","Percent","10/01/2026"
"09/26/2026","COVID-19 visits by borough","Bronx","0.68","Percent","10/01/2026"
"07/11/2026","COVID-19 visits by borough","Brooklyn","0.11","Percent","10/01/2026"
"07/18/2026","COVID-19 visits by borough","Brooklyn","0.17","Percent","10/01/2026"
"07/25/2026","COVID-19 visits by borough","Brooklyn","0.19","Percent","10/01/2026"
"08/01/2026","COVID-19 visits by borough","Brooklyn","0.22","Percent","10/01/2026"
"08/08/2026","COVID-19 visits by borough","Brooklyn","0.18","Percent","10/01/2026"
"08/15/2026","COVID-19 visits by borough","Brooklyn","0.3","Percent","10/01/2026"
"08/22/2026","COVID-19 visits by borough","Brooklyn","0.36","Percent","10/01/2026"
"08/29/2026","COVID-19 visits by borough","Brooklyn","0.48","Percent","10/01/2026"
"09/05/2026","COVID-19 visits by borough","Brooklyn","0.39","Percent","10/01/2026"
"09/12/2026","COVID-19 visits by borough","Brooklyn","0.6","Percent","10/01/2026"
"09/19/2026","COVID-19 visits by borough","Brooklyn","0.55","Percent","10/01/2026"
"09/26/2026","COVID-19 visits by borough","Brooklyn","0.62","Percent","10/01/2026"
"07/11/2026","COVID-19 visits by borough","Manhattan","0.1","Percent","10/01/2026"
"07/18/2026","COVID-19 visits by borough","Manhattan","0.19","Percent","10/01/2026"
"07/25/2026","COVID-19 visits by borough","Manhattan","0.11","Percent","10/01/2026"
"08/01/2026","COVID-19 visits by borough","Manhattan","0.35","Percent","10/01/2026"
"08/08/2026","COVID-19 visits by borough","Manhattan","0.29","Percent","10/01/2026"
"08/15/2026","COVID-19 visits by borough","Manhattan","0.44","Percent","10/01/2026"
"08/22/2026","COVID-19 visits by borough","Manhattan","0.41","Percent","10/01/2026"
"08/29/2026","COVID-19 visits by borough","Manhattan","0.39","Percent","10/01/2026"
"09/05/2026","COVID-19 visits by borough","Manhattan","0.46","Percent","10/01/2026"
"09/12/2026","COVID-19 visits by borough","Manhattan","0.55","Percent","10/01/2026"
"09/19/2026","COVID-19 visits by borough","Manhattan","0.74","Percent","10/01/2026"
"09/26/2026","COVID-19 visits by borough","Manhattan","0.65","Percent","10/01/2026"
"07/11/2026","COVID-19 visits by borough","Queens","0.15","Percent","10/01/2026"
"07/18/2026","COVID-19 visits by borough","Queens","0.26","Percent","10/01/2026"
"07/25/2026","COVID-19 visits by borough","Queens","0.24","Percent","10/01/2026"
"08/01/2026","COVID-19 visits by borough","Queens","0.3","Percent","10/01/2026"
"08/08/2026","COVID-19 visits by borough","Queens","0.4","Percent","10/01/2026"
"08/15/2026","COVID-19 visits by borough","Queens","0.42","Percent","10/01/2026"
"08/22/2026","COVID-19 visits by borough","Queens","0.43","Percent","10/01/2026"
"08/29/2026","COVID-19 visits by borough","Queens","0.52","Percent","10/01/2026"
"09/05/2026","COVID-19 visits by borough","Queens","0.63","Percent","10/01/2026"
"09/12/2026","COVID-19 visits by borough","Queens","0.8","Percent","10/01/2026"
"09/19/2026","COVID-19 visits by borough","Queens","0.79","Percent","10/01/2026"
"09/26/2026","COVID-19 visits by borough","Queens","0.87","Percent","10/01/2026"
"07/11/2026","COVID-19 visits by borough","Staten Island","0","Percent","10/01/2026"
"07/18/2026","COVID-19 visits by borough","Staten Island","0.08","Percent","10/01/2026"
"07/25/2026","COVID-19 visits by borough","Staten Island","0.1","Percent","10/01/2026"
"08/01/2026","COVID-19 visits by borough","Staten Island","0.07","Percent","10/01/2026"
"08/08/2026","COVID-19 visits by borough","Staten Island","0.12","Percent","10/01/2026"
"08/15/2026","COVID-19 visits by borough","Staten Island","0.07","Percent","10/01/2026"
"08/22/2026","COVID-19 visits by borough","Staten Island","0.38","Percent","10/01/2026"
"08/29/2026","COVID-19 visits by borough","Staten Island","0.39","Percent","10/01/2026"
"09/05/2026","COVID-19 visits by borough","Staten Island","0.56","Percent","10/01/2026"
"09/12/2026","COVID-19 visits by borough","Staten Island","0.38","Percent","10/01/2026"
"09/19/2026","COVID-19 visits by borough","Staten Island","0.74","Percent","10/01/2026"
"09/26/2026","COVID-19 visits by borough","Staten Island","0.57","Percent","10/01/2026"
"07/11/2026","COVID-19 hospitalizations","Overall","0.07","Percent","10/01/2026"
"07/18/2026","COVID-19 hospitalizations","Overall","0.2","Percent","10/01/2026"
"07/25/2026","COVID-19 hospitalizations","Overall","0.2","Percent","10/01/2026"
"08/01/2026","COVID-19 hospitalizations","Overall","0.18","Percent","10/01/2026"
"08/08/2026","COVID-19 hospitalizations","Overall","0.15","Percent","10/01/2026"
"08/15/2026","COVID-19 hospitalizations","Overall","0.16","Percent","10/01/2026"
"08/22/2026","COVID-19 hospitalizations","Overall","0.19","Percent","10/01/2026"
"08/29/2026","COVID-19 hospitalizations","Overall","0.3","Percent","10/01/2026"
"09/05/2026","COVID-19 hospitalizations","Overall","0.28","Percent","10/01/2026"
"09/12/2026","COVID-19 hospitalizations","Overall","0.39","Percent","10/01/2026"
"09/19/2026","COVID-19 hospitalizations","Overall","0.43","Percent","10/01/2026"
"09/26/2026","COVID-19 hospitalizations","Overall","0.54","Percent","10/01/2026"
"07/11/2026","COVID-19 hospitalizations by age group","0-4","0","Percent","10/01/2026"
"07/18/2026","COVID-19 hospitalizations by age group","0-4","0.73","Percent","10/01/2026"
"07/25/2026","COVID-19 hospitalizations by age group","0-4","0","Percent","10/01/2026"
"08/01/2026","COVID-19 hospitalizations by age group","0-4","0","Percent","10/01/2026"
"08/08/2026","COVID-19 hospitalizations by age group","0-4","0.77","Percent","10/01/2026"
"08/15/2026","COVID-19 hospitalizations by age group","0-4","0","Percent","10/01/2026"
"08/22/2026","COVID-19 hospitalizations by age group","0-4","1.6","Percent","10/01/2026"
"08/29/2026","COVID-19 hospitalizations by age group","0-4","0.42","Percent","10/01/2026"
"09/05/2026","COVID-19 hospitalizations by age group","0-4","1.78","Percent","10/01/2026"
"09/12/2026","COVID-19 hospitalizations by age group","0-4","1.07","Percent","10/01/2026"
"09/19/2026","COVID-19 hospitalizations by age group","0-4","1.32","Percent","10/01/2026"
"09/26/2026","COVID-19 hospitalizations by age group","0-4","1.54","Percent","10/01/2026"
"07/11/2026","COVID-19 hospitalizations by age group","5-17","0","Percent","10/01/2026"
"07/18/2026","COVID-19 hospitalizations by age group","5-17","0","Percent","10/01/2026"
"07/25/2026","COVID-19 hospitalizations by age group","5-17","0.34","Percent","10/01/2026"
"08/01/2026","COVID-19 hospitalizations by age group","5-17","0","Percent","10/01/2026"
"08/08/2026","COVID-19 hospitalizations by age group","5-17","0","Percent","10/01/2026"
"08/15/2026","COVID-19 hospitalizations by age group","5-17","0.31","Percent","10/01/2026"
"08/22/2026","COVID-19 hospitalizations by age group","5-17","0","Percent","10/01/2026"
"08/29/2026","COVID-19 hospitalizations by age group","5-17","0.35","Percent","10/01/2026"
"09/05/2026","COVID-19 hospitalizations by age group","5-17","0","Percent","10/01/2026"
"09/12/2026","COVID-19 hospitalizations by age group","5-17","0","Percent","10/01/2026"
"09/19/2026","COVID-19 hospitalizations by age group","5-17","0.5","Percent","10/01/2026"
"09/26/2026","COVID-19 hospitalizations by age group","5-17","0.22","Percent","10/01/2026"
"07/11/2026","COVID-19 hospitalizations by age group","18-64","0.03","Percent","10/01/2026"
"07/18/2026","COVID-19 hospitalizations by age group","18-64","0.12","Percent","10/01/2026"
"07/25/2026","COVID-19 hospitalizations by age group","18-64","0.1","Percent","10/01/2026"
"08/01/2026","COVID-19 hospitalizations by age group","18-64","0.07","Percent","10/01/2026"
"08/08/2026","COVID-19 hospitalizations by age group","18-64","0.04","Percent","10/01/2026"
"08/15/2026","COVID-19 hospitalizations by age group","18-64","0.15","Percent","10/01/2026"
"08/22/2026","COVID-19 hospitalizations by age group","18-64","0.07","Percent","10/01/2026"
"08/29/2026","COVID-19 hospitalizations by age group","18-64","0.13","Percent","10/01/2026"
"09/05/2026","COVID-19 hospitalizations by age group","18-64","0.15","Percent","10/01/2026"
"09/12/2026","COVID-19 hospitalizations by age group","18-64","0.18","Percent","10/01/2026"
"09/19/2026","COVID-19 hospitalizations by age group","18-64","0.2","Percent","10/01/2026"
"09/26/2026","COVID-19 hospitalizations by age group","18-64","0.25","Percent","10/01/2026"
"07/11/2026","COVID-19 hospitalizations by age group","65+","0.12","Percent","10/01/2026"
"07/18/2026","COVID-19 hospitalizations by age group","65+","0.29","Percent","10/01/2026"
"07/25/2026","COVID-19 hospitalizations by age group","65+","0.33","Percent","10/01/2026"
"08/01/2026","COVID-19 hospitalizations by age group","65+","0.33","Percent","10/01/2026"
"08/08/2026","COVID-19 hospitalizations by age group","65+","0.27","Percent","10/01/2026"
"08/15/2026","COVID-19 hospitalizations by age group","65+","0.19","Percent","10/01/2026"
"08/22/2026","COVID-19 hospitalizations by age group","65+","0.27","Percent","10/01/2026"
"08/29/2026","COVID-19 hospitalizations by age group","65+","0.5","Percent","10/01/2026"
"09/05/2026","COVID-19 hospitalizations by age group","65+","0.38","Percent","10/01/2026"
"09/12/2026","COVID-19 hospitalizations by age group","65+","0.61","Percent","10/01/2026"
"09/19/2026","COVID-19 hospitalizations by age group","65+","0.64","Percent","10/01/2026"
"09/26/2026","COVID-19 hospitalizations by age group","65+","0.83","Percent","10/01/2026"
"07/11/2026","COVID-19 hospitalizations by borough","Bronx","0","Percent","10/01/2026"
"07/18/2026","COVID-19 hospitalizations by borough","Bronx","0.05","Percent","10/01/2026"
"07/25/2026","COVID-19 hospitalizations by borough","Bronx","0.05","Percent","10/01/2026"
"08/01/2026","COVID-19 hospitalizations by borough","Bronx","0.14","Percent","10/01/2026"
"08/08/2026","COVID-19 hospitalizations by borough","Bronx","0","Percent","10/01/2026"
"08/15/2026","COVID-19 hospitalizations by borough","Bronx","0.05","Percent","10/01/2026"
"08/22/2026","COVID-19 hospitalizations by borough","Bronx","0.05","Percent","10/01/2026"
"08/29/2026","COVID-19 hospitalizations by borough","Bronx","0.24","Percent","10/01/2026"
"09/05/2026","COVID-19 hospitalizations by borough","Bronx","0.24","Percent","10/01/2026"
"09/12/2026","COVID-19 hospitalizations by borough","Bronx","0.24","Percent","10/01/2026"
"09/19/2026","COVID-19 hospitalizations by borough","Bronx","0.35","Percent","10/01/2026"
"09/26/2026","COVID-19 hospitalizations by borough","Bronx","0.25","Percent","10/01/2026"
"07/11/2026","COVID-19 hospitalizations by borough","Brooklyn","0.03","Percent","10/01/2026"
"07/18/2026","COVID-19 hospitalizations by borough","Brooklyn","0.13","Percent","10/01/2026"
"07/25/2026","COVID-19 hospitalizations by borough","Brooklyn","0.16","Percent","10/01/2026"
"08/01/2026","COVID-19 hospitalizations by borough","Brooklyn","0.11","Percent","10/01/2026"
"08/08/2026","COVID-19 hospitalizations by borough","Brooklyn","0.12","Percent","10/01/2026"
"08/15/2026","COVID-19 hospitalizations by borough","Brooklyn","0.18","Percent","10/01/2026"
"08/22/2026","COVID-19 hospitalizations by borough","Brooklyn","0.15","Percent","10/01/2026"
"08/29/2026","COVID-19 hospitalizations by borough","Brooklyn","0.4","Percent","10/01/2026"
"09/05/2026","COVID-19 hospitalizations by borough","Brooklyn","0.14","Percent","10/01/2026"
"09/12/2026","COVID-19 hospitalizations by borough","Brooklyn","0.44","Percent","10/01/2026"
"09/19/2026","COVID-19 hospitalizations by borough","Brooklyn","0.24","Percent","10/01/2026"
"09/26/2026","COVID-19 hospitalizations by borough","Brooklyn","0.41","Percent","10/01/2026"
"07/11/2026","COVID-19 hospitalizations by borough","Manhattan","0.1","Percent","10/01/2026"
"07/18/2026","COVID-19 hospitalizations by borough","Manhattan","0.14","Percent","10/01/2026"
"07/25/2026","COVID-19 hospitalizations by borough","Manhattan","0.2","Percent","10/01/2026"
"08/01/2026","COVID-19 hospitalizations by borough","Manhattan","0.25","Percent","10/01/2026"
"08/08/2026","COVID-19 hospitalizations by borough","Manhattan","0.19","Percent","10/01/2026"
"08/15/2026","COVID-19 hospitalizations by borough","Manhattan","0.25","Percent","10/01/2026"
"08/22/2026","COVID-19 hospitalizations by borough","Manhattan","0.1","Percent","10/01/2026"
"08/29/2026","COVID-19 hospitalizations by borough","Manhattan","0.3","Percent","10/01/2026"
"09/05/2026","COVID-19 hospitalizations by borough","Manhattan","0.3","Percent","10/01/2026"
"09/12/2026","COVID-19 hospitalizations by borough","Manhattan","0.29","Percent","10/01/2026"
"09/19/2026","COVID-19 hospitalizations by borough","Manhattan","0.44","Percent","10/01/2026"
"09/26/2026","COVID-19 hospitalizations by borough","Manhattan","0.68","Percent","10/01/2026"
"07/11/2026","COVID-19 hospitalizations by borough","Queens","0.18","Percent","10/01/2026"
"07/18/2026","COVID-19 hospitalizations by borough","Queens","0.42","Percent","10/01/2026"
"07/25/2026","COVID-19 hospitalizations by borough","Queens","0.41","Percent","10/01/2026"
"08/01/2026","COVID-19 hospitalizations by borough","Queens","0.26","Percent","10/01/2026"
"08/08/2026","COVID-19 hospitalizations by borough","Queens","0.26","Percent","10/01/2026"
"08/15/2026","COVID-19 hospitalizations by borough","Queens","0.19","Percent","10/01/2026"
"08/22/2026","COVID-19 hospitalizations by borough","Queens","0.46","Percent","10/01/2026"
"08/29/2026","COVID-19 hospitalizations by borough","Queens","0.3","Percent","10/01/2026"
"09/05/2026","COVID-19 hospitalizations by borough","Queens","0.42","Percent","10/01/2026"
"09/12/2026","COVID-19 hospitalizations by borough","Queens","0.56","Percent","10/01/2026"
"09/19/2026","COVID-19 hospitalizations by borough","Queens","0.72","Percent","10/01/2026"
"09/26/2026","COVID-19 hospitalizations by borough","Queens","0.73","Percent","10/01/2026"
"07/11/2026","COVID-19 hospitalizations by borough","Staten Island","0","Percent","10/01/2026"
"07/18/2026","COVID-19 hospitalizations by borough","Staten Island","0.41","Percent","10/01/2026"
"07/25/2026","COVID-19 hospitalizations by borough","Staten Island","0.14","Percent","10/01/2026"
"08/01/2026","COVID-19 hospitalizations by borough","Staten Island","0.12","Percent","10/01/2026"
"08/08/2026","COVID-19 hospitalizations by borough","Staten Island","0.25","Percent","10/01/2026"
"08/15/2026","COVID-19 hospitalizations by borough","Staten Island","0.13","Percent","10/01/2026"
"08/22/2026","COVID-19 hospitalizations by borough","Staten Island","0.13","Percent","10/01/2026"
"08/29/2026","COVID-19 hospitalizations by borough","Staten Island","0.14","Percent","10/01/2026"
"09/05/2026","COVID-19 hospitalizations by borough","Staten Island","0.52","Percent","10/01/2026"
"09/12/2026","COVID-19 hospitalizations by borough","Staten Island","0.27","Percent","10/01/2026"
"09/19/2026","COVID-19 hospitalizations by borough","Staten Island","0.39","Percent","10/01/2026"
"09/26/2026","COVID-19 hospitalizations by borough","Staten Island","1.01","Percent","10/01/2026"
"07/11/2026","Influenza visits","Overall","0.04","Percent","10/01/2026"
"07/18/2026","Influenza visits","Overall","0.06","Percent","10/01/2026"
"07/25/2026","Influenza visits","Overall","0.03","Percent","10/01/2026"
"08/01/2026","Influenza visits","Overall","0.05","Percent","10/01/2026"
"08/08/2026","Influenza visits","Overall","0.05","Percent","10/01/2026"
"08/15/2026","Influenza visits","Overall","0.04","Percent","10/01/2026"
"08/22/2026","Influenza visits","Overall","0.04","Percent","10/01/2026"
"08/29/2026","Influenza visits","Overall","0.06","Percent","10/01/2026"
"09/05/2026","Influenza visits","Overall","0.08","Percent","10/01/2026"
"09/12/2026","Influenza visits","Overall","0.13","Percent","10/01/2026"
"09/19/2026","Influenza visits","Overall","0.16","Percent","10/01/2026"
"09/26/2026","Influenza visits","Overall","0.27","Percent","10/01/2026"
"07/11/2026","Influenza visits by age group","0-4","0.07","Percent","10/01/2026"
"07/18/2026","Influenza visits by age group","0-4","0.16","Percent","10/01/2026"
"07/25/2026","Influenza visits by age group","0-4","0.07","Percent","10/01/2026"
"08/01/2026","Influenza visits by age group","0-4","0.14","Percent","10/01/2026"
"08/08/2026","Influenza visits by age group","0-4","0.05","Percent","10/01/2026"
"08/15/2026","Influenza visits by age group","0-4","0.14","Percent","10/01/2026"
"08/22/2026","Influenza visits by age group","0-4","0.07","Percent","10/01/2026"
"08/29/2026","Influenza visits by age group","0-4","0.17","Percent","10/01/2026"
"09/05/2026","Influenza visits by age group","0-4","0.22","Percent","10/01/2026"
"09/12/2026","Influenza visits by age group","0-4","0.32","Percent","10/01/2026"
"09/19/2026","Influenza visits by age group","0-4","0.55","Percent","10/01/2026"
"09/26/2026","Influenza visits by age group","0-4","0.65","Percent","10/01/2026"
"07/11/2026","Influenza visits by age group","5-17","0.12","Percent","10/01/2026"
"07/18/2026","Influenza visits by age group","5-17","0.06","Percent","10/01/2026"
"07/25/2026","Influenza visits by age group","5-17","0.04","Percent","10/01/2026"
"08/01/2026","Influenza visits by age group","5-17","0.1","Percent","10/01/2026"
"08/08/2026","Influenza visits by age group","5-17","0.06","Percent","10/01/2026"
"08/15/2026","Influenza visits by age group","5-17","0.04","Percent","10/01/2026"
"08/22/2026","Influenza visits by age group","5-17","0.04","Percent","10/01/2026"
"08/29/2026","Influenza visits by age group","5-17","0.07","Percent","10/01/2026"
"09/05/2026","Influenza visits by age group","5-17","0.14","Percent","10/01/2026"
"09/12/2026","Influenza visits by age group","5-17","0.2","Percent","10/01/2026"
"09/19/2026","Influenza visits by age group","5-17","0.26","Percent","10/01/2026"
"09/26/2026","Influenza visits by age group","5-17","0.44","Percent","10/01/2026"
"07/11/2026","Influenza visits by age group","18-64","0.04","Percent","10/01/2026"
"07/18/2026","Influenza visits by age group","18-64","0.05","Percent","10/01/2026"
"07/25/2026","Influenza visits by age group","18-64","0.02","Percent","10/01/2026"
"08/01/2026","Influenza visits by age group","18-64","0.03","Percent","10/01/2026"
"08/08/2026","Influenza visits by age group","18-64","0.05","Percent","10/01/2026"
"08/15/2026","Influenza visits by age group","18-64","0.04","Percent","10/01/2026"
"08/22/2026","Influenza visits by age group","18-64","0.04","Percent","10/01/2026"
"08/29/2026","Influenza visits by age group","18-64","0.05","Percent","10/01/2026"
"09/05/2026","Influenza visits by age group","18-64","0.06","Percent","10/01/2026"
"09/12/2026","Influenza visits by age group","18-64","0.09","Percent","10/01/2026"
"09/19/2026","Influenza visits by age group","18-64","0.11","Percent","10/01/2026"
"09/26/2026","Influenza visits by age group","18-64","0.2","Percent","10/01/2026"
"07/11/2026","Influenza visits by age group","65+","0.02","Percent","10/01/2026"
"07/18/2026","Influenza visits by age group","65+","0.05","Percent","10/01/2026"
"07/25/2026","Influenza visits by age group","65+","0.03","Percent","10/01/2026"
"08/01/2026","Influenza visits by age group","65+","0.06","Percent","10/01/2026"
"08/08/2026","Influenza visits by age group","65+","0.03","Percent","10/01/2026"
"08/15/2026","Influenza visits by age group","65+","0.03","Percent","10/01/2026"
"08/22/2026","Influenza visits by age group","65+","0.01","Percent","10/01/2026"
"08/29/2026","Influenza visits by age group","65+","0.07","Percent","10/01/2026"
"09/05/2026","Influenza visits by age group","65+","0.07","Percent","10/01/2026"
"09/12/2026","Influenza visits by age group","65+","0.14","Percent","10/01/2026"
"09/19/2026","Influenza visits by age group","65+","0.15","Percent","10/01/2026"
"09/26/2026","Influenza visits by age group","65+","0.29","Percent","10/01/2026"
"07/11/2026","Influenza visits by borough","Bronx","0.06","Percent","10/01/2026"
"07/18/2026","Influenza visits by borough","Bronx","0.05","Percent","10/01/2026"
"07/25/2026","Influenza visits by borough","Bronx","0.01","Percent","10/01/2026"
"08/01/2026","Influenza visits by borough","Bronx","0.03","Percent","10/01/2026"
"08/08/2026","Influenza visits by borough","Bronx","0.05","Percent","10/01/2026"
"08/15/2026","Influenza visits by borough","Bronx","0.06","Percent","10/01/2026"
"08/22/2026","Influenza visits by borough","Bronx","0.01","Percent","10/01/2026"
"08/29/2026","Influenza visits by borough","Bronx","0.03","Percent","10/01/2026"
"09/05/2026","Influenza visits by borough","Bronx","0.05","Percent","10/01/2026"
"09/12/2026","Influenza visits by borough","Bronx","0.09","Percent","10/01/2026"
"09/19/2026","Influenza visits by borough","Bronx","0.1","Percent","10/01/2026"
"09/26/2026","Influenza visits by borough","Bronx","0.21","Percent","10/01/2026"
"07/11/2026","Influenza visits by borough","Brooklyn","0.02","Percent","10/01/2026"
"07/18/2026","Influenza visits by borough","Brooklyn","0.07","Percent","10/01/2026"
"07/25/2026","Influenza visits by borough","Brooklyn","0.02","Percent","10/01/2026"
"08/01/2026","Influenza visits by borough","Brooklyn","0.05","Percent","10/01/2026"
"08/08/2026","Influenza visits by borough","Brooklyn","0.03","Percent","10/01/2026"
"08/15/2026","Influenza visits by borough","Brooklyn","0.02","Percent","10/01/2026"
"08/22/2026","Influenza visits by borough","Brooklyn","0.05","Percent","10/01/2026"
"08/29/2026","Influenza visits by borough","Brooklyn","0.07","Percent","10/01/2026"
"09/05/2026","Influenza visits by borough","Brooklyn","0.12","Percent","10/01/2026"
"09/12/2026","Influenza visits by borough","Brooklyn","0.17","Percent","10/01/2026"
"09/19/2026","Influenza visits by borough","Brooklyn","0.14","Percent","10/01/2026"
"09/26/2026","Influenza visits by borough","Brooklyn","0.17","Percent","10/01/2026"
"07/11/2026","Influenza visits by borough","Manhattan","0.04","Percent","10/01/2026"
"07/18/2026","Influenza visits by borough","Manhattan","0.04","Percent","10/01/2026"
"07/25/2026","Influenza visits by borough","Manhattan","0.05","Percent","10/01/2026"
"08/01/2026","Influenza visits by borough","Manhattan","0.03","Percent","10/01/2026"
"08/08/2026","Influenza visits by borough","Manhattan","0.05","Percent","10/01/2026"
"08/15/2026","Influenza visits by borough","Manhattan","0.04","Percent","10/01/2026"
"08/22/2026","Influenza visits by borough","Manhattan","0.02","Percent","10/01/2026"
"08/29/2026","Influenza visits by borough","Manhattan","0.06","Percent","10/01/2026"
"09/05/2026","Influenza visits by borough","Manhattan","0.07","Percent","10/01/2026"
"09/12/2026","Influenza visits by borough","Manhattan","0.12","Percent","10/01/2026"
"09/19/2026","Influenza visits by borough","Manhattan","0.15","Percent","10/01/2026"
"09/26/2026","Influenza visits by borough","Manhattan","0.34","Percent","10/01/2026"
"07/11/2026","Influenza visits by borough","Queens","0.04","Percent","10/01/2026"
"07/18/2026","Influenza visits by borough","Queens","0.07","Percent","10/01/2026"
"07/25/2026","Influenza visits by borough","Queens","0.04","Percent","10/01/2026"
"08/01/2026","Influenza visits by borough","Queens","0.09","Percent","10/01/2026"
"08/08/2026","Influenza visits by borough","Queens","0.06","Percent","10/01/2026"
"08/15/2026","Influenza visits by borough","Queens","0.06","Percent","10/01/2026"
"08/22/2026","Influenza visits by borough","Queens","0.07","Percent","10/01/2026"
"08/29/2026","Influenza visits by borough","Queens","0.11","Percent","10/01/2026"
"09/05/2026","Influenza visits by borough","Queens","0.07","Percent","10/01/2026"
"09/12/2026","Influenza visits by borough","Queens","0.12","Percent","10/01/2026"
"09/19/2026","Influenza visits by borough","Queens","0.27","Percent","10/01/2026"
"09/26/2026","Influenza visits by borough","Queens","0.43","Percent","10/01/2026"
"07/11/2026","Influenza visits by borough","Staten Island","0.05","Percent","10/01/2026"
"07/18/2026","Influenza visits by borough","Staten Island","0.05","Percent","10/01/2026"
"07/25/2026","Influenza visits by borough","Staten Island","0","Percent","10/01/2026"
"08/01/2026","Influenza visits by borough","Staten Island","0.07","Percent","10/01/2026"
"08/08/2026","Influenza visits by borough","Staten Island","0.07","Percent","10/01/2026"
"08/15/2026","Influenza visits by borough","Staten Island","0","Percent","10/01/2026"
"08/22/2026","Influenza visits by borough","Staten Island","0.03","Percent","10/01/2026"
"08/29/2026","Influenza visits by borough","Staten Island","0","Percent","10/01/2026"
"09/05/2026","Influenza visits by borough","Staten Island","0.02","Percent","10/01/2026"
"09/12/2026","Influenza visits by borough","Staten Island","0.08","Percent","10/01/2026"
"09/19/2026","Influenza visits by borough","Staten Island","0.19","Percent","10/01/2026"
"09/26/2026","Influenza visits by borough","Staten Island","0.17","Percent","10/01/2026"
"07/11/2026","Influenza hospitalizations","Overall","0.02","Percent","10/01/2026"
"07/18/2026","Influenza hospitalizations","Overall","0.07","Percent","10/01/2026"
"07/25/2026","Influenza hospitalizations","Overall","0.03","Percent","10/01/2026"
"08/01/2026","Influenza hospitalizations","Overall","0.04","Percent","10/01/2026"
"08/08/2026","Influenza hospitalizations","Overall","0.02","Percent","10/01/2026"
"08/15/2026","Influenza hospitalizations","Overall","0.02","Percent","10/01/2026"
"08/22/2026","Influenza hospitalizations","Overall","0.02","Percent","10/01/2026"
"08/29/2026","Influenza hospitalizations","Overall","0.04","Percent","10/01/2026"
"09/05/2026","Influenza hospitalizations","Overall","0.04","Percent","10/01/2026"
"09/12/2026","Influenza hospitalizations","Overall","0.08","Percent","10/01/2026"
"09/19/2026","Influenza hospitalizations","Overall","0.11","Percent","10/01/2026"
"09/26/2026","Influenza hospitalizations","Overall","0.2","Percent","10/01/2026"
"07/11/2026","Influenza hospitalizations by age group","0-4","0","Percent","10/01/2026"
"07/18/2026","Influenza hospitalizations by age group","0-4","0.37","Percent","10/01/2026"
"07/25/2026","Influenza hospitalizations by age group","0-4","0","Percent","10/01/2026"
"08/01/2026","Influenza hospitalizations by age group","0-4","0.43","Percent","10/01/2026"
"08/08/2026","Influenza hospitalizations by age group","0-4","0","Percent","10/01/2026"
"08/15/2026","Influenza hospitalizations by age group","0-4","0","Percent","10/01/2026"
"08/22/2026","Influenza hospitalizations by age group","0-4","0","Percent","10/01/2026"
"08/29/2026","Influenza hospitalizations by age group","0-4","0","Percent","10/01/2026"
"09/05/2026","Influenza hospitalizations by age group","0-4","0","Percent","10/01/2026"
"09/12/2026","Influenza hospitalizations by age group","0-4","0.36","Percent","10/01/2026"
"09/19/2026","Influenza hospitalizations by age group","0-4","0.66","Percent","10/01/2026"
"09/26/2026","Influenza hospitalizations by age group","0-4","0","Percent","10/01/2026"
"07/11/2026","Influenza hospitalizations by age group","5-17","0","Percent","10/01/2026"
"07/18/2026","Influenza hospitalizations by age group","5-17","0","Percent","10/01/2026"
"07/25/2026","Influenza hospitalizations by age group","5-17","0","Percent","10/01/2026"
"08/01/2026","Influenza hospitalizations by age group","5-17","0","Percent","10/01/2026"
"08/08/2026","Influenza hospitalizations by age group","5-17","0","Percent","10/01/2026"
"08/15/2026","Influenza hospitalizations by age group","5-17","0","Percent","10/01/2026"
"08/22/2026","Influenza hospitalizations by age group","5-17","0","Percent","10/01/2026"
"08/29/2026","Influenza hospitalizations by age group","5-17","0","Percent","10/01/2026"
"09/05/2026","Influenza hospitalizations by age group","5-17","0","Percent","10/01/2026"
"09/12/2026","Influenza hospitalizations by age group","5-17","0","Percent","10/01/2026"
"09/19/2026","Influenza hospitalizations by age group","5-17","0","Percent","10/01/2026"
"09/26/2026","Influenza hospitalizations by age group","5-17","0","Percent","10/01/2026"
"07/11/2026","Influenza hospitalizations by age group","18-64","0","Percent","10/01/2026"
"07/18/2026","Influenza hospitalizations by age group","18-64","0.03","Percent","10/01/2026"
"07/25/2026","Influenza hospitalizations by age group","18-64","0.02","Percent","10/01/2026"
"08/01/2026","Influenza hospitalizations by age group","18-64","0.02","Percent","10/01/2026"
"08/08/2026","Influenza hospitalizations by age group","18-64","0.02","Percent","10/01/2026"
"08/15/2026","Influenza hospitalizations by age group","18-64","0.02","Percent","10/01/2026"
"08/22/2026","Influenza hospitalizations by age group","18-64","0.02","Percent","10/01/2026"
"08/29/2026","Influenza hospitalizations by age group","18-64","0","Percent","10/01/2026"
"09/05/2026","Influenza hospitalizations by age group","18-64","0.02","Percent","10/01/2026"
"09/12/2026","Influenza hospitalizations by age group","18-64","0","Percent","10/01/2026"
"09/19/2026","Influenza hospitalizations by age group","18-64","0.04","Percent","10/01/2026"
"09/26/2026","Influenza hospitalizations by age group","18-64","0.14","Percent","10/01/2026"
"07/11/2026","Influenza hospitalizations by age group","65+","0.04","Percent","10/01/2026"
"07/18/2026","Influenza hospitalizations by age group","65+","0.1","Percent","10/01/2026"
"07/25/2026","Influenza hospitalizations by age group","65+","0.04","Percent","10/01/2026"
"08/01/2026","Influenza hospitalizations by age group","65+","0.06","Percent","10/01/2026"
"08/08/2026","Influenza hospitalizations by age group","65+","0.02","Percent","10/01/2026"
"08/15/2026","Influenza hospitalizations by age group","65+","0.02","Percent","10/01/2026"
"08/22/2026","Influenza hospitalizations by age group","65+","0.02","Percent","10/01/2026"
"08/29/2026","Influenza hospitalizations by age group","65+","0.08","Percent","10/01/2026"
"09/05/2026","Influenza hospitalizations by age group","65+","0.06","Percent","10/01/2026"
"09/12/2026","Influenza hospitalizations by age group","65+","0.16","Percent","10/01/2026"
"09/19/2026","Influenza hospitalizations by age group","65+","0.16","Percent","10/01/2026"
"09/26/2026","Influenza hospitalizations by age group","65+","0.3","Percent","10/01/2026"
"07/11/2026","Influenza hospitalizations by borough","Bronx","0.05","Percent","10/01/2026"
"07/18/2026","Influenza hospitalizations by borough","Bronx","0.05","Percent","10/01/2026"
"07/25/2026","Influenza hospitalizations by borough","Bronx","0","Percent","10/01/2026"
"08/01/2026","Influenza hospitalizations by borough","Bronx","0","Percent","10/01/2026"
"08/08/2026","Influenza hospitalizations by borough","Bronx","0.05","Percent","10/01/2026"
"08/15/2026","Influenza hospitalizations by borough","Bronx","0","Percent","10/01/2026"
"08/22/2026","Influenza hospitalizations by borough","Bronx","0","Percent","10/01/2026"
"08/29/2026","Influenza hospitalizations by borough","Bronx","0","Percent","10/01/2026"
"09/05/2026","Influenza hospitalizations by borough","Bronx","0","Percent","10/01/2026"
"09/12/2026","Influenza hospitalizations by borough","Bronx","0.05","Percent","10/01/2026"
"09/19/2026","Influenza hospitalizations by borough","Bronx","0","Percent","10/01/2026"
"09/26/2026","Influenza hospitalizations by borough","Bronx","0.13","Percent","10/01/2026"
"07/11/2026","Influenza hospitalizations by borough","Brooklyn","0","Percent","10/01/2026"
"07/18/2026","Influenza hospitalizations by borough","Brooklyn","0.08","Percent","10/01/2026"
"07/25/2026","Influenza hospitalizations by borough","Brooklyn","0","Percent","10/01/2026"
"08/01/2026","Influenza hospitalizations by borough","Brooklyn","0.03","Percent","10/01/2026"
"08/08/2026","Influenza hospitalizations by borough","Brooklyn","0","Percent","10/01/2026"
"08/15/2026","Influenza hospitalizations by borough","Brooklyn","0","Percent","10/01/2026"
"08/22/2026","Influenza hospitalizations by borough","Brooklyn","0","Percent","10/01/2026"
"08/29/2026","Influenza hospitalizations by borough","Brooklyn","0.03","Percent","10/01/2026"
"09/05/2026","Influenza hospitalizations by borough","Brooklyn","0.03","Percent","10/01/2026"
"09/12/2026","Influenza hospitalizations by borough","Brooklyn","0.06","Percent","10/01/2026"
"09/19/2026","Influenza hospitalizations by borough","Brooklyn","0.09","Percent","10/01/2026"
"09/26/2026","Influenza hospitalizations by borough","Brooklyn","0.06","Percent","10/01/2026"
"07/11/2026","Influenza hospitalizations by borough","Manhattan","0","Percent","10/01/2026"
"07/18/2026","Influenza hospitalizations by borough","Manhattan","0.09","Percent","10/01/2026"
"07/25/2026","Influenza hospitalizations by borough","Manhattan","0.15","Percent","10/01/2026"
"08/01/2026","Influenza hospitalizations by borough","Manhattan","0.05","Percent","10/01/2026"
"08/08/2026","Influenza hospitalizations by borough","Manhattan","0","Percent","10/01/2026"
"08/15/2026","Influenza hospitalizations by borough","Manhattan","0","Percent","10/01/2026"
"08/22/2026","Influenza hospitalizations by borough","Manhattan","0","Percent","10/01/2026"
"08/29/2026","Influenza hospitalizations by borough","Manhattan","0.05","Percent","10/01/2026"
"09/05/2026","Influenza hospitalizations by borough","Manhattan","0.05","Percent","10/01/2026"
"09/12/2026","Influenza hospitalizations by borough","Manhattan","0.2","Percent","10/01/2026"
"09/19/2026","Influenza hospitalizations by borough","Manhattan","0.05","Percent","10/01/2026"
"09/26/2026","Influenza hospitalizations by borough","Manhattan","0.19","Percent","10/01/2026"
"07/11/2026","Influenza hospitalizations by borough","Queens","0.04","Percent","10/01/2026"
"07/18/2026","Influenza hospitalizations by borough","Queens","0.08","Percent","10/01/2026"
"07/25/2026","Influenza hospitalizations by borough","Queens","0","Percent","10/01/2026"
"08/01/2026","Influenza hospitalizations by borough","Queens","0.04","Percent","10/01/2026"
"08/08/2026","Influenza hospitalizations by borough","Queens","0.04","Percent","10/01/2026"
"08/15/2026","Influenza hospitalizations by borough","Queens","0.07","Percent","10/01/2026"
"08/22/2026","Influenza hospitalizations by borough","Queens","0.08","Percent","10/01/2026"
"08/29/2026","Influenza hospitalizations by borough","Queens","0.07","Percent","10/01/2026"
"09/05/2026","Influenza hospitalizations by borough","Queens","0.04","Percent","10/01/2026"
"09/12/2026","Influenza hospitalizations by borough","Queens","0.07","Percent","10/01/2026"
"09/19/2026","Influenza hospitalizations by borough","Queens","0.22","Percent","10/01/2026"
"09/26/2026","Influenza hospitalizations by borough","Queens","0.4","Percent","10/01/2026"
"07/11/2026","Influenza hospitalizations by borough","Staten Island","0","Percent","10/01/2026"
"07/18/2026","Influenza hospitalizations by borough","Staten Island","0","Percent","10/01/2026"
"07/25/2026","Influenza hospitalizations by borough","Staten Island","0","Percent","10/01/2026"
"08/01/2026","Influenza hospitalizations by borough","Staten Island","0.25","Percent","10/01/2026"
"08/08/2026","Influenza hospitalizations by borough","Staten Island","0","Percent","10/01/2026"
"08/15/2026","Influenza hospitalizations by borough","Staten Island","0","Percent","10/01/2026"
"08/22/2026","Influenza hospitalizations by borough","Staten Island","0","Percent","10/01/2026"
"08/29/2026","Influenza hospitalizations by borough","Staten Island","0","Percent","10/01/2026"
"09/05/2026","Influenza hospitalizations by borough","Staten Island","0.13","Percent","10/01/2026"
"09/12/2026","Influenza hospitalizations by borough","Staten Island","0","Percent","10/01/2026"
"09/19/2026","Influenza hospitalizations by borough","Staten Island","0.26","Percent","10/01/2026"
"09/26/2026","Influenza hospitalizations by borough","Staten Island","0.38","Percent","10/01/2026"
"07/11/2026","RSV visits","Overall","0.01","Percent","10/01/2026"
"07/18/2026","RSV visits","Overall","0.01","Percent","10/01/2026"
"07/25/2026","RSV visits","Overall","0.01","Percent","10/01/2026"
"08/01/2026","RSV visits","Overall","0.01","Percent","10/01/2026"
"08/08/2026","RSV visits","Overall","0.01","Percent","10/01/2026"
"08/15/2026","RSV visits","Overall","0.02","Percent","10/01/2026"
"08/22/2026","RSV visits","Overall","0.01","Percent","10/01/2026"
"08/29/2026","RSV visits","Overall","0.01","Percent","10/01/2026"
"09/05/2026","RSV visits","Overall","0.02","Percent","10/01/2026"
"09/12/2026","RSV visits","Overall","0.02","Percent","10/01/2026"
"09/19/2026","RSV visits","Overall","0.02","Percent","10/01/2026"
"09/26/2026","RSV visits","Overall","0.03","Percent","10/01/2026"
"07/11/2026","RSV visits by age group","0-4","0.05","Percent","10/01/2026"
"07/18/2026","RSV visits by age group","0-4","0.07","Percent","10/01/2026"
"07/25/2026","RSV visits by age group","0-4","0.02","Percent","10/01/2026"
"08/01/2026","RSV visits by age group","0-4","0.07","Percent","10/01/2026"
"08/08/2026","RSV visits by age group","0-4","0.19","Percent","10/01/2026"
"08/15/2026","RSV visits by age group","0-4","0.19","Percent","10/01/2026"
"08/22/2026","RSV visits by age group","0-4","0.12","Percent","10/01/2026"
"08/29/2026","RSV visits by age group","0-4","0.22","Percent","10/01/2026"
"09/05/2026","RSV visits by age group","0-4","0.3","Percent","10/01/2026"
"09/12/2026","RSV visits by age group","0-4","0.21","Percent","10/01/2026"
"09/19/2026","RSV visits by age group","0-4","0.32","Percent","10/01/2026"
"09/26/2026","RSV visits by age group","0-4","0.35","Percent","10/01/2026"
"07/11/2026","RSV visits by age group","5-17","0","Percent","10/01/2026"
"07/18/2026","RSV visits by age group","5-17","0","Percent","10/01/2026"
"07/25/2026","RSV visits by age group","5-17","0.02","Percent","10/01/2026"
"08/01/2026","RSV visits by age group","5-17","0","Percent","10/01/2026"
"08/08/2026","RSV visits by age group","5-17","0","Percent","10/01/2026"
"08/15/2026","RSV visits by age group","5-17","0.04","Percent","10/01/2026"
"08/22/2026","RSV visits by age group","5-17","0","Percent","10/01/2026"
"08/29/2026","RSV visits by age group","5-17","0","Percent","10/01/2026"
"09/05/2026","RSV visits by age group","5-17","0","Percent","10/01/2026"
"09/12/2026","RSV visits by age group","5-17","0","Percent","10/01/2026"
"09/19/2026","RSV visits by age group","5-17","0","Percent","10/01/2026"
"09/26/2026","RSV visits by age group","5-17","0","Percent","10/01/2026"
"07/11/2026","RSV visits by age group","18-64","0","Percent","10/01/2026"
"07/18/2026","RSV visits by age group","18-64","0","Percent","10/01/2026"
"07/25/2026","RSV visits by age group","18-64","0","Percent","10/01/2026"
"08/01/2026","RSV visits by age group","18-64","0","Percent","10/01/2026"
"08/08/2026","RSV visits by age group","18-64","0","Percent","10/01/2026"
"08/15/2026","RSV visits by age group","18-64","0.01","Percent","10/01/2026"
"08/22/2026","RSV visits by age group","18-64","0","Percent","10/01/2026"
"08/29/2026","RSV visits by age group","18-64","0","Percent","10/01/2026"
"09/05/2026","RSV visits by age group","18-64","0","Percent","10/01/2026"
"09/12/2026","RSV visits by age group","18-64","0","Percent","10/01/2026"
"09/19/2026","RSV visits by age group","18-64","0","Percent","10/01/2026"
"09/26/2026","RSV visits by age group","18-64","0","Percent","10/01/2026"
"07/11/2026","RSV visits by age group","65+","0.01","Percent","10/01/2026"
"07/18/2026","RSV visits by age group","65+","0","Percent","10/01/2026"
"07/25/2026","RSV visits by age group","65+","0.01","Percent","10/01/2026"
"08/01/2026","RSV visits by age group","65+","0.01","Percent","10/01/2026"
"08/08/2026","RSV visits by age group","65+","0.01","Percent","10/01/2026"
"08/15/2026","RSV visits by age group","65+","0.01","Percent","10/01/2026"
"08/22/2026","RSV visits by age group","65+","0","Percent","10/01/2026"
"08/29/2026","RSV visits by age group","65+","0.01","Percent","10/01/2026"
"09/05/2026","RSV visits by age group","65+","0","Percent","10/01/2026"
"09/12/2026","RSV visits by age group","65+","0.01","Percent","10/01/2026"
"09/19/2026","RSV visits by age group","65+","0.01","Percent","10/01/2026"
"09/26/2026","RSV visits by age group","65+","0.01","Percent","10/01/2026"
"07/11/2026","RSV visits by borough","Bronx","0","Percent","10/01/2026"
"07/18/2026","RSV visits by borough","Bronx","0","Percent","10/01/2026"
"07/25/2026","RSV visits by borough","Bronx","0","Percent","10/01/2026"
"08/01/2026","RSV visits by borough","Bronx","0","Percent","10/01/2026"
"08/08/2026","RSV visits by borough","Bronx","0.02","Percent","10/01/2026"
"08/15/2026","RSV visits by borough","Bronx","0.01","Percent","10/01/2026"
"08/22/2026","RSV visits by borough","Bronx","0","Percent","10/01/2026"
"08/29/2026","RSV visits by borough","Bronx","0","Percent","10/01/2026"
"09/05/2026","RSV visits by borough","Bronx","0","Percent","10/01/2026"
"09/12/2026","RSV visits by borough","Bronx","0.01","Percent","10/01/2026"
"09/19/2026","RSV visits by borough","Bronx","0.03","Percent","10/01/2026"
"09/26/2026","RSV visits by borough","Bronx","0.01","Percent","10/01/2026"
"07/11/2026","RSV visits by borough","Brooklyn","0.01","Percent","10/01/2026"
"07/18/2026","RSV visits by borough","Brooklyn","0.01","Percent","10/01/2026"
"07/25/2026","RSV visits by borough","Brooklyn","0.01","Percent","10/01/2026"
"08/01/2026","RSV visits by borough","Brooklyn","0.01","Percent","10/01/2026"
"08/08/2026","RSV visits by borough","Brooklyn","0.02","Percent","10/01/2026"
"08/15/2026","RSV visits by borough","Brooklyn","0.03","Percent","10/01/2026"
"08/22/2026","RSV visits by borough","Brooklyn","0.02","Percent","10/01/2026"
"08/29/2026","RSV visits by borough","Brooklyn","0.03","Percent","10/01/2026"
"09/05/2026","RSV visits by borough","Brooklyn","0.05","Percent","10/01/2026"
"09/12/2026","RSV visits by borough","Brooklyn","0.02","Percent","10/01/2026"
"09/19/2026","RSV visits by borough","Brooklyn","0.04","Percent","10/01/2026"
"09/26/2026","RSV visits by borough","Brooklyn","0.06","Percent","10/01/2026"
"07/11/2026","RSV visits by borough","Manhattan","0.01","Percent","10/01/2026"
"07/18/2026","RSV visits by borough","Manhattan","0","Percent","10/01/2026"
"07/25/2026","RSV visits by borough","Manhattan","0.01","Percent","10/01/2026"
"08/01/2026","RSV visits by borough","Manhattan","0.01","Percent","10/01/2026"
"08/08/2026","RSV visits by borough","Manhattan","0","Percent","10/01/2026"
"08/15/2026","RSV visits by borough","Manhattan","0.01","Percent","10/01/2026"
"08/22/2026","RSV visits by borough","Manhattan","0","Percent","10/01/2026"
"08/29/2026","RSV visits by borough","Manhattan","0.02","Percent","10/01/2026"
"09/05/2026","RSV visits by borough","Manhattan","0","Percent","10/01/2026"
"09/12/2026","RSV visits by borough","Manhattan","0","Percent","10/01/2026"
"09/19/2026","RSV visits by borough","Manhattan","0.01","Percent","10/01/2026"
"09/26/2026","RSV visits by borough","Manhattan","0.01","Percent","10/01/2026"
"07/11/2026","RSV visits by borough","Queens","0.01","Percent","10/01/2026"
"07/18/2026","RSV visits by borough","Queens","0.01","Percent","10/01/2026"
"07/25/2026","RSV visits by borough","Queens","0.01","Percent","10/01/2026"
"08/01/2026","RSV visits by borough","Queens","0.01","Percent","10/01/2026"
"08/08/2026","RSV visits by borough","Queens","0.01","Percent","10/01/2026"
"08/15/2026","RSV visits by borough","Queens","0.02","Percent","10/01/2026"
"08/22/2026","RSV visits by borough","Queens","0","Percent","10/01/2026"
"08/29/2026","RSV visits by borough","Queens","0.01","Percent","10/01/2026"
"09/05/2026","RSV visits by borough","Queens","0.01","Percent","10/01/2026"
"09/12/2026","RSV visits by borough","Queens","0.04","Percent","10/01/2026"
"09/19/2026","RSV visits by borough","Queens","0.01","Percent","10/01/2026"
"09/26/2026","RSV visits by borough","Queens","0.01","Percent","10/01/2026"
"07/11/2026","RSV visits by borough","Staten Island","0","Percent","10/01/2026"
"07/18/2026","RSV visits by borough","Staten Island","0","Percent","10/01/2026"
"07/25/2026","RSV visits by borough","Staten Island","0","Percent","10/01/2026"
"08/01/2026","RSV visits by borough","Staten Island","0","Percent","10/01/2026"
"08/08/2026","RSV visits by borough","Staten Island","0.02","Percent","10/01/2026"
"08/15/2026","RSV visits by borough","Staten Island","0.07","Percent","10/01/2026"
"08/22/2026","RSV visits by borough","Staten Island","0","Percent","10/01/2026"
"08/29/2026","RSV visits by borough","Staten Island","0","Percent","10/01/2026"
"09/05/2026","RSV visits by borough","Staten Island","0","Percent","10/01/2026"
"09/12/2026","RSV visits by borough","Staten Island","0.03","Percent","10/01/2026"
"09/19/2026","RSV visits by borough","Staten Island","0.02","Percent","10/01/2026"
"09/26/2026","RSV visits by borough","Staten Island","0.07","Percent","10/01/2026"
"07/11/2026","RSV hospitalizations","Overall","0","Percent","10/01/2026"
"07/18/2026","RSV hospitalizations","Overall","0.01","Percent","10/01/2026"
"07/25/2026","RSV hospitalizations","Overall","0.01","Percent","10/01/2026"
"08/01/2026","RSV hospitalizations","Overall","0.02","Percent","10/01/2026"
"08/08/2026","RSV hospitalizations","Overall","0.04","Percent","10/01/2026"
"08/15/2026","RSV hospitalizations","Overall","0.03","Percent","10/01/2026"
"08/22/2026","RSV hospitalizations","Overall","0","Percent","10/01/2026"
"08/29/2026","RSV hospitalizations","Overall","0.02","Percent","10/01/2026"
"09/05/2026","RSV hospitalizations","Overall","0.04","Percent","10/01/2026"
"09/12/2026","RSV hospitalizations","Overall","0.04","Percent","10/01/2026"
"09/19/2026","RSV hospitalizations","Overall","0.03","Percent","10/01/2026"
"09/26/2026","RSV hospitalizations","Overall","0.07","Percent","10/01/2026"
"07/11/2026","RSV hospitalizations by age group","0-4","0","Percent","10/01/2026"
"07/18/2026","RSV hospitalizations by age group","0-4","0.37","Percent","10/01/2026"
"07/25/2026","RSV hospitalizations by age group","0-4","0","Percent","10/01/2026"
"08/01/2026","RSV hospitalizations by age group","0-4","0","Percent","10/01/2026"
"08/08/2026","RSV hospitalizations by age group","0-4","1.15","Percent","10/01/2026"
"08/15/2026","RSV hospitalizations by age group","0-4","0.46","Percent","10/01/2026"
"08/22/2026","RSV hospitalizations by age group","0-4","0","Percent","10/01/2026"
"08/29/2026","RSV hospitalizations by age group","0-4","0.84","Percent","10/01/2026"
"09/05/2026","RSV hospitalizations by age group","0-4","1.78","Percent","10/01/2026"
"09/12/2026","RSV hospitalizations by age group","0-4","1.07","Percent","10/01/2026"
"09/19/2026","RSV hospitalizations by age group","0-4","0.66","Percent","10/01/2026"
"09/26/2026","RSV hospitalizations by age group","0-4","2.15","Percent","10/01/2026"
"07/11/2026","RSV hospitalizations by age group","5-17","0","Percent","10/01/2026"
"07/18/2026","RSV hospitalizations by age group","5-17","0","Percent","10/01/2026"
"07/25/2026","RSV hospitalizations by age group","5-17","0","Percent","10/01/2026"
"08/01/2026","RSV hospitalizations by age group","5-17","0","Percent","10/01/2026"
"08/08/2026","RSV hospitalizations by age group","5-17","0","Percent","10/01/2026"
"08/15/2026","RSV hospitalizations by age group","5-17","0","Percent","10/01/2026"
"08/22/2026","RSV hospitalizations by age group","5-17","0","Percent","10/01/2026"
"08/29/2026","RSV hospitalizations by age group","5-17","0","Percent","10/01/2026"
"09/05/2026","RSV hospitalizations by age group","5-17","0","Percent","10/01/2026"
"09/12/2026","RSV hospitalizations by age group","5-17","0","Percent","10/01/2026"
"09/19/2026","RSV hospitalizations by age group","5-17","0","Percent","10/01/2026"
"09/26/2026","RSV hospitalizations by age group","5-17","0","Percent","10/01/2026"
"07/11/2026","RSV hospitalizations by age group","18-64","0","Percent","10/01/2026"
"07/18/2026","RSV hospitalizations by age group","18-64","0","Percent","10/01/2026"
"07/25/2026","RSV hospitalizations by age group","18-64","0","Percent","10/01/2026"
"08/01/2026","RSV hospitalizations by age group","18-64","0","Percent","10/01/2026"
"08/08/2026","RSV hospitalizations by age group","18-64","0","Percent","10/01/2026"
"08/15/2026","RSV hospitalizations by age group","18-64","0.02","Percent","10/01/2026"
"08/22/2026","RSV hospitalizations by age group","18-64","0","Percent","10/01/2026"
"08/29/2026","RSV hospitalizations by age group","18-64","0","Percent","10/01/2026"
"09/05/2026","RSV hospitalizations by age group","18-64","0","Percent","10/01/2026"
"09/12/2026","RSV hospitalizations by age group","18-64","0","Percent","10/01/2026"
"09/19/2026","RSV hospitalizations by age group","18-64","0.02","Percent","10/01/2026"
"09/26/2026","RSV hospitalizations by age group","18-64","0","Percent","10/01/2026"
"07/11/2026","RSV hospitalizations by age group","65+","0","Percent","10/01/2026"
"07/18/2026","RSV hospitalizations by age group","65+","0","Percent","10/01/2026"
"07/25/2026","RSV hospitalizations by age group","65+","0.02","Percent","10/01/2026"
"08/01/2026","RSV hospitalizations by age group","65+","0.04","Percent","10/01/2026"
"08/08/2026","RSV hospitalizations by age group","65+","0.02","Percent","10/01/2026"
"08/15/2026","RSV hospitalizations by age group","65+","0.02","Percent","10/01/2026"
"08/22/2026","RSV hospitalizations by age group","65+","0","Percent","10/01/2026"
"08/29/2026","RSV hospitalizations by age group","65+","0","Percent","10/01/2026"
"09/05/2026","RSV hospitalizations by age group","65+","0","Percent","10/01/2026"
"09/12/2026","RSV hospitalizations by age group","65+","0.02","Percent","10/01/2026"
"09/19/2026","RSV hospitalizations by age group","65+","0","Percent","10/01/2026"
"09/26/2026","RSV hospitalizations by age group","65+","0.02","Percent","10/01/2026"
"07/11/2026","RSV hospitalizations by borough","Bronx","0","Percent","10/01/2026"
"07/18/2026","RSV hospitalizations by borough","Bronx","0","Percent","10/01/2026"
"07/25/2026","RSV hospitalizations by borough","Bronx","0","Percent","10/01/2026"
"08/01/2026","RSV hospitalizations by borough","Bronx","0","Percent","10/01/2026"
"08/08/2026","RSV hospitalizations by borough","Bronx","0","Percent","10/01/2026"
"08/15/2026","RSV hospitalizations by borough","Bronx","0","Percent","10/01/2026"
"08/22/2026","RSV hospitalizations by borough","Bronx","0","Percent","10/01/2026"
"08/29/2026","RSV hospitalizations by borough","Bronx","0","Percent","10/01/2026"
"09/05/2026","RSV hospitalizations by borough","Bronx","0","Percent","10/01/2026"
"09/12/2026","RSV hospitalizations by borough","Bronx","0","Percent","10/01/2026"
"09/19/2026","RSV hospitalizations by borough","Bronx","0","Percent","10/01/2026"
"09/26/2026","RSV hospitalizations by borough","Bronx","0","Percent","10/01/2026"
"07/11/2026","RSV hospitalizations by borough","Brooklyn","0","Percent","10/01/2026"
"07/18/2026","RSV hospitalizations by borough","Brooklyn","0.03","Percent","10/01/2026"
"07/25/2026","RSV hospitalizations by borough","Brooklyn","0.03","Percent","10/01/2026"
"08/01/2026","RSV hospitalizations by borough","Brooklyn","0","Percent","10/01/2026"
"08/08/2026","RSV hospitalizations by borough","Brooklyn","0.09","Percent","10/01/2026"
"08/15/2026","RSV hospitalizations by borough","Brooklyn","0.03","Percent","10/01/2026"
"08/22/2026","RSV hospitalizations by borough","Brooklyn","0","Percent","10/01/2026"
"08/29/2026","RSV hospitalizations by borough","Brooklyn","0.03","Percent","10/01/2026"
"09/05/2026","RSV hospitalizations by borough","Brooklyn","0.12","Percent","10/01/2026"
"09/12/2026","RSV hospitalizations by borough","Brooklyn","0.06","Percent","10/01/2026"
"09/19/2026","RSV hospitalizations by borough","Brooklyn","0.06","Percent","10/01/2026"
"09/26/2026","RSV hospitalizations by borough","Brooklyn","0.2","Percent","10/01/2026"
"07/11/2026","RSV hospitalizations by borough","Manhattan","0","Percent","10/01/2026"
"07/18/2026","RSV hospitalizations by borough","Manhattan","0","Percent","10/01/2026"
"07/25/2026","RSV hospitalizations by borough","Manhattan","0","Percent","10/01/2026"
"08/01/2026","RSV hospitalizations by borough","Manhattan","0.05","Percent","10/01/2026"
"08/08/2026","RSV hospitalizations by borough","Manhattan","0","Percent","10/01/2026"
"08/15/2026","RSV hospitalizations by borough","Manhattan","0.05","Percent","10/01/2026"
"08/22/2026","RSV hospitalizations by borough","Manhattan","0","Percent","10/01/2026"
"08/29/2026","RSV hospitalizations by borough","Manhattan","0","Percent","10/01/2026"
"09/05/2026","RSV hospitalizations by borough","Manhattan","0","Percent","10/01/2026"
"09/12/2026","RSV hospitalizations by borough","Manhattan","0","Percent","10/01/2026"
"09/19/2026","RSV hospitalizations by borough","Manhattan","0.05","Percent","10/01/2026"
"09/26/2026","RSV hospitalizations by borough","Manhattan","0","Percent","10/01/2026"
"07/11/2026","RSV hospitalizations by borough","Queens","0","Percent","10/01/2026"
"07/18/2026","RSV hospitalizations by borough","Queens","0","Percent","10/01/2026"
"07/25/2026","RSV hospitalizations by borough","Queens","0","Percent","10/01/2026"
"08/01/2026","RSV hospitalizations by borough","Queens","0.04","Percent","10/01/2026"
"08/08/2026","RSV hospitalizations by borough","Queens","0","Percent","10/01/2026"
"08/15/2026","RSV hospitalizations by borough","Queens","0.04","Percent","10/01/2026"
"08/22/2026","RSV hospitalizations by borough","Queens","0","Percent","10/01/2026"
"08/29/2026","RSV hospitalizations by borough","Queens","0.04","Percent","10/01/2026"
"09/05/2026","RSV hospitalizations by borough","Queens","0","Percent","10/01/2026"
"09/12/2026","RSV hospitalizations by borough","Queens","0.04","Percent","10/01/2026"
"09/19/2026","RSV hospitalizations by borough","Queens","0","Percent","10/01/2026"
"09/26/2026","RSV hospitalizations by borough","Queens","0.04","Percent","10/01/2026"
"07/11/2026","RSV hospitalizations by borough","Staten Island","0","Percent","10/01/2026"
"07/18/2026","RSV hospitalizations by borough","Staten Island","0","Percent","10/01/2026"
"07/25/2026","RSV hospitalizations by borough","Staten Island","0","Percent","10/01/2026"
"08/01/2026","RSV hospitalizations by borough","Staten Island","0","Percent","10/01/2026"
"08/08/2026","RSV hospitalizations by borough","Staten Island","0.13","Percent","10/01/2026"
"08/15/2026","RSV hospitalizations by borough","Staten Island","0","Percent","10/01/2026"
"08/22/2026","RSV hospitalizations by borough","Staten Island","0","Percent","10/01/2026"
"08/29/2026","RSV hospitalizations by borough","Staten Island","0","Percent","10/01/2026"
"09/05/2026","RSV hospitalizations by borough","Staten Island","0","Percent","10/01/2026"
"09/12/2026","RSV hospitalizations by borough","Staten Island","0.14","Percent","10/01/2026"
"09/19/2026","RSV hospitalizations by borough","Staten Island","0","Percent","10/01/2026"
"09/26/2026","RSV hospitalizations by borough","Staten Island","0","Percent","10/01/2026"
"09/19/2026","Respiratory panel results","Adenovirus","1","Percent","10/01/2026"
"09/19/2026","Respiratory panel results","Human Coronavirus (non-SARS-CoV-2)","1","Percent","10/01/2026"
"09/19/2026","Respiratory panel results","SARS-CoV-2","4","Percent","10/01/2026"
"09/19/2026","Respiratory panel results","Human Metapneumovirus","0","Percent","10/01/2026"
"09/19/2026","Respiratory panel results","Enterovirus/Rhinovirus","17","Percent","10/01/2026"
"09/19/2026","Respiratory panel results","Influenza","1","Percent","10/01/2026"
"09/19/2026","Respiratory panel results","Parainfluenza","3","Percent","10/01/2026"
"09/19/2026","Respiratory panel results","Respiratory Syncytial Virus","0","Percent","10/01/2026"
"09/26/2026","Respiratory illness visits by neighborhood","101","6.71","Percent","10/01/2026"
"09/26/2026","Respiratory illness visits by neighborhood","102","10.08","Percent","10/01/2026"
"09/26/2026","Respiratory illness visits by neighborhood","103","10.51","Percent","10/01/2026"
"09/26/2026","Respiratory illness visits by neighborhood","104","10.41","Percent","10/01/2026"
"09/26/2026","Respiratory illness visits by neighborhood","105/106/107","7.87","Percent","10/01/2026"
"09/26/2026","Respiratory illness visits by neighborhood","201","8.86","Percent","10/01/2026"
"09/26/2026","Respiratory illness visits by neighborhood","202","7.71","Percent","10/01/2026"
"09/26/2026","Respiratory illness visits by neighborhood","203","7.87","Percent","10/01/2026"
"09/26/2026","Respiratory illness visits by neighborhood","204","8.47","Percent","10/01/2026"
"09/26/2026","Respiratory illness visits by neighborhood","205","8.09","Percent","10/01/2026"
"09/26/2026","Respiratory illness visits by neighborhood","206","9.7","Percent","10/01/2026"
"09/26/2026","Respiratory illness visits by neighborhood","207","7.54","Percent","10/01/2026"
"09/26/2026","Respiratory illness visits by neighborhood","208","8.13","Percent","10/01/2026"
"09/26/2026","Respiratory illness visits by neighborhood","209","8.4","Percent","10/01/2026"
"09/26/2026","Respiratory illness visits by neighborhood","210","8.2","Percent","10/01/2026"
"09/26/2026","Respiratory illness visits by neighborhood","211","8.12","Percent","10/01/2026"
"09/26/2026","Respiratory illness visits by neighborhood","301","9.67","Percent","10/01/2026"
"09/26/2026","Respiratory illness visits by neighborhood","302","10.04","Percent","10/01/2026"
"09/26/2026","Respiratory illness visits by neighborhood","303","10.71","Percent","10/01/2026"
"09/26/2026","Respiratory illness visits by neighborhood","304","8.68","Percent","10/01/2026"
"09/26/2026","Respiratory illness visits by neighborhood","305/307","5.67","Percent","10/01/2026"
"09/26/2026","Respiratory illness visits by neighborhood","306/308","6.72","Percent","10/01/2026"
"09/26/2026","Respiratory illness visits by neighborhood","309/310","5.75","Percent","10/01/2026"
"09/26/2026","Respiratory illness visits by neighborhood","401","8.6","Percent","10/01/2026"
"09/26/2026","Respiratory illness visits by neighborhood","402","9.97","Percent","10/01/2026"
"09/26/2026","Respiratory illness visits by neighborhood","403","11.02","Percent","10/01/2026"
"09/26/2026","Respiratory illness visits by neighborhood","404/406","7.93","Percent","10/01/2026"
"09/26/2026","Respiratory illness visits by neighborhood","405","8.52","Percent","10/01/2026"
"09/26/2026","Respiratory illness visits by neighborhood","407","8","Percent","10/01/2026"
"09/26/2026","Respiratory illness visits by neighborhood","408","9.09","Percent","10/01/2026"
"09/26/2026","Respiratory illness visits by neighborhood","409","8.18","Percent","10/01/2026"
"09/26/2026","Respiratory illness visits by neighborhood","410","9.23","Percent","10/01/2026"
"09/26/2026","Respiratory illness visits by neighborhood","501/502","9.22","Percent","10/01/2026"
"09/26/2026","Respiratory illness visits by neighborhood","503/504","8.21","Percent","10/01/2026"
"09/07/2024","COVID-19 cases","Total","3581","Number","10/01/2026"
"09/14/2024","COVID-19 cases","Total","3767","Number","10/01/2026"
"09/21/2024","COVID-19 cases","Total","3424","Number","10/01/2026"
"09/28/2024","COVID-19 cases","Total","2674","Number","10/01/2026"
"10/05/2024","COVID-19 cases","Total","1770","Number","10/01/2026"
"10/12/2024","COVID-19 cases","Total","1419","Number","10/01/2026"
"10/19/2024","COVID-19 cases","Total","1204","Number","10/01/2026"
"10/26/2024","COVID-19 cases","Total","1217","Number","10/01/2026"
"11/02/2024","COVID-19 cases","Total","1241","Number","10/01/2026"
"11/09/2024","COVID-19 cases","Total","940","Number","10/01/2026"
"11/16/2024","COVID-19 cases","Total","915","Number","10/01/2026"
"11/23/2024","COVID-19 cases","Total","1015","Number","10/01/2026"
"11/30/2024","COVID-19 cases","Total","1011","Number","10/01/2026"
"12/07/2024","COVID-19 cases","Total","1464","Number","10/01/2026"
"12/14/2024","COVID-19 cases","Total","1589","Number","10/01/2026"
"12/21/2024","COVID-19 cases","Total","2010","Number","10/01/2026"
"12/28/2024","COVID-19 cases","Total","1907","Number","10/01/2026"
"01/04/2025","COVID-19 cases","Total","2559","Number","10/01/2026"
"01/11/2025","COVID-19 cases","Total","2620","Number","10/01/2026"
"01/18/2025","COVID-19 cases","Total","2881","Number","10/01/2026"
"01/25/2025","COVID-19 cases","Total","2909","Number","10/01/2026"
"02/01/2025","COVID-19 cases","Total","3316","Number","10/01/2026"
"02/08/2025","COVID-19 cases","Total","3544","Number","10/01/2026"
"02/15/2025","COVID-19 cases","Total","3355","Number","10/01/2026"
"02/22/2025","COVID-19 cases","Total","2946","Number","10/01/2026"
"03/01/2025","COVID-19 cases","Total","3222","Number","10/01/2026"
"03/08/2025","COVID-19 cases","Total","3375","Number","10/01/2026"
"03/15/2025","COVID-19 cases","Total","4015","Number","10/01/2026"
"03/22/2025","COVID-19 cases","Total","4202","Number","10/01/2026"
"03/29/2025","COVID-19 cases","Total","4098","Number","10/01/2026"
"04/05/2025","COVID-19 cases","Total","3708","Number","10/01/2026"
"04/12/2025","COVID-19 cases","Total","3314","Number","10/01/2026"
"04/19/2025","COVID-19 cases","Total","2773","Number","10/01/2026"
"04/26/2025","COVID-19 cases","Total","2463","Number","10/01/2026"
"05/03/2025","COVID-19 cases","Total","1961","Number","10/01/2026"
"05/10/2025","COVID-19 cases","Total","1689","Number","10/01/2026"
"05/17/2025","COVID-19 cases","Total","1657","Number","10/01/2026"
"05/24/2025","COVID-19 cases","Total","1562","Number","10/01/2026"
"05/31/2025","COVID-19 cases","Total","1744","Number","10/01/2026"
"06/07/2025","COVID-19 cases","Total","1782","Number","10/01/2026"
"06/14/2025","COVID-19 cases","Total","1631","Number","10/01/2026"
"06/21/2025","COVID-19 cases","Total","1575","Number","10/01/2026"
"06/28/2025","COVID-19 cases","Total","1410","Number","10/01/2026"
"07/05/2025","COVID-19 cases","Total","1294","Number","10/01/2026"
"07/12/2025","COVID-19 cases","Total","1540","Number","10/01/2026"
"07/19/2025","COVID-19 cases","Total","1552","Number","10/01/2026"
"07/26/2025","COVID-19 cases","Total","1846","Number","10/01/2026"
"08/02/2025","COVID-19 cases","Total","2034","Number","10/01/2026"
"08/09/2025","COVID-19 cases","Total","2371","Number","10/01/2026"
"08/16/2025","COVID-19 cases","Total","2651","Number","10/01/2026"
"08/23/2025","COVID-19 cases","Total","2360","Number","10/01/2026"
"08/30/2025","COVID-19 cases","Total","2553","Number","10/01/2026"
"09/06/2025","COVID-19 cases","Total","2698","Number","10/01/2026"
"09/13/2025","COVID-19 cases","Total","2895","Number","10/01/2026"
"09/20/2025","COVID-19 cases","Total","2940","Number","10/01/2026"
"09/27/2025","COVID-19 cases","Total","2335","Number","10/01/2026"
"10/04/2025","COVID-19 cases","Total","1773","Number","10/01/2026"
"10/11/2025","COVID-19 cases","Total","1335","Number","10/01/2026"
"10/18/2025","COVID-19 cases","Total","1008","Number","10/01/2026"
"10/25/2025","COVID-19 cases","Total","915","Number","10/01/2026"
"11/01/2025","COVID-19 cases","Total","876","Number","10/01/2026"
"11/08/2025","COVID-19 cases","Total","844","Number","10/01/2026"
"11/15/2025","COVID-19 cases","Total","793","Number","10/01/2026"
"11/22/2025","COVID-19 cases","Total","830","Number","10/01/2026"
"11/29/2025","COVID-19 cases","Total","755","Number","10/01/2026"
"12/06/2025","COVID-19 cases","Total","993","Number","10/01/2026"
"12/13/2025","COVID-19 cases","Total","1159","Number","10/01/2026"
"12/20/2025","COVID-19 cases","Total","1164","Number","10/01/2026"
"12/27/2025","COVID-19 cases","Total","1023","Number","10/01/2026"
"01/03/2026","COVID-19 cases","Total","1126","Number","10/01/2026"
"01/10/2026","COVID-19 cases","Total","1301","Number","10/01/2026"
"01/17/2026","COVID-19 cases","Total","1059","Number","10/01/2026"
"01/24/2026","COVID-19 cases","Total","965","Number","10/01/2026"
"01/31/2026","COVID-19 cases","Total","808","Number","10/01/2026"
"02/07/2026","COVID-19 cases","Total","1075","Number","10/01/2026"
"02/14/2026","COVID-19 cases","Total","1117","Number","10/01/2026"
"02/21/2026","COVID-19 cases","Total","1134","Number","10/01/2026"
"02/28/2026","COVID-19 cases","Total","833","Number","10/01/2026"
"03/07/2026","COVID-19 cases","Total","1075","Number","10/01/2026"
"03/14/2026","COVID-19 cases","Total","1164","Number","10/01/2026"
"03/21/2026","COVID-19 cases","Total","1456","Number","10/01/2026"
"03/28/2026","COVID-19 cases","Total","1527","Number","10/01/2026"
"04/04/2026","COVID-19 cases","Total","1286","Number","10/01/2026"
"04/11/2026","COVID-19 cases","Total","933","Number","10/01/2026"
"04/18/2026","COVID-19 cases","Total","785","Number","10/01/2026"
"04/25/2026","COVID-19 cases","Total","669","Number","10/01/2026"
"05/02/2026","COVID-19 cases","Total","762","Number","10/01/2026"
"05/09/2026","COVID-19 cases","Total","646","Number","10/01/2026"
"05/16/2026","COVID-19 cases","Total","511","Number","10/01/2026"
"05/23/2026","COVID-19 cases","Total","424","Number","10/01/2026"
"05/30/2026","COVID-19 cases","Total","286","Number","10/01/2026"
"06/06/2026","COVID-19 cases","Total","259","Number","10/01/2026"
"06/13/2026","COVID-19 cases","Total","259","Number","10/01/2026"
"06/20/2026","COVID-19 cases","Total","218","Number","10/01/2026"
"06/27/2026","COVID-19 cases","Total","220","Number","10/01/2026"
"07/04/2026","COVID-19 cases","Total","279","Number","10/01/2026"
"07/11/2026","COVID-19 cases","Total","334","Number","10/01/2026"
"07/18/2026","COVID-19 cases","Total","562","Number","10/01/2026"
"07/25/2026","COVID-19 cases","Total","661","Number","10/01/2026"
"08/01/2026","COVID-19 cases","Total","855","Number","10/01/2026"
"08/08/2026","COVID-19 cases","Total","954","Number","10/01/2026"
"08/15/2026","COVID-19 cases","Total","1130","Number","10/01/2026"
"08/22/2026","COVID-19 cases","Total","1305","Number","10/01/2026"
"08/29/2026","COVID-19 cases","Total","1643","Number","10/01/2026"
"09/05/2026","COVID-19 cases","Total","1951","Number","10/01/2026"
"09/12/2026","COVID-19 cases","Total","2183","Number","10/01/2026"
"09/19/2026","COVID-19 cases","Total","2808","Number","10/01/2026"
"09/26/2026","COVID-19 cases","Total","2868","Number","10/01/2026"
"07/11/2026","COVID-19 cases by test type","Confirmed","278","Number","10/01/2026"
"07/18/2026","COVID-19 cases by test type","Confirmed","346","Number","10/01/2026"
"07/25/2026","COVID-19 cases by test type","Confirmed","393","Number","10/01/2026"
"08/01/2026","COVID-19 cases by test type","Confirmed","493","Number","10/01/2026"
"08/08/2026","COVID-19 cases by test type","Confirmed","564","Number","10/01/2026"
"08/15/2026","COVID-19 cases by test type","Confirmed","658","Number","10/01/2026"
"08/22/2026","COVID-19 cases by test type","Confirmed","763","Number","10/01/2026"
"08/29/2026","COVID-19 cases by test type","Confirmed","952","Number","10/01/2026"
"09/05/2026","COVID-19 cases by test type","Confirmed","1127","Number","10/01/2026"
"09/12/2026","COVID-19 cases by test type","Confirmed","1272","Number","10/01/2026"
"09/19/2026","COVID-19 cases by test type","Confirmed","1619","Number","10/01/2026"
"09/26/2026","COVID-19 cases by test type","Confirmed","1642","Number","10/01/2026"
"07/11/2026","COVID-19 cases by test type","Probable","56","Number","10/01/2026"
"07/18/2026","COVID-19 cases by test type","Probable","216","Number","10/01/2026"
"07/25/2026","COVID-19 cases by test type","Probable","268","Number","10/01/2026"
"08/01/2026","COVID-19 cases by test type","Probable","362","Number","10/01/2026"
"08/08/2026","COVID-19 cases by test type","Probable","390","Number","10/01/2026"
"08/15/2026","COVID-19 cases by test type","Probable","472","Number","10/01/2026"
"08/22/2026","COVID-19 cases by test type","Probable","542","Number","10/01/2026"
"08/29/2026","COVID-19 cases by test type","Probable","691","Number","10/01/2026"
"09/05/2026","COVID-19 cases by test type","Probable","824","Number","10/01/2026"
"09/12/2026","COVID-19 cases by test type","Probable","911","Number","10/01/2026"
"09/19/2026","COVID-19 cases by test type","Probable","1189","Number","10/01/2026"
"09/26/2026","COVID-19 cases by test type","Probable","1226","Number","10/01/2026"
"07/11/2026","COVID-19 cases by age group","0-4","62","Number","10/01/2026"
"07/18/2026","COVID-19 cases by age group","0-4","77","Number","10/01/2026"
"07/25/2026","COVID-19 cases by age group","0-4","85","Number","10/01/2026"
"08/01/2026","COVID-19 cases by age group","0-4","103","Number","10/01/2026"
"08/08/2026","COVID-19 cases by age group","0-4","112","Number","10/01/2026"
"08/15/2026","COVID-19 cases by age group","0-4","144","Number","10/01/2026"
"08/22/2026","COVID-19 cases by age group","0-4","157","Number","10/01/2026"
"08/29/2026","COVID-19 cases by age group","0-4","191","Number","10/01/2026"
"09/05/2026","COVID-19 cases by age group","0-4","225","Number","10/01/2026"
"09/12/2026","COVID-19 cases by age group","0-4","285","Number","10/01/2026"
"09/19/2026","COVID-19 cases by age group","0-4","337","Number","10/01/2026"
"09/26/2026","COVID-19 cases by age group","0-4","297","Number","10/01/2026"
"07/11/2026","COVID-19 cases by age group","5-17","14","Number","10/01/2026"
"07/18/2026","COVID-19 cases by age group","5-17","28","Number","10/01/2026"
"07/25/2026","COVID-19 cases by age group","5-17","31","Number","10/01/2026"
"08/01/2026","COVID-19 cases by age group","5-17","40","Number","10/01/2026"
"08/08/2026","COVID-19 cases by age group","5-17","54","Number","10/01/2026"
"08/15/2026","COVID-19 cases by age group","5-17","59","Number","10/01/2026"
"08/22/2026","COVID-19 cases by age group","5-17","77","Number","10/01/2026"
"08/29/2026","COVID-19 cases by age group","5-17","84","Number","10/01/2026"
"09/05/2026","COVID-19 cases by age group","5-17","92","Number","10/01/2026"
"09/12/2026","COVID-19 cases by age group","5-17","147","Number","10/01/2026"
"09/19/2026","COVID-19 cases by age group","5-17","389","Number","10/01/2026"
"09/26/2026","COVID-19 cases by age group","5-17","376","Number","10/01/2026"
"07/11/2026","COVID-19 cases by age group","18-64","187","Number","10/01/2026"
"07/18/2026","COVID-19 cases by age group","18-64","337","Number","10/01/2026"
"07/25/2026","COVID-19 cases by age group","18-64","413","Number","10/01/2026"
"08/01/2026","COVID-19 cases by age group","18-64","525","Number","10/01/2026"
"08/08/2026","COVID-19 cases by age group","18-64","561","Number","10/01/2026"
"08/15/2026","COVID-19 cases by age group","18-64","688","Number","10/01/2026"
"08/22/2026","COVID-19 cases by age group","18-64","783","Number","10/01/2026"
"08/29/2026","COVID-19 cases by age group","18-64","967","Number","10/01/2026"
"09/05/2026","COVID-19 cases by age group","18-64","1171","Number","10/01/2026"
"09/12/2026","COVID-19 cases by age group","18-64","1249","Number","10/01/2026"
"09/19/2026","COVID-19 cases by age group","18-64","1516","Number","10/01/2026"
"09/26/2026","COVID-19 cases by age group","18-64","1606","Number","10/01/2026"
"07/11/2026","COVID-19 cases by age group","65+","71","Number","10/01/2026"
"07/18/2026","COVID-19 cases by age group","65+","120","Number","10/01/2026"
"07/25/2026","COVID-19 cases by age group","65+","132","Number","10/01/2026"
"08/01/2026","COVID-19 cases by age group","65+","187","Number","10/01/2026"
"08/08/2026","COVID-19 cases by age group","65+","227","Number","10/01/2026"
"08/15/2026","COVID-19 cases by age group","65+","239","Number","10/01/2026"
"08/22/2026","COVID-19 cases by age group","65+","288","Number","10/01/2026"
"08/29/2026","COVID-19 cases by age group","65+","401","Number","10/01/2026"
"09/05/2026","COVID-19 cases by age group","65+","463","Number","10/01/2026"
"09/12/2026","COVID-19 cases by age group","65+","502","Number","10/01/2026"
"09/19/2026","COVID-19 cases by age group","65+","564","Number","10/01/2026"
"09/26/2026","COVID-19 cases by age group","65+","588","Number","10/01/2026"
"07/11/2026","COVID-19 cases by borough","Bronx","77","Number","10/01/2026"
"07/18/2026","COVID-19 cases by borough","Bronx","110","Number","10/01/2026"
"07/25/2026","COVID-19 cases by borough","Bronx","140","Number","10/01/2026"
"08/01/2026","COVID-19 cases by borough","Bronx","174","Number","10/01/2026"
"08/08/2026","COVID-19 cases by borough","Bronx","234","Number","10/01/2026"
"08/15/2026","COVID-19 cases by borough","Bronx","268","Number","10/01/2026"
"08/22/2026","COVID-19 cases by borough","Bronx","275","Number","10/01/2026"
"08/29/2026","COVID-19 cases by borough","Bronx","348","Number","10/01/2026"
"09/05/2026","COVID-19 cases by borough","Bronx","418","Number","10/01/2026"
"09/12/2026","COVID-19 cases by borough","Bronx","478","Number","10/01/2026"
"09/19/2026","COVID-19 cases by borough","Bronx","634","Number","10/01/2026"
"09/26/2026","COVID-19 cases by borough","Bronx","627","Number","10/01/2026"
"07/11/2026","COVID-19 cases by borough","Brooklyn","86","Number","10/01/2026"
"07/18/2026","COVID-19 cases by borough","Brooklyn","140","Number","10/01/2026"
"07/25/2026","COVID-19 cases by borough","Brooklyn","171","Number","10/01/2026"
"08/01/2026","COVID-19 cases by borough","Brooklyn","209","Number","10/01/2026"
"08/08/2026","COVID-19 cases by borough","Brooklyn","225","Number","10/01/2026"
"08/15/2026","COVID-19 cases by borough","Brooklyn","289","Number","10/01/2026"
"08/22/2026","COVID-19 cases by borough","Brooklyn","373","Number","10/01/2026"
"08/29/2026","COVID-19 cases by borough","Brooklyn","456","Number","10/01/2026"
"09/05/2026","COVID-19 cases by borough","Brooklyn","499","Number","10/01/2026"
"09/12/2026","COVID-19 cases by borough","Brooklyn","585","Number","10/01/2026"
"09/19/2026","COVID-19 cases by borough","Brooklyn","717","Number","10/01/2026"
"09/26/2026","COVID-19 cases by borough","Brooklyn","783","Number","10/01/2026"
"07/11/2026","COVID-19 cases by borough","Manhattan","64","Number","10/01/2026"
"07/18/2026","COVID-19 cases by borough","Manhattan","132","Number","10/01/2026"
"07/25/2026","COVID-19 cases by borough","Manhattan","125","Number","10/01/2026"
"08/01/2026","COVID-19 cases by borough","Manhattan","187","Number","10/01/2026"
"08/08/2026","COVID-19 cases by borough","Manhattan","185","Number","10/01/2026"
"08/15/2026","COVID-19 cases by borough","Manhattan","231","Number","10/01/2026"
"08/22/2026","COVID-19 cases by borough","Manhattan","260","Number","10/01/2026"
"08/29/2026","COVID-19 cases by borough","Manhattan","322","Number","10/01/2026"
"09/05/2026","COVID-19 cases by borough","Manhattan","390","Number","10/01/2026"
"09/12/2026","COVID-19 cases by borough","Manhattan","458","Number","10/01/2026"
"09/19/2026","COVID-19 cases by borough","Manhattan","618","Number","10/01/2026"
"09/26/2026","COVID-19 cases by borough","Manhattan","571","Number","10/01/2026"
"07/11/2026","COVID-19 cases by borough","Queens","95","Number","10/01/2026"
"07/18/2026","COVID-19 cases by borough","Queens","160","Number","10/01/2026"
"07/25/2026","COVID-19 cases by borough","Queens","178","Number","10/01/2026"
"08/01/2026","COVID-19 cases by borough","Queens","236","Number","10/01/2026"
"08/08/2026","COVID-19 cases by borough","Queens","273","Number","10/01/2026"
"08/15/2026","COVID-19 cases by borough","Queens","294","Number","10/01/2026"
"08/22/2026","COVID-19 cases by borough","Queens","316","Number","10/01/2026"
"08/29/2026","COVID-19 cases by borough","Queens","447","Number","10/01/2026"
"09/05/2026","COVID-19 cases by borough","Queens","530","Number","10/01/2026"
"09/12/2026","COVID-19 cases by borough","Queens","553","Number","10/01/2026"
"09/19/2026","COVID-19 cases by borough","Queens","695","Number","10/01/2026"
"09/26/2026","COVID-19 cases by borough","Queens","727","Number","10/01/2026"
"07/11/2026","COVID-19 cases by borough","Staten Island","12","Number","10/01/2026"
"07/18/2026","COVID-19 cases by borough","Staten Island","20","Number","10/01/2026"
"07/25/2026","COVID-19 cases by borough","Staten Island","47","Number","10/01/2026"
"08/01/2026","COVID-19 cases by borough","Staten Island","49","Number","10/01/2026"
"08/08/2026","COVID-19 cases by borough","Staten Island","37","Number","10/01/2026"
"08/15/2026","COVID-19 cases by borough","Staten Island","48","Number","10/01/2026"
"08/22/2026","COVID-19 cases by borough","Staten Island","81","Number","10/01/2026"
"08/29/2026","COVID-19 cases by borough","Staten Island","70","Number","10/01/2026"
"09/05/2026","COVID-19 cases by borough","Staten Island","114","Number","10/01/2026"
"09/12/2026","COVID-19 cases by borough","Staten Island","109","Number","10/01/2026"
"09/19/2026","COVID-19 cases by borough","Staten Island","144","Number","10/01/2026"
"09/26/2026","COVID-19 cases by borough","Staten Island","160","Number","10/01/2026"
"07/11/2026","COVID-19 cases by race and ethnicity","Asian/Pacific Islander","43","Number","10/01/2026"
"07/18/2026","COVID-19 cases by race and ethnicity","Asian/Pacific Islander","58","Number","10/01/2026"
"07/25/2026","COVID-19 cases by race and ethnicity","Asian/Pacific Islander","74","Number","10/01/2026"
"08/01/2026","COVID-19 cases by race and ethnicity","Asian/Pacific Islander","84","Number","10/01/2026"
"08/08/2026","COVID-19 cases by race and ethnicity","Asian/Pacific Islander","95","Number","10/01/2026"
"08/15/2026","COVID-19 cases by race and ethnicity","Asian/Pacific Islander","88","Number","10/01/2026"
"08/22/2026","COVID-19 cases by race and ethnicity","Asian/Pacific Islander","129","Number","10/01/2026"
"08/29/2026","COVID-19 cases by race and ethnicity","Asian/Pacific Islander","144","Number","10/01/2026"
"09/05/2026","COVID-19 cases by race and ethnicity","Asian/Pacific Islander","179","Number","10/01/2026"
"09/12/2026","COVID-19 cases by race and ethnicity","Asian/Pacific Islander","210","Number","10/01/2026"
"09/19/2026","COVID-19 cases by race and ethnicity","Asian/Pacific Islander","251","Number","10/01/2026"
"09/26/2026","COVID-19 cases by race and ethnicity","Asian/Pacific Islander","217","Number","10/01/2026"
"07/11/2026","COVID-19 cases by race and ethnicity","Black/African American","56","Number","10/01/2026"
"07/18/2026","COVID-19 cases by race and ethnicity","Black/African American","115","Number","10/01/2026"
"07/25/2026","COVID-19 cases by race and ethnicity","Black/African American","113","Number","10/01/2026"
"08/01/2026","COVID-19 cases by race and ethnicity","Black/African American","180","Number","10/01/2026"
"08/08/2026","COVID-19 cases by race and ethnicity","Black/African American","207","Number","10/01/2026"
"08/15/2026","COVID-19 cases by race and ethnicity","Black/African American","250","Number","10/01/2026"
"08/22/2026","COVID-19 cases by race and ethnicity","Black/African American","274","Number","10/01/2026"
"08/29/2026","COVID-19 cases by race and ethnicity","Black/African American","333","Number","10/01/2026"
"09/05/2026","COVID-19 cases by race and ethnicity","Black/African American","377","Number","10/01/2026"
"09/12/2026","COVID-19 cases by race and ethnicity","Black/African American","366","Number","10/01/2026"
"09/19/2026","COVID-19 cases by race and ethnicity","Black/African American","502","Number","10/01/2026"
"09/26/2026","COVID-19 cases by race and ethnicity","Black/African American","525","Number","10/01/2026"
"07/11/2026","COVID-19 cases by race and ethnicity","Hispanic/Latino","82","Number","10/01/2026"
"07/18/2026","COVID-19 cases by race and ethnicity","Hispanic/Latino","125","Number","10/01/2026"
"07/25/2026","COVID-19 cases by race and ethnicity","Hispanic/Latino","161","Number","10/01/2026"
"08/01/2026","COVID-19 cases by race and ethnicity","Hispanic/Latino","206","Number","10/01/2026"
"08/08/2026","COVID-19 cases by race and ethnicity","Hispanic/Latino","251","Number","10/01/2026"
"08/15/2026","COVID-19 cases by race and ethnicity","Hispanic/Latino","295","Number","10/01/2026"
"08/22/2026","COVID-19 cases by race and ethnicity","Hispanic/Latino","315","Number","10/01/2026"
"08/29/2026","COVID-19 cases by race and ethnicity","Hispanic/Latino","407","Number","10/01/2026"
"09/05/2026","COVID-19 cases by race and ethnicity","Hispanic/Latino","470","Number","10/01/2026"
"09/12/2026","COVID-19 cases by race and ethnicity","Hispanic/Latino","579","Number","10/01/2026"
"09/19/2026","COVID-19 cases by race and ethnicity","Hispanic/Latino","749","Number","10/01/2026"
"09/26/2026","COVID-19 cases by race and ethnicity","Hispanic/Latino","783","Number","10/01/2026"
"07/11/2026","COVID-19 cases by race and ethnicity","White","73","Number","10/01/2026"
"07/18/2026","COVID-19 cases by race and ethnicity","White","111","Number","10/01/2026"
"07/25/2026","COVID-19 cases by race and ethnicity","White","154","Number","10/01/2026"
"08/01/2026","COVID-19 cases by race and ethnicity","White","177","Number","10/01/2026"
"08/08/2026","COVID-19 cases by race and ethnicity","White","187","Number","10/01/2026"
"08/15/2026","COVID-19 cases by race and ethnicity","White","227","Number","10/01/2026"
"08/22/2026","COVID-19 cases by race and ethnicity","White","284","Number","10/01/2026"
"08/29/2026","COVID-19 cases by race and ethnicity","White","334","Number","10/01/2026"
"09/05/2026","COVID-19 cases by race and ethnicity","White","430","Number","10/01/2026"
"09/12/2026","COVID-19 cases by race and ethnicity","White","480","Number","10/01/2026"
"09/19/2026","COVID-19 cases by race and ethnicity","White","597","Number","10/01/2026"
"09/26/2026","COVID-19 cases by race and ethnicity","White","611","Number","10/01/2026"
"09/26/2026","COVID-19 cases by race and ethnicity","Proportion missing race and ethnicity","24","Percent","10/01/2026"
"09/07/2024","Influenza cases","Total","278","Number","10/01/2026"
"09/14/2024","Influenza cases","Total","299","Number","10/01/2026"
"09/21/2024","Influenza cases","Total","302","Number","10/01/2026"
"09/28/2024","Influenza cases","Total","307","Number","10/01/2026"
"10/05/2024","Influenza cases","Total","267","Number","10/01/2026"
"10/12/2024","Influenza cases","Total","250","Number","10/01/2026"
"10/19/2024","Influenza cases","Total","294","Number","10/01/2026"
"10/26/2024","Influenza cases","Total","379","Number","10/01/2026"
"11/02/2024","Influenza cases","Total","455","Number","10/01/2026"
"11/09/2024","Influenza cases","Total","512","Number","10/01/2026"
"11/16/2024","Influenza cases","Total","623","Number","10/01/2026"
"11/23/2024","Influenza cases","Total","989","Number","10/01/2026"
"11/30/2024","Influenza cases","Total","1564","Number","10/01/2026"
"12/07/2024","Influenza cases","Total","2404","Number","10/01/2026"
"12/14/2024","Influenza cases","Total","4654","Number","10/01/2026"
"12/21/2024","Influenza cases","Total","8239","Number","10/01/2026"
"12/28/2024","Influenza cases","Total","11718","Number","10/01/2026"
"01/04/2025","Influenza cases","Total","13903","Number","10/01/2026"
"01/11/2025","Influenza cases","Total","15712","Number","10/01/2026"
"01/18/2025","Influenza cases","Total","22438","Number","10/01/2026"
"01/25/2025","Influenza cases","Total","23316","Number","10/01/2026"
"02/01/2025","Influenza cases","Total","22522","Number","10/01/2026"
"02/08/2025","Influenza cases","Total","19491","Number","10/01/2026"
"02/15/2025","Influenza cases","Total","15237","Number","10/01/2026"
"02/22/2025","Influenza cases","Total","10903","Number","10/01/2026"
"03/01/2025","Influenza cases","Total","8415","Number","10/01/2026"
"03/08/2025","Influenza cases","Total","7160","Number","10/01/2026"
"03/15/2025","Influenza cases","Total","6335","Number","10/01/2026"
"03/22/2025","Influenza cases","Total","5514","Number","10/01/2026"
"03/29/2025","Influenza cases","Total","4479","Number","10/01/2026"
"04/05/2025","Influenza cases","Total","3594","Number","10/01/2026"
"04/12/2025","Influenza cases","Total","2450","Number","10/01/2026"
"04/19/2025","Influenza cases","Total","1782","Number","10/01/2026"
"04/26/2025","Influenza cases","Total","1370","Number","10/01/2026"
"05/03/2025","Influenza cases","Total","986","Number","10/01/2026"
"05/10/2025","Influenza cases","Total","677","Number","10/01/2026"
"05/17/2025","Influenza cases","Total","517","Number","10/01/2026"
"05/24/2025","Influenza cases","Total","428","Number","10/01/2026"
"05/31/2025","Influenza cases","Total","348","Number","10/01/2026"
"06/07/2025","Influenza cases","Total","247","Number","10/01/2026"
"06/14/2025","Influenza cases","Total","234","Number","10/01/2026"
"06/21/2025","Influenza cases","Total","196","Number","10/01/2026"
"06/28/2025","Influenza cases","Total","182","Number","10/01/2026"
"07/05/2025","Influenza cases","Total","169","Number","10/01/2026"
"07/12/2025","Influenza cases","Total","150","Number","10/01/2026"
"07/19/2025","Influenza cases","Total","133","Number","10/01/2026"
"07/26/2025","Influenza cases","Total","154","Number","10/01/2026"
"08/02/2025","Influenza cases","Total","136","Number","10/01/2026"
"08/09/2025","Influenza cases","Total","137","Number","10/01/2026"
"08/16/2025","Influenza cases","Total","159","Number","10/01/2026"
"08/23/2025","Influenza cases","Total","175","Number","10/01/2026"
"08/30/2025","Influenza cases","Total","182","Number","10/01/2026"
"09/06/2025","Influenza cases","Total","217","Number","10/01/2026"
"09/13/2025","Influenza cases","Total","224","Number","10/01/2026"
"09/20/2025","Influenza cases","Total","246","Number","10/01/2026"
"09/27/2025","Influenza cases","Total","222","Number","10/01/2026"
"10/04/2025","Influenza cases","Total","254","Number","10/01/2026"
"10/11/2025","Influenza cases","Total","274","Number","10/01/2026"
"10/18/2025","Influenza cases","Total","350","Number","10/01/2026"
"10/25/2025","Influenza cases","Total","451","Number","10/01/2026"
"11/01/2025","Influenza cases","Total","746","Number","10/01/2026"
"11/08/2025","Influenza cases","Total","1712","Number","10/01/2026"
"11/15/2025","Influenza cases","Total","2489","Number","10/01/2026"
"11/22/2025","Influenza cases","Total","5410","Number","10/01/2026"
"11/29/2025","Influenza cases","Total","10703","Number","10/01/2026"
"12/06/2025","Influenza cases","Total","14260","Number","10/01/2026"
"12/13/2025","Influenza cases","Total","26203","Number","10/01/2026"
"12/20/2025","Influenza cases","Total","32882","Number","10/01/2026"
"12/27/2025","Influenza cases","Total","20374","Number","10/01/2026"
"01/03/2026","Influenza cases","Total","13009","Number","10/01/2026"
"01/10/2026","Influenza cases","Total","8242","Number","10/01/2026"
"01/17/2026","Influenza cases","Total","3942","Number","10/01/2026"
"01/24/2026","Influenza cases","Total","2242","Number","10/01/2026"
"01/31/2026","Influenza cases","Total","1463","Number","10/01/2026"
"02/07/2026","Influenza cases","Total","1772","Number","10/01/2026"
"02/14/2026","Influenza cases","Total","2193","Number","10/01/2026"
"02/21/2026","Influenza cases","Total","2841","Number","10/01/2026"
"02/28/2026","Influenza cases","Total","2026","Number","10/01/2026"
"03/07/2026","Influenza cases","Total","2555","Number","10/01/2026"
"03/14/2026","Influenza cases","Total","3189","Number","10/01/2026"
"03/21/2026","Influenza cases","Total","3947","Number","10/01/2026"
"03/28/2026","Influenza cases","Total","4743","Number","10/01/2026"
"04/04/2026","Influenza cases","Total","4214","Number","10/01/2026"
"04/11/2026","Influenza cases","Total","2409","Number","10/01/2026"
"04/18/2026","Influenza cases","Total","1758","Number","10/01/2026"
"04/25/2026","Influenza cases","Total","1084","Number","10/01/2026"
"05/02/2026","Influenza cases","Total","1175","Number","10/01/2026"
"05/09/2026","Influenza cases","Total","938","Number","10/01/2026"
"05/16/2026","Influenza cases","Total","810","Number","10/01/2026"
"05/23/2026","Influenza cases","Total","742","Number","10/01/2026"
"05/30/2026","Influenza cases","Total","426","Number","10/01/2026"
"06/06/2026","Influenza cases","Total","326","Number","10/01/2026"
"06/13/2026","Influenza cases","Total","319","Number","10/01/2026"
"06/20/2026","Influenza cases","Total","276","Number","10/01/2026"
"06/27/2026","Influenza cases","Total","228","Number","10/01/2026"
"07/04/2026","Influenza cases","Total","199","Number","10/01/2026"
"07/11/2026","Influenza cases","Total","123","Number","10/01/2026"
"07/18/2026","Influenza cases","Total","219","Number","10/01/2026"
"07/25/2026","Influenza cases","Total","206","Number","10/01/2026"
"08/01/2026","Influenza cases","Total","228","Number","10/01/2026"
"08/08/2026","Influenza cases","Total","216","Number","10/01/2026"
"08/15/2026","Influenza cases","Total","266","Number","10/01/2026"
"08/22/2026","Influenza cases","Total","289","Number","10/01/2026"
"08/29/2026","Influenza cases","Total","318","Number","10/01/2026"
"09/05/2026","Influenza cases","Total","372","Number","10/01/2026"
"09/12/2026","Influenza cases","Total","459","Number","10/01/2026"
"09/19/2026","Influenza cases","Total","651","Number","10/01/2026"
"09/26/2026","Influenza cases","Total","833","Number","10/01/2026"
"07/11/2026","Influenza cases by subtype","Influenza A H1","3","Number","10/01/2026"
"07/18/2026","Influenza cases by subtype","Influenza A H1","6","Number","10/01/2026"
"07/25/2026","Influenza cases by subtype","Influenza A H1","6","Number","10/01/2026"
"08/01/2026","Influenza cases by subtype","Influenza A H1","15","Number","10/01/2026"
"08/08/2026","Influenza cases by subtype","Influenza A H1","9","Number","10/01/2026"
"08/15/2026","Influenza cases by subtype","Influenza A H1","10","Number","10/01/2026"
"08/22/2026","Influenza cases by subtype","Influenza A H1","14","Number","10/01/2026"
"08/29/2026","Influenza cases by subtype","Influenza A H1","14","Number","10/01/2026"
"09/05/2026","Influenza cases by subtype","Influenza A H1","22","Number","10/01/2026"
"09/12/2026","Influenza cases by subtype","Influenza A H1","42","Number","10/01/2026"
"09/19/2026","Influenza cases by subtype","Influenza A H1","66","Number","10/01/2026"
"09/26/2026","Influenza cases by subtype","Influenza A H1","99","Number","10/01/2026"
"07/11/2026","Influenza cases by subtype","Influenza A H3","3","Number","10/01/2026"
"07/18/2026","Influenza cases by subtype","Influenza A H3","7","Number","10/01/2026"
"07/25/2026","Influenza cases by subtype","Influenza A H3","6","Number","10/01/2026"
"08/01/2026","Influenza cases by subtype","Influenza A H3","7","Number","10/01/2026"
"08/08/2026","Influenza cases by subtype","Influenza A H3","11","Number","10/01/2026"
"08/15/2026","Influenza cases by subtype","Influenza A H3","13","Number","10/01/2026"
"08/22/2026","Influenza cases by subtype","Influenza A H3","5","Number","10/01/2026"
"08/29/2026","Influenza cases by subtype","Influenza A H3","8","Number","10/01/2026"
"09/05/2026","Influenza cases by subtype","Influenza A H3","10","Number","10/01/2026"
"09/12/2026","Influenza cases by subtype","Influenza A H3","9","Number","10/01/2026"
"09/19/2026","Influenza cases by subtype","Influenza A H3","10","Number","10/01/2026"
"09/26/2026","Influenza cases by subtype","Influenza A H3","8","Number","10/01/2026"
"07/11/2026","Influenza cases by subtype","Influenza A not subtyped","30","Number","10/01/2026"
"07/18/2026","Influenza cases by subtype","Influenza A not subtyped","93","Number","10/01/2026"
"07/25/2026","Influenza cases by subtype","Influenza A not subtyped","97","Number","10/01/2026"
"08/01/2026","Influenza cases by subtype","Influenza A not subtyped","121","Number","10/01/2026"
"08/08/2026","Influenza cases by subtype","Influenza A not subtyped","113","Number","10/01/2026"
"08/15/2026","Influenza cases by subtype","Influenza A not subtyped","137","Number","10/01/2026"
"08/22/2026","Influenza cases by subtype","Influenza A not subtyped","152","Number","10/01/2026"
"08/29/2026","Influenza cases by subtype","Influenza A not subtyped","185","Number","10/01/2026"
"09/05/2026","Influenza cases by subtype","Influenza A not subtyped","234","Number","10/01/2026"
"09/12/2026","Influenza cases by subtype","Influenza A not subtyped","304","Number","10/01/2026"
"09/19/2026","Influenza cases by subtype","Influenza A not subtyped","451","Number","10/01/2026"
"09/26/2026","Influenza cases by subtype","Influenza A not subtyped","589","Number","10/01/2026"
"07/11/2026","Influenza cases by subtype","Influenza B","87","Number","10/01/2026"
"07/18/2026","Influenza cases by subtype","Influenza B","111","Number","10/01/2026"
"07/25/2026","Influenza cases by subtype","Influenza B","96","Number","10/01/2026"
"08/01/2026","Influenza cases by subtype","Influenza B","84","Number","10/01/2026"
"08/08/2026","Influenza cases by subtype","Influenza B","79","Number","10/01/2026"
"08/15/2026","Influenza cases by subtype","Influenza B","104","Number","10/01/2026"
"08/22/2026","Influenza cases by subtype","Influenza B","115","Number","10/01/2026"
"08/29/2026","Influenza cases by subtype","Influenza B","108","Number","10/01/2026"
"09/05/2026","Influenza cases by subtype","Influenza B","101","Number","10/01/2026"
"09/12/2026","Influenza cases by subtype","Influenza B","98","Number","10/01/2026"
"09/19/2026","Influenza cases by subtype","Influenza B","121","Number","10/01/2026"
"09/26/2026","Influenza cases by subtype","Influenza B","128","Number","10/01/2026"
"07/11/2026","Influenza cases by age group","0-4","31","Number","10/01/2026"
"07/18/2026","Influenza cases by age group","0-4","40","Number","10/01/2026"
"07/25/2026","Influenza cases by age group","0-4","33","Number","10/01/2026"
"08/01/2026","Influenza cases by age group","0-4","28","Number","10/01/2026"
"08/08/2026","Influenza cases by age group","0-4","42","Number","10/01/2026"
"08/15/2026","Influenza cases by age group","0-4","42","Number","10/01/2026"
"08/22/2026","Influenza cases by age group","0-4","38","Number","10/01/2026"
"08/29/2026","Influenza cases by age group","0-4","37","Number","10/01/2026"
"09/05/2026","Influenza cases by age group","0-4","38","Number","10/01/2026"
"09/12/2026","Influenza cases by age group","0-4","64","Number","10/01/2026"
"09/19/2026","Influenza cases by age group","0-4","98","Number","10/01/2026"
"09/26/2026","Influenza cases by age group","0-4","113","Number","10/01/2026"
"07/11/2026","Influenza cases by age group","5-17","32","Number","10/01/2026"
"07/18/2026","Influenza cases by age group","5-17","52","Number","10/01/2026"
"07/25/2026","Influenza cases by age group","5-17","28","Number","10/01/2026"
"08/01/2026","Influenza cases by age group","5-17","44","Number","10/01/2026"
"08/08/2026","Influenza cases by age group","5-17","34","Number","10/01/2026"
"08/15/2026","Influenza cases by age group","5-17","40","Number","10/01/2026"
"08/22/2026","Influenza cases by age group","5-17","48","Number","10/01/2026"
"08/29/2026","Influenza cases by age group","5-17","53","Number","10/01/2026"
"09/05/2026","Influenza cases by age group","5-17","56","Number","10/01/2026"
"09/12/2026","Influenza cases by age group","5-17","76","Number","10/01/2026"
"09/19/2026","Influenza cases by age group","5-17","131","Number","10/01/2026"
"09/26/2026","Influenza cases by age group","5-17","154","Number","10/01/2026"
"07/11/2026","Influenza cases by age group","18-64","49","Number","10/01/2026"
"07/18/2026","Influenza cases by age group","18-64","112","Number","10/01/2026"
"07/25/2026","Influenza cases by age group","18-64","121","Number","10/01/2026"
"08/01/2026","Influenza cases by age group","18-64","123","Number","10/01/2026"
"08/08/2026","Influenza cases by age group","18-64","122","Number","10/01/2026"
"08/15/2026","Influenza cases by age group","18-64","150","Number","10/01/2026"
"08/22/2026","Influenza cases by age group","18-64","168","Number","10/01/2026"
"08/29/2026","Influenza cases by age group","18-64","175","Number","10/01/2026"
"09/05/2026","Influenza cases by age group","18-64","215","Number","10/01/2026"
"09/12/2026","Influenza cases by age group","18-64","245","Number","10/01/2026"
"09/19/2026","Influenza cases by age group","18-64","319","Number","10/01/2026"
"09/26/2026","Influenza cases by age group","18-64","450","Number","10/01/2026"
"07/11/2026","Influenza cases by age group","65+","11","Number","10/01/2026"
"07/18/2026","Influenza cases by age group","65+","15","Number","10/01/2026"
"07/25/2026","Influenza cases by age group","65+","24","Number","10/01/2026"
"08/01/2026","Influenza cases by age group","65+","33","Number","10/01/2026"
"08/08/2026","Influenza cases by age group","65+","18","Number","10/01/2026"
"08/15/2026","Influenza cases by age group","65+","34","Number","10/01/2026"
"08/22/2026","Influenza cases by age group","65+","35","Number","10/01/2026"
"08/29/2026","Influenza cases by age group","65+","53","Number","10/01/2026"
"09/05/2026","Influenza cases by age group","65+","63","Number","10/01/2026"
"09/12/2026","Influenza cases by age group","65+","74","Number","10/01/2026"
"09/19/2026","Influenza cases by age group","65+","103","Number","10/01/2026"
"09/26/2026","Influenza cases by age group","65+","116","Number","10/01/2026"
"07/11/2026","Influenza cases by borough","Bronx","17","Number","10/01/2026"
"07/18/2026","Influenza cases by borough","Bronx","27","Number","10/01/2026"
"07/25/2026","Influenza cases by borough","Bronx","25","Number","10/01/2026"
"08/01/2026","Influenza cases by borough","Bronx","29","Number","10/01/2026"
"08/08/2026","Influenza cases by borough","Bronx","30","Number","10/01/2026"
"08/15/2026","Influenza cases by borough","Bronx","36","Number","10/01/2026"
"08/22/2026","Influenza cases by borough","Bronx","33","Number","10/01/2026"
"08/29/2026","Influenza cases by borough","Bronx","44","Number","10/01/2026"
"09/05/2026","Influenza cases by borough","Bronx","52","Number","10/01/2026"
"09/12/2026","Influenza cases by borough","Bronx","72","Number","10/01/2026"
"09/19/2026","Influenza cases by borough","Bronx","103","Number","10/01/2026"
"09/26/2026","Influenza cases by borough","Bronx","145","Number","10/01/2026"
"07/11/2026","Influenza cases by borough","Brooklyn","56","Number","10/01/2026"
"07/18/2026","Influenza cases by borough","Brooklyn","107","Number","10/01/2026"
"07/25/2026","Influenza cases by borough","Brooklyn","81","Number","10/01/2026"
"08/01/2026","Influenza cases by borough","Brooklyn","76","Number","10/01/2026"
"08/08/2026","Influenza cases by borough","Brooklyn","80","Number","10/01/2026"
"08/15/2026","Influenza cases by borough","Brooklyn","88","Number","10/01/2026"
"08/22/2026","Influenza cases by borough","Brooklyn","119","Number","10/01/2026"
"08/29/2026","Influenza cases by borough","Brooklyn","109","Number","10/01/2026"
"09/05/2026","Influenza cases by borough","Brooklyn","118","Number","10/01/2026"
"09/12/2026","Influenza cases by borough","Brooklyn","143","Number","10/01/2026"
"09/19/2026","Influenza cases by borough","Brooklyn","175","Number","10/01/2026"
"09/26/2026","Influenza cases by borough","Brooklyn","203","Number","10/01/2026"
"07/11/2026","Influenza cases by borough","Manhattan","21","Number","10/01/2026"
"07/18/2026","Influenza cases by borough","Manhattan","34","Number","10/01/2026"
"07/25/2026","Influenza cases by borough","Manhattan","44","Number","10/01/2026"
"08/01/2026","Influenza cases by borough","Manhattan","52","Number","10/01/2026"
"08/08/2026","Influenza cases by borough","Manhattan","52","Number","10/01/2026"
"08/15/2026","Influenza cases by borough","Manhattan","65","Number","10/01/2026"
"08/22/2026","Influenza cases by borough","Manhattan","58","Number","10/01/2026"
"08/29/2026","Influenza cases by borough","Manhattan","93","Number","10/01/2026"
"09/05/2026","Influenza cases by borough","Manhattan","98","Number","10/01/2026"
"09/12/2026","Influenza cases by borough","Manhattan","122","Number","10/01/2026"
"09/19/2026","Influenza cases by borough","Manhattan","149","Number","10/01/2026"
"09/26/2026","Influenza cases by borough","Manhattan","192","Number","10/01/2026"
"07/11/2026","Influenza cases by borough","Queens","22","Number","10/01/2026"
"07/18/2026","Influenza cases by borough","Queens","44","Number","10/01/2026"
"07/25/2026","Influenza cases by borough","Queens","50","Number","10/01/2026"
"08/01/2026","Influenza cases by borough","Queens","50","Number","10/01/2026"
"08/08/2026","Influenza cases by borough","Queens","46","Number","10/01/2026"
"08/15/2026","Influenza cases by borough","Queens","62","Number","10/01/2026"
"08/22/2026","Influenza cases by borough","Queens","64","Number","10/01/2026"
"08/29/2026","Influenza cases by borough","Queens","61","Number","10/01/2026"
"09/05/2026","Influenza cases by borough","Queens","87","Number","10/01/2026"
"09/12/2026","Influenza cases by borough","Queens","98","Number","10/01/2026"
"09/19/2026","Influenza cases by borough","Queens","181","Number","10/01/2026"
"09/26/2026","Influenza cases by borough","Queens","243","Number","10/01/2026"
"07/11/2026","Influenza cases by borough","Staten Island","7","Number","10/01/2026"
"07/18/2026","Influenza cases by borough","Staten Island","7","Number","10/01/2026"
"07/25/2026","Influenza cases by borough","Staten Island","6","Number","10/01/2026"
"08/01/2026","Influenza cases by borough","Staten Island","21","Number","10/01/2026"
"08/08/2026","Influenza cases by borough","Staten Island","8","Number","10/01/2026"
"08/15/2026","Influenza cases by borough","Staten Island","15","Number","10/01/2026"
"08/22/2026","Influenza cases by borough","Staten Island","15","Number","10/01/2026"
"08/29/2026","Influenza cases by borough","Staten Island","11","Number","10/01/2026"
"09/05/2026","Influenza cases by borough","Staten Island","17","Number","10/01/2026"
"09/12/2026","Influenza cases by borough","Staten Island","24","Number","10/01/2026"
"09/19/2026","Influenza cases by borough","Staten Island","43","Number","10/01/2026"
"09/26/2026","Influenza cases by borough","Staten Island","50","Number","10/01/2026"
"07/11/2026","Influenza cases by race and ethnicity","Asian/Pacific Islander","3","Number","10/01/2026"
"07/18/2026","Influenza cases by race and ethnicity","Asian/Pacific Islander","26","Number","10/01/2026"
"07/25/2026","Influenza cases by race and ethnicity","Asian/Pacific Islander","25","Number","10/01/2026"
"08/01/2026","Influenza cases by race and ethnicity","Asian/Pacific Islander","19","Number","10/01/2026"
"08/08/2026","Influenza cases by race and ethnicity","Asian/Pacific Islander","16","Number","10/01/2026"
"08/15/2026","Influenza cases by race and ethnicity","Asian/Pacific Islander","22","Number","10/01/2026"
"08/22/2026","Influenza cases by race and ethnicity","Asian/Pacific Islander","39","Number","10/01/2026"
"08/29/2026","Influenza cases by race and ethnicity","Asian/Pacific Islander","38","Number","10/01/2026"
"09/05/2026","Influenza cases by race and ethnicity","Asian/Pacific Islander","50","Number","10/01/2026"
"09/12/2026","Influenza cases by race and ethnicity","Asian/Pacific Islander","64","Number","10/01/2026"
"09/19/2026","Influenza cases by race and ethnicity","Asian/Pacific Islander","92","Number","10/01/2026"
"09/26/2026","Influenza cases by race and ethnicity","Asian/Pacific Islander","107","Number","10/01/2026"
"07/11/2026","Influenza cases by race and ethnicity","Black/African American","17","Number","10/01/2026"
"07/18/2026","Influenza cases by race and ethnicity","Black/African American","32","Number","10/01/2026"
"07/25/2026","Influenza cases by race and ethnicity","Black/African American","24","Number","10/01/2026"
"08/01/2026","Influenza cases by race and ethnicity","Black/African American","40","Number","10/01/2026"
"08/08/2026","Influenza cases by race and ethnicity","Black/African American","31","Number","10/01/2026"
"08/15/2026","Influenza cases by race and ethnicity","Black/African American","30","Number","10/01/2026"
"08/22/2026","Influenza cases by race and ethnicity","Black/African American","44","Number","10/01/2026"
"08/29/2026","Influenza cases by race and ethnicity","Black/African American","52","Number","10/01/2026"
"09/05/2026","Influenza cases by race and ethnicity","Black/African American","51","Number","10/01/2026"
"09/12/2026","Influenza cases by race and ethnicity","Black/African American","57","Number","10/01/2026"
"09/19/2026","Influenza cases by race and ethnicity","Black/African American","80","Number","10/01/2026"
"09/26/2026","Influenza cases by race and ethnicity","Black/African American","100","Number","10/01/2026"
"07/11/2026","Influenza cases by race and ethnicity","Hispanic/Latino","16","Number","10/01/2026"
"07/18/2026","Influenza cases by race and ethnicity","Hispanic/Latino","27","Number","10/01/2026"
"07/25/2026","Influenza cases by race and ethnicity","Hispanic/Latino","37","Number","10/01/2026"
"08/01/2026","Influenza cases by race and ethnicity","Hispanic/Latino","33","Number","10/01/2026"
"08/08/2026","Influenza cases by race and ethnicity","Hispanic/Latino","33","Number","10/01/2026"
"08/15/2026","Influenza cases by race and ethnicity","Hispanic/Latino","36","Number","10/01/2026"
"08/22/2026","Influenza cases by race and ethnicity","Hispanic/Latino","27","Number","10/01/2026"
"08/29/2026","Influenza cases by race and ethnicity","Hispanic/Latino","46","Number","10/01/2026"
"09/05/2026","Influenza cases by race and ethnicity","Hispanic/Latino","54","Number","10/01/2026"
"09/12/2026","Influenza cases by race and ethnicity","Hispanic/Latino","69","Number","10/01/2026"
"09/19/2026","Influenza cases by race and ethnicity","Hispanic/Latino","97","Number","10/01/2026"
"09/26/2026","Influenza cases by race and ethnicity","Hispanic/Latino","152","Number","10/01/2026"
"07/11/2026","Influenza cases by race and ethnicity","White","30","Number","10/01/2026"
"07/18/2026","Influenza cases by race and ethnicity","White","47","Number","10/01/2026"
"07/25/2026","Influenza cases by race and ethnicity","White","52","Number","10/01/2026"
"08/01/2026","Influenza cases by race and ethnicity","White","51","Number","10/01/2026"
"08/08/2026","Influenza cases by race and ethnicity","White","52","Number","10/01/2026"
"08/15/2026","Influenza cases by race and ethnicity","White","84","Number","10/01/2026"
"08/22/2026","Influenza cases by race and ethnicity","White","69","Number","10/01/2026"
"08/29/2026","Influenza cases by race and ethnicity","White","83","Number","10/01/2026"
"09/05/2026","Influenza cases by race and ethnicity","White","96","Number","10/01/2026"
"09/12/2026","Influenza cases by race and ethnicity","White","122","Number","10/01/2026"
"09/19/2026","Influenza cases by race and ethnicity","White","180","Number","10/01/2026"
"09/26/2026","Influenza cases by race and ethnicity","White","220","Number","10/01/2026"
"09/26/2026","Influenza cases by race and ethnicity","Proportion missing race and ethnicity","33","Percent","10/01/2026"
"09/07/2024","RSV cases","Total","166","Number","10/01/2026"
"09/14/2024","RSV cases","Total","175","Number","10/01/2026"
"09/21/2024","RSV cases","Total","244","Number","10/01/2026"
"09/28/2024","RSV cases","Total","321","Number","10/01/2026"
"10/05/2024","RSV cases","Total","347","Number","10/01/2026"
"10/12/2024","RSV cases","Total","519","Number","10/01/2026"
"10/19/2024","RSV cases","Total","588","Number","10/01/2026"
"10/26/2024","RSV cases","Total","750","Number","10/01/2026"
"11/02/2024","RSV cases","Total","1012","Number","10/01/2026"
"11/09/2024","RSV cases","Total","1565","Number","10/01/2026"
"11/16/2024","RSV cases","Total","2110","Number","10/01/2026"
"11/23/2024","RSV cases","Total","2840","Number","10/01/2026"
"11/30/2024","RSV cases","Total","3462","Number","10/01/2026"
"12/07/2024","RSV cases","Total","4517","Number","10/01/2026"
"12/14/2024","RSV cases","Total","4796","Number","10/01/2026"
"12/21/2024","RSV cases","Total","4705","Number","10/01/2026"
"12/28/2024","RSV cases","Total","3515","Number","10/01/2026"
"01/04/2025","RSV cases","Total","3207","Number","10/01/2026"
"01/11/2025","RSV cases","Total","2573","Number","10/01/2026"
"01/18/2025","RSV cases","Total","2148","Number","10/01/2026"
"01/25/2025","RSV cases","Total","1635","Number","10/01/2026"
"02/01/2025","RSV cases","Total","1378","Number","10/01/2026"
"02/08/2025","RSV cases","Total","1332","Number","10/01/2026"
"02/15/2025","RSV cases","Total","1039","Number","10/01/2026"
"02/22/2025","RSV cases","Total","876","Number","10/01/2026"
"03/01/2025","RSV cases","Total","732","Number","10/01/2026"
"03/08/2025","RSV cases","Total","643","Number","10/01/2026"
"03/15/2025","RSV cases","Total","549","Number","10/01/2026"
"03/22/2025","RSV cases","Total","469","Number","10/01/2026"
"03/29/2025","RSV cases","Total","413","Number","10/01/2026"
"04/05/2025","RSV cases","Total","338","Number","10/01/2026"
"04/12/2025","RSV cases","Total","244","Number","10/01/2026"
"04/19/2025","RSV cases","Total","190","Number","10/01/2026"
"04/26/2025","RSV cases","Total","158","Number","10/01/2026"
"05/03/2025","RSV cases","Total","125","Number","10/01/2026"
"05/10/2025","RSV cases","Total","103","Number","10/01/2026"
"05/17/2025","RSV cases","Total","107","Number","10/01/2026"
"05/24/2025","RSV cases","Total","75","Number","10/01/2026"
"05/31/2025","RSV cases","Total","88","Number","10/01/2026"
"06/07/2025","RSV cases","Total","64","Number","10/01/2026"
"06/14/2025","RSV cases","Total","71","Number","10/01/2026"
"06/21/2025","RSV cases","Total","80","Number","10/01/2026"
"06/28/2025","RSV cases","Total","68","Number","10/01/2026"
"07/05/2025","RSV cases","Total","83","Number","10/01/2026"
"07/12/2025","RSV cases","Total","72","Number","10/01/2026"
"07/19/2025","RSV cases","Total","75","Number","10/01/2026"
"07/26/2025","RSV cases","Total","85","Number","10/01/2026"
"08/02/2025","RSV cases","Total","111","Number","10/01/2026"
"08/09/2025","RSV cases","Total","115","Number","10/01/2026"
"08/16/2025","RSV cases","Total","100","Number","10/01/2026"
"08/23/2025","RSV cases","Total","104","Number","10/01/2026"
"08/30/2025","RSV cases","Total","124","Number","10/01/2026"
"09/06/2025","RSV cases","Total","122","Number","10/01/2026"
"09/13/2025","RSV cases","Total","142","Number","10/01/2026"
"09/20/2025","RSV cases","Total","203","Number","10/01/2026"
"09/27/2025","RSV cases","Total","219","Number","10/01/2026"
"10/04/2025","RSV cases","Total","273","Number","10/01/2026"
"10/11/2025","RSV cases","Total","240","Number","10/01/2026"
"10/18/2025","RSV cases","Total","242","Number","10/01/2026"
"10/25/2025","RSV cases","Total","322","Number","10/01/2026"
"11/01/2025","RSV cases","Total","379","Number","10/01/2026"
"11/08/2025","RSV cases","Total","593","Number","10/01/2026"
"11/15/2025","RSV cases","Total","699","Number","10/01/2026"
"11/22/2025","RSV cases","Total","1097","Number","10/01/2026"
"11/29/2025","RSV cases","Total","1291","Number","10/01/2026"
"12/06/2025","RSV cases","Total","1772","Number","10/01/2026"
"12/13/2025","RSV cases","Total","2067","Number","10/01/2026"
"12/20/2025","RSV cases","Total","2582","Number","10/01/2026"
"12/27/2025","RSV cases","Total","2250","Number","10/01/2026"
"01/03/2026","RSV cases","Total","2345","Number","10/01/2026"
"01/10/2026","RSV cases","Total","2334","Number","10/01/2026"
"01/17/2026","RSV cases","Total","2341","Number","10/01/2026"
"01/24/2026","RSV cases","Total","2286","Number","10/01/2026"
"01/31/2026","RSV cases","Total","2066","Number","10/01/2026"
"02/07/2026","RSV cases","Total","2205","Number","10/01/2026"
"02/14/2026","RSV cases","Total","2337","Number","10/01/2026"
"02/21/2026","RSV cases","Total","2284","Number","10/01/2026"
"02/28/2026","RSV cases","Total","1786","Number","10/01/2026"
"03/07/2026","RSV cases","Total","1662","Number","10/01/2026"
"03/14/2026","RSV cases","Total","1575","Number","10/01/2026"
"03/21/2026","RSV cases","Total","1374","Number","10/01/2026"
"03/28/2026","RSV cases","Total","1063","Number","10/01/2026"
"04/04/2026","RSV cases","Total","831","Number","10/01/2026"
"04/11/2026","RSV cases","Total","632","Number","10/01/2026"
"04/18/2026","RSV cases","Total","460","Number","10/01/2026"
"04/25/2026","RSV cases","Total","330","Number","10/01/2026"
"05/02/2026","RSV cases","Total","226","Number","10/01/2026"
"05/09/2026","RSV cases","Total","168","Number","10/01/2026"
"05/16/2026","RSV cases","Total","152","Number","10/01/2026"
"05/23/2026","RSV cases","Total","105","Number","10/01/2026"
"05/30/2026","RSV cases","Total","85","Number","10/01/2026"
"06/06/2026","RSV cases","Total","60","Number","10/01/2026"
"06/13/2026","RSV cases","Total","61","Number","10/01/2026"
"06/20/2026","RSV cases","Total","54","Number","10/01/2026"
"06/27/2026","RSV cases","Total","53","Number","10/01/2026"
"07/04/2026","RSV cases","Total","57","Number","10/01/2026"
"07/11/2026","RSV cases","Total","68","Number","10/01/2026"
"07/18/2026","RSV cases","Total","79","Number","10/01/2026"
"07/25/2026","RSV cases","Total","87","Number","10/01/2026"
"08/01/2026","RSV cases","Total","106","Number","10/01/2026"
"08/08/2026","RSV cases","Total","93","Number","10/01/2026"
"08/15/2026","RSV cases","Total","152","Number","10/01/2026"
"08/22/2026","RSV cases","Total","140","Number","10/01/2026"
"08/29/2026","RSV cases","Total","151","Number","10/01/2026"
"09/05/2026","RSV cases","Total","174","Number","10/01/2026"
"09/12/2026","RSV cases","Total","183","Number","10/01/2026"
"09/19/2026","RSV cases","Total","294","Number","10/01/2026"
"09/26/2026","RSV cases","Total","418","Number","10/01/2026"
"07/11/2026","RSV cases by age group","0-4","48","Number","10/01/2026"
"07/18/2026","RSV cases by age group","0-4","59","Number","10/01/2026"
"07/25/2026","RSV cases by age group","0-4","67","Number","10/01/2026"
"08/01/2026","RSV cases by age group","0-4","80","Number","10/01/2026"
"08/08/2026","RSV cases by age group","0-4","65","Number","10/01/2026"
"08/15/2026","RSV cases by age group","0-4","105","Number","10/01/2026"
"08/22/2026","RSV cases by age group","0-4","108","Number","10/01/2026"
"08/29/2026","RSV cases by age group","0-4","119","Number","10/01/2026"
"09/05/2026","RSV cases by age group","0-4","138","Number","10/01/2026"
"09/12/2026","RSV cases by age group","0-4","136","Number","10/01/2026"
"09/19/2026","RSV cases by age group","0-4","245","Number","10/01/2026"
"09/26/2026","RSV cases by age group","0-4","331","Number","10/01/2026"
"07/11/2026","RSV cases by age group","5-17","6","Number","10/01/2026"
"07/18/2026","RSV cases by age group","5-17","6","Number","10/01/2026"
"07/25/2026","RSV cases by age group","5-17","5","Number","10/01/2026"
"08/01/2026","RSV cases by age group","5-17","8","Number","10/01/2026"
"08/08/2026","RSV cases by age group","5-17","5","Number","10/01/2026"
"08/15/2026","RSV cases by age group","5-17","15","Number","10/01/2026"
"08/22/2026","RSV cases by age group","5-17","7","Number","10/01/2026"
"08/29/2026","RSV cases by age group","5-17","11","Number","10/01/2026"
"09/05/2026","RSV cases by age group","5-17","17","Number","10/01/2026"
"09/12/2026","RSV cases by age group","5-17","18","Number","10/01/2026"
"09/19/2026","RSV cases by age group","5-17","14","Number","10/01/2026"
"09/26/2026","RSV cases by age group","5-17","38","Number","10/01/2026"
"07/11/2026","RSV cases by age group","18-64","8","Number","10/01/2026"
"07/18/2026","RSV cases by age group","18-64","9","Number","10/01/2026"
"07/25/2026","RSV cases by age group","18-64","8","Number","10/01/2026"
"08/01/2026","RSV cases by age group","18-64","13","Number","10/01/2026"
"08/08/2026","RSV cases by age group","18-64","15","Number","10/01/2026"
"08/15/2026","RSV cases by age group","18-64","23","Number","10/01/2026"
"08/22/2026","RSV cases by age group","18-64","16","Number","10/01/2026"
"08/29/2026","RSV cases by age group","18-64","12","Number","10/01/2026"
"09/05/2026","RSV cases by age group","18-64","16","Number","10/01/2026"
"09/12/2026","RSV cases by age group","18-64","18","Number","10/01/2026"
"09/19/2026","RSV cases by age group","18-64","24","Number","10/01/2026"
"09/26/2026","RSV cases by age group","18-64","37","Number","10/01/2026"
"07/11/2026","RSV cases by age group","65+","6","Number","10/01/2026"
"07/18/2026","RSV cases by age group","65+","5","Number","10/01/2026"
"07/25/2026","RSV cases by age group","65+","7","Number","10/01/2026"
"08/01/2026","RSV cases by age group","65+","5","Number","10/01/2026"
"08/08/2026","RSV cases by age group","65+","8","Number","10/01/2026"
"08/15/2026","RSV cases by age group","65+","9","Number","10/01/2026"
"08/22/2026","RSV cases by age group","65+","9","Number","10/01/2026"
"08/29/2026","RSV cases by age group","65+","9","Number","10/01/2026"
"09/05/2026","RSV cases by age group","65+","3","Number","10/01/2026"
"09/12/2026","RSV cases by age group","65+","11","Number","10/01/2026"
"09/19/2026","RSV cases by age group","65+","11","Number","10/01/2026"
"09/26/2026","RSV cases by age group","65+","12","Number","10/01/2026"
"07/11/2026","RSV cases by borough","Bronx","17","Number","10/01/2026"
"07/18/2026","RSV cases by borough","Bronx","27","Number","10/01/2026"
"07/25/2026","RSV cases by borough","Bronx","25","Number","10/01/2026"
"08/01/2026","RSV cases by borough","Bronx","29","Number","10/01/2026"
"08/08/2026","RSV cases by borough","Bronx","30","Number","10/01/2026"
"08/15/2026","RSV cases by borough","Bronx","36","Number","10/01/2026"
"08/22/2026","RSV cases by borough","Bronx","33","Number","10/01/2026"
"08/29/2026","RSV cases by borough","Bronx","44","Number","10/01/2026"
"09/05/2026","RSV cases by borough","Bronx","52","Number","10/01/2026"
"09/12/2026","RSV cases by borough","Bronx","72","Number","10/01/2026"
"09/19/2026","RSV cases by borough","Bronx","103","Number","10/01/2026"
"09/26/2026","RSV cases by borough","Bronx","145","Number","10/01/2026"
"07/11/2026","RSV cases by borough","Brooklyn","56","Number","10/01/2026"
"07/18/2026","RSV cases by borough","Brooklyn","107","Number","10/01/2026"
"07/25/2026","RSV cases by borough","Brooklyn","81","Number","10/01/2026"
"08/01/2026","RSV cases by borough","Brooklyn","76","Number","10/01/2026"
"08/08/2026","RSV cases by borough","Brooklyn","80","Number","10/01/2026"
"08/15/2026","RSV cases by borough","Brooklyn","88","Number","10/01/2026"
"08/22/2026","RSV cases by borough","Brooklyn","119","Number","10/01/2026"
"08/29/2026","RSV cases by borough","Brooklyn","109","Number","10/01/2026"
"09/05/2026","RSV cases by borough","Brooklyn","118","Number","10/01/2026"
"09/12/2026","RSV cases by borough","Brooklyn","143","Number","10/01/2026"
"09/19/2026","RSV cases by borough","Brooklyn","175","Number","10/01/2026"
"09/26/2026","RSV cases by borough","Brooklyn","203","Number","10/01/2026"
"07/11/2026","RSV cases by borough","Manhattan","21","Number","10/01/2026"
"07/18/2026","RSV cases by borough","Manhattan","34","Number","10/01/2026"
"07/25/2026","RSV cases by borough","Manhattan","44","Number","10/01/2026"
"08/01/2026","RSV cases by borough","Manhattan","52","Number","10/01/2026"
"08/08/2026","RSV cases by borough","Manhattan","52","Number","10/01/2026"
"08/15/2026","RSV cases by borough","Manhattan","65","Number","10/01/2026"
"08/22/2026","RSV cases by borough","Manhattan","58","Number","10/01/2026"
"08/29/2026","RSV cases by borough","Manhattan","93","Number","10/01/2026"
"09/05/2026","RSV cases by borough","Manhattan","98","Number","10/01/2026"
"09/12/2026","RSV cases by borough","Manhattan","122","Number","10/01/2026"
"09/19/2026","RSV cases by borough","Manhattan","149","Number","10/01/2026"
"09/26/2026","RSV cases by borough","Manhattan","192","Number","10/01/2026"
"07/11/2026","RSV cases by borough","Queens","22","Number","10/01/2026"
"07/18/2026","RSV cases by borough","Queens","44","Number","10/01/2026"
"07/25/2026","RSV cases by borough","Queens","50","Number","10/01/2026"
"08/01/2026","RSV cases by borough","Queens","50","Number","10/01/2026"
"08/08/2026","RSV cases by borough","Queens","46","Number","10/01/2026"
"08/15/2026","RSV cases by borough","Queens","62","Number","10/01/2026"
"08/22/2026","RSV cases by borough","Queens","64","Number","10/01/2026"
"08/29/2026","RSV cases by borough","Queens","61","Number","10/01/2026"
"09/05/2026","RSV cases by borough","Queens","87","Number","10/01/2026"
"09/12/2026","RSV cases by borough","Queens","98","Number","10/01/2026"
"09/19/2026","RSV cases by borough","Queens","181","Number","10/01/2026"
"09/26/2026","RSV cases by borough","Queens","243","Number","10/01/2026"
"07/11/2026","RSV cases by borough","Staten Island","7","Number","10/01/2026"
"07/18/2026","RSV cases by borough","Staten Island","7","Number","10/01/2026"
"07/25/2026","RSV cases by borough","Staten Island","6","Number","10/01/2026"
"08/01/2026","RSV cases by borough","Staten Island","21","Number","10/01/2026"
"08/08/2026","RSV cases by borough","Staten Island","8","Number","10/01/2026"
"08/15/2026","RSV cases by borough","Staten Island","15","Number","10/01/2026"
"08/22/2026","RSV cases by borough","Staten Island","15","Number","10/01/2026"
"08/29/2026","RSV cases by borough","Staten Island","11","Number","10/01/2026"
"09/05/2026","RSV cases by borough","Staten Island","17","Number","10/01/2026"
"09/12/2026","RSV cases by borough","Staten Island","24","Number","10/01/2026"
"09/19/2026","RSV cases by borough","Staten Island","43","Number","10/01/2026"
"09/26/2026","RSV cases by borough","Staten Island","50","Number","10/01/2026"
"09/26/2026","COVID-19 case rate per 100,000 by neighborhood","101","64.54","Rate","10/01/2026"
"09/26/2026","COVID-19 case rate per 100,000 by neighborhood","102","43.15","Rate","10/01/2026"
"09/26/2026","COVID-19 case rate per 100,000 by neighborhood","103","43.97","Rate","10/01/2026"
"09/26/2026","COVID-19 case rate per 100,000 by neighborhood","104","49.05","Rate","10/01/2026"
"09/26/2026","COVID-19 case rate per 100,000 by neighborhood","105/106/107","40.54","Rate","10/01/2026"
"09/26/2026","COVID-19 case rate per 100,000 by neighborhood","201","24.73","Rate","10/01/2026"
"09/26/2026","COVID-19 case rate per 100,000 by neighborhood","202","24.02","Rate","10/01/2026"
"09/26/2026","COVID-19 case rate per 100,000 by neighborhood","203","32.63","Rate","10/01/2026"
"09/26/2026","COVID-19 case rate per 100,000 by neighborhood","204","31.15","Rate","10/01/2026"
"09/26/2026","COVID-19 case rate per 100,000 by neighborhood","205","32.8","Rate","10/01/2026"
"09/26/2026","COVID-19 case rate per 100,000 by neighborhood","206","26.99","Rate","10/01/2026"
"09/26/2026","COVID-19 case rate per 100,000 by neighborhood","207","26.46","Rate","10/01/2026"
"09/26/2026","COVID-19 case rate per 100,000 by neighborhood","208","","Rate","10/01/2026"
"09/26/2026","COVID-19 case rate per 100,000 by neighborhood","209","33.3","Rate","10/01/2026"
"09/26/2026","COVID-19 case rate per 100,000 by neighborhood","210","36.52","Rate","10/01/2026"
"09/26/2026","COVID-19 case rate per 100,000 by neighborhood","211","26.99","Rate","10/01/2026"
"09/26/2026","COVID-19 case rate per 100,000 by neighborhood","301","30.43","Rate","10/01/2026"
"09/26/2026","COVID-19 case rate per 100,000 by neighborhood","302","35.26","Rate","10/01/2026"
"09/26/2026","COVID-19 case rate per 100,000 by neighborhood","303","57.99","Rate","10/01/2026"
"09/26/2026","COVID-19 case rate per 100,000 by neighborhood","304","33.33","Rate","10/01/2026"
"09/26/2026","COVID-19 case rate per 100,000 by neighborhood","305/307","34.96","Rate","10/01/2026"
"09/26/2026","COVID-19 case rate per 100,000 by neighborhood","306/308","37.49","Rate","10/01/2026"
"09/26/2026","COVID-19 case rate per 100,000 by neighborhood","309/310","27.15","Rate","10/01/2026"
"09/26/2026","COVID-19 case rate per 100,000 by neighborhood","401","33.35","Rate","10/01/2026"
"09/26/2026","COVID-19 case rate per 100,000 by neighborhood","402","38.53","Rate","10/01/2026"
"09/26/2026","COVID-19 case rate per 100,000 by neighborhood","403","35.29","Rate","10/01/2026"
"09/26/2026","COVID-19 case rate per 100,000 by neighborhood","404/406","29.29","Rate","10/01/2026"
"09/26/2026","COVID-19 case rate per 100,000 by neighborhood","405","22.88","Rate","10/01/2026"
"09/26/2026","COVID-19 case rate per 100,000 by neighborhood","407","34.63","Rate","10/01/2026"
"09/26/2026","COVID-19 case rate per 100,000 by neighborhood","408","26.92","Rate","10/01/2026"
"09/26/2026","COVID-19 case rate per 100,000 by neighborhood","409","29.1","Rate","10/01/2026"
"09/26/2026","COVID-19 case rate per 100,000 by neighborhood","410","28.98","Rate","10/01/2026"
"09/26/2026","COVID-19 case rate per 100,000 by neighborhood","501/502","36.54","Rate","10/01/2026"
"09/26/2026","COVID-19 case rate per 100,000 by neighborhood","503/504","27.71","Rate","10/01/2026"
"09/26/2026","Flu case rate per 100,000 by neighborhood","101","","Rate","10/01/2026"
"09/26/2026","Flu case rate per 100,000 by neighborhood","102","10.57","Rate","10/01/2026"
"09/26/2026","Flu case rate per 100,000 by neighborhood","103","10.91","Rate","10/01/2026"
"09/26/2026","Flu case rate per 100,000 by neighborhood","104","13","Rate","10/01/2026"
"09/26/2026","Flu case rate per 100,000 by neighborhood","105/106/107","10.5","Rate","10/01/2026"
"09/26/2026","Flu case rate per 100,000 by neighborhood","201","14.91","Rate","10/01/2026"
"09/26/2026","Flu case rate per 100,000 by neighborhood","202","13.99","Rate","10/01/2026"
"09/26/2026","Flu case rate per 100,000 by neighborhood","203","5.5","Rate","10/01/2026"
"09/26/2026","Flu case rate per 100,000 by neighborhood","204","4.07","Rate","10/01/2026"
"09/26/2026","Flu case rate per 100,000 by neighborhood","205","5.55","Rate","10/01/2026"
"09/26/2026","Flu case rate per 100,000 by neighborhood","206","10.62","Rate","10/01/2026"
"09/26/2026","Flu case rate per 100,000 by neighborhood","207","4.25","Rate","10/01/2026"
"09/26/2026","Flu case rate per 100,000 by neighborhood","208","5.34","Rate","10/01/2026"
"09/26/2026","Flu case rate per 100,000 by neighborhood","209","5.46","Rate","10/01/2026"
"09/26/2026","Flu case rate per 100,000 by neighborhood","210","9.29","Rate","10/01/2026"
"09/26/2026","Flu case rate per 100,000 by neighborhood","211","7.3","Rate","10/01/2026"
"09/26/2026","Flu case rate per 100,000 by neighborhood","301","10.42","Rate","10/01/2026"
"09/26/2026","Flu case rate per 100,000 by neighborhood","302","10.45","Rate","10/01/2026"
"09/26/2026","Flu case rate per 100,000 by neighborhood","303","9.12","Rate","10/01/2026"
"09/26/2026","Flu case rate per 100,000 by neighborhood","304","8.37","Rate","10/01/2026"
"09/26/2026","Flu case rate per 100,000 by neighborhood","305/307","14.38","Rate","10/01/2026"
"09/26/2026","Flu case rate per 100,000 by neighborhood","306/308","14.54","Rate","10/01/2026"
"09/26/2026","Flu case rate per 100,000 by neighborhood","309/310","14.5","Rate","10/01/2026"
"09/26/2026","Flu case rate per 100,000 by neighborhood","401","21.34","Rate","10/01/2026"
"09/26/2026","Flu case rate per 100,000 by neighborhood","402","9.82","Rate","10/01/2026"
"09/26/2026","Flu case rate per 100,000 by neighborhood","403","8","Rate","10/01/2026"
"09/26/2026","Flu case rate per 100,000 by neighborhood","404/406","13.92","Rate","10/01/2026"
"09/26/2026","Flu case rate per 100,000 by neighborhood","405","11.31","Rate","10/01/2026"
"09/26/2026","Flu case rate per 100,000 by neighborhood","407","8.91","Rate","10/01/2026"
"09/26/2026","Flu case rate per 100,000 by neighborhood","408","12.93","Rate","10/01/2026"
"09/26/2026","Flu case rate per 100,000 by neighborhood","409","8.11","Rate","10/01/2026"
"09/26/2026","Flu case rate per 100,000 by neighborhood","410","7.17","Rate","10/01/2026"
"09/26/2026","Flu case rate per 100,000 by neighborhood","501/502","7.92","Rate","10/01/2026"
"09/26/2026","Flu case rate per 100,000 by neighborhood","503/504","12.62","Rate","10/01/2026"
"09/26/2026","RSV case rate per 100,000 by neighborhood","101","","Rate","10/01/2026"
"09/26/2026","RSV case rate per 100,000 by neighborhood","102","","Rate","10/01/2026"
"09/26/2026","RSV case rate per 100,000 by neighborhood","103","","Rate","10/01/2026"
"09/26/2026","RSV case rate per 100,000 by neighborhood","104","3.42","Rate","10/01/2026"
"09/26/2026","RSV case rate per 100,000 by neighborhood","105/106/107","0.88","Rate","10/01/2026"
"09/26/2026","RSV case rate per 100,000 by neighborhood","201","30.19","Rate","10/01/2026"
"09/26/2026","RSV case rate per 100,000 by neighborhood","202","10.76","Rate","10/01/2026"
"09/26/2026","RSV case rate per 100,000 by neighborhood","203","2.99","Rate","10/01/2026"
"09/26/2026","RSV case rate per 100,000 by neighborhood","204","","Rate","10/01/2026"
"09/26/2026","RSV case rate per 100,000 by neighborhood","205","","Rate","10/01/2026"
"09/26/2026","RSV case rate per 100,000 by neighborhood","206","51.71","Rate","10/01/2026"
"09/26/2026","RSV case rate per 100,000 by neighborhood","207","3.51","Rate","10/01/2026"
"09/26/2026","RSV case rate per 100,000 by neighborhood","208","","Rate","10/01/2026"
"09/26/2026","RSV case rate per 100,000 by neighborhood","209","3.34","Rate","10/01/2026"
"09/26/2026","RSV case rate per 100,000 by neighborhood","210","4.2","Rate","10/01/2026"
"09/26/2026","RSV case rate per 100,000 by neighborhood","211","18.1","Rate","10/01/2026"
"09/26/2026","RSV case rate per 100,000 by neighborhood","301","","Rate","10/01/2026"
"09/26/2026","RSV case rate per 100,000 by neighborhood","302","","Rate","10/01/2026"
"09/26/2026","RSV case rate per 100,000 by neighborhood","303","","Rate","10/01/2026"
"09/26/2026","RSV case rate per 100,000 by neighborhood","304","","Rate","10/01/2026"
"09/26/2026","RSV case rate per 100,000 by neighborhood","305/307","2.85","Rate","10/01/2026"
"09/26/2026","RSV case rate per 100,000 by neighborhood","306/308","","Rate","10/01/2026"
"09/26/2026","RSV case rate per 100,000 by neighborhood","309/310","","Rate","10/01/2026"
"09/26/2026","RSV case rate per 100,000 by neighborhood","401","","Rate","10/01/2026"
"09/26/2026","RSV case rate per 100,000 by neighborhood","402","","Rate","10/01/2026"
"09/26/2026","RSV case rate per 100,000 by neighborhood","403","","Rate","10/01/2026"
"09/26/2026","RSV case rate per 100,000 by neighborhood","404/406","","Rate","10/01/2026"
"09/26/2026","RSV case rate per 100,000 by neighborhood","405","","Rate","10/01/2026"
"09/26/2026","RSV case rate per 100,000 by neighborhood","407","","Rate","10/01/2026"
"09/26/2026","RSV case rate per 100,000 by neighborhood","408","","Rate","10/01/2026"
"09/26/2026","RSV case rate per 100,000 by neighborhood","409","","Rate","10/01/2026"
"09/26/2026","RSV case rate per 100,000 by neighborhood","410","","Rate","10/01/2026"
"09/26/2026","RSV case rate per 100,000 by neighborhood","501/502","","Rate","10/01/2026"
"09/26/2026","RSV case rate per 100,000 by neighborhood","503/504","8.62","Rate","10/01/2026"
"09/07/2024","COVID-19 deaths","Total","21","Number","10/01/2026"
"09/14/2024","COVID-19 deaths","Total","14","Number","10/01/2026"
"09/21/2024","COVID-19 deaths","Total","15","Number","10/01/2026"
"09/28/2024","COVID-19 deaths","Total","6","Number","10/01/2026"
"10/05/2024","COVID-19 deaths","Total","10","Number","10/01/2026"
"10/12/2024","COVID-19 deaths","Total","9","Number","10/01/2026"
"10/19/2024","COVID-19 deaths","Total","8","Number","10/01/2026"
"10/26/2024","COVID-19 deaths","Total","8","Number","10/01/2026"
"11/02/2024","COVID-19 deaths","Total","7","Number","10/01/2026"
"11/09/2024","COVID-19 deaths","Total","5","Number","10/01/2026"
"11/16/2024","COVID-19 deaths","Total","6","Number","10/01/2026"
"11/23/2024","COVID-19 deaths","Total","5","Number","10/01/2026"
"11/30/2024","COVID-19 deaths","Total","","Number","10/01/2026"
"12/07/2024","COVID-19 deaths","Total","","Number","10/01/2026"
"12/14/2024","COVID-19 deaths","Total","8","Number","10/01/2026"
"12/21/2024","COVID-19 deaths","Total","7","Number","10/01/2026"
"12/28/2024","COVID-19 deaths","Total","5","Number","10/01/2026"
"01/04/2025","COVID-19 deaths","Total","15","Number","10/01/2026"
"01/11/2025","COVID-19 deaths","Total","14","Number","10/01/2026"
"01/18/2025","COVID-19 deaths","Total","18","Number","10/01/2026"
"01/25/2025","COVID-19 deaths","Total","13","Number","10/01/2026"
"02/01/2025","COVID-19 deaths","Total","14","Number","10/01/2026"
"02/08/2025","COVID-19 deaths","Total","20","Number","10/01/2026"
"02/15/2025","COVID-19 deaths","Total","16","Number","10/01/2026"
"02/22/2025","COVID-19 deaths","Total","17","Number","10/01/2026"
"03/01/2025","COVID-19 deaths","Total","19","Number","10/01/2026"
"03/08/2025","COVID-19 deaths","Total","16","Number","10/01/2026"
"03/15/2025","COVID-19 deaths","Total","12","Number","10/01/2026"
"03/22/2025","COVID-19 deaths","Total","14","Number","10/01/2026"
"03/29/2025","COVID-19 deaths","Total","13","Number","10/01/2026"
"04/05/2025","COVID-19 deaths","Total","17","Number","10/01/2026"
"04/12/2025","COVID-19 deaths","Total","14","Number","10/01/2026"
"04/19/2025","COVID-19 deaths","Total","18","Number","10/01/2026"
"04/26/2025","COVID-19 deaths","Total","11","Number","10/01/2026"
"05/03/2025","COVID-19 deaths","Total","14","Number","10/01/2026"
"05/10/2025","COVID-19 deaths","Total","11","Number","10/01/2026"
"05/17/2025","COVID-19 deaths","Total","10","Number","10/01/2026"
"05/24/2025","COVID-19 deaths","Total","","Number","10/01/2026"
"05/31/2025","COVID-19 deaths","Total","7","Number","10/01/2026"
"06/07/2025","COVID-19 deaths","Total","5","Number","10/01/2026"
"06/14/2025","COVID-19 deaths","Total","7","Number","10/01/2026"
"06/21/2025","COVID-19 deaths","Total","7","Number","10/01/2026"
"06/28/2025","COVID-19 deaths","Total","5","Number","10/01/2026"
"07/05/2025","COVID-19 deaths","Total","8","Number","10/01/2026"
"07/12/2025","COVID-19 deaths","Total","","Number","10/01/2026"
"07/19/2025","COVID-19 deaths","Total","7","Number","10/01/2026"
"07/26/2025","COVID-19 deaths","Total","","Number","10/01/2026"
"08/02/2025","COVID-19 deaths","Total","7","Number","10/01/2026"
"08/09/2025","COVID-19 deaths","Total","6","Number","10/01/2026"
"08/16/2025","COVID-19 deaths","Total","9","Number","10/01/2026"
"08/23/2025","COVID-19 deaths","Total","8","Number","10/01/2026"
"08/30/2025","COVID-19 deaths","Total","6","Number","10/01/2026"
"09/06/2025","COVID-19 deaths","Total","9","Number","10/01/2026"
"09/13/2025","COVID-19 deaths","Total","11","Number","10/01/2026"
"09/20/2025","COVID-19 deaths","Total","","Number","10/01/2026"
"09/27/2025","COVID-19 deaths","Total","11","Number","10/01/2026"
"10/04/2025","COVID-19 deaths","Total","10","Number","10/01/2026"
"10/11/2025","COVID-19 deaths","Total","","Number","10/01/2026"
"10/18/2025","COVID-19 deaths","Total","10","Number","10/01/2026"
"10/25/2025","COVID-19 deaths","Total","6","Number","10/01/2026"
"11/01/2025","COVID-19 deaths","Total","9","Number","10/01/2026"
"11/08/2025","COVID-19 deaths","Total","6","Number","10/01/2026"
"11/15/2025","COVID-19 deaths","Total","","Number","10/01/2026"
"11/22/2025","COVID-19 deaths","Total","5","Number","10/01/2026"
"11/29/2025","COVID-19 deaths","Total","","Number","10/01/2026"
"12/06/2025","COVID-19 deaths","Total","","Number","10/01/2026"
"12/13/2025","COVID-19 deaths","Total","5","Number","10/01/2026"
"12/20/2025","COVID-19 deaths","Total","8","Number","10/01/2026"
"12/27/2025","COVID-19 deaths","Total","7","Number","10/01/2026"
"01/03/2026","COVID-19 deaths","Total","10","Number","10/01/2026"
"01/10/2026","COVID-19 deaths","Total","8","Number","10/01/2026"
"01/17/2026","COVID-19 deaths","Total","10","Number","10/01/2026"
"01/24/2026","COVID-19 deaths","Total","8","Number","10/01/2026"
"01/31/2026","COVID-19 deaths","Total","11","Number","10/01/2026"
"02/07/2026","COVID-19 deaths","Total","5","Number","10/01/2026"
"02/14/2026","COVID-19 deaths","Total","","Number","10/01/2026"
"02/21/2026","COVID-19 deaths","Total","0","Number","10/01/2026"
"02/28/2026","COVID-19 deaths","Total","","Number","10/01/2026"
"03/07/2026","COVID-19 deaths","Total","7","Number","10/01/2026"
"03/14/2026","COVID-19 deaths","Total","","Number","10/01/2026"
"03/21/2026","COVID-19 deaths","Total","","Number","10/01/2026"
"03/28/2026","COVID-19 deaths","Total","7","Number","10/01/2026"
"04/04/2026","COVID-19 deaths","Total","","Number","10/01/2026"
"04/11/2026","COVID-19 deaths","Total","","Number","10/01/2026"
"04/18/2026","COVID-19 deaths","Total","6","Number","10/01/2026"
"04/25/2026","COVID-19 deaths","Total","","Number","10/01/2026"
"05/02/2026","COVID-19 deaths","Total","5","Number","10/01/2026"
"05/09/2026","COVID-19 deaths","Total","","Number","10/01/2026"
"05/16/2026","COVID-19 deaths","Total","","Number","10/01/2026"
"05/23/2026","COVID-19 deaths","Total","","Number","10/01/2026"
"05/30/2026","COVID-19 deaths","Total","","Number","10/01/2026"
"06/06/2026","COVID-19 deaths","Total","0","Number","10/01/2026"
"06/13/2026","COVID-19 deaths","Total","","Number","10/01/2026"
"06/20/2026","COVID-19 deaths","Total","","Number","10/01/2026"
"06/27/2026","COVID-19 deaths","Total","","Number","10/01/2026"
"07/04/2026","COVID-19 deaths","Total","","Number","10/01/2026"
"07/11/2026","COVID-19 deaths","Total","","Number","10/01/2026"
"07/18/2026","COVID-19 deaths","Total","","Number","10/01/2026"
"07/25/2026","COVID-19 deaths","Total","0","Number","10/01/2026"
"08/01/2026","COVID-19 deaths","Total","0","Number","10/01/2026"
"08/08/2026","COVID-19 deaths","Total","","Number","10/01/2026"
"08/15/2026","COVID-19 deaths","Total","","Number","10/01/2026"
"08/22/2026","COVID-19 deaths","Total","","Number","10/01/2026"
"08/29/2026","COVID-19 deaths","Total","","Number","10/01/2026"
"09/05/2026","COVID-19 deaths","Total","","Number","10/01/2026"
"09/12/2026","COVID-19 deaths","Total","","Number","10/01/2026"
"09/19/2026","COVID-19 deaths","Total","","Number","10/01/2026"
"09/26/2026","COVID-19 deaths","Total","6","Number","10/01/2026"
"09/26/2026","COVID-19-associated pediatric deaths","Seasonal 2025-2026","<5","Number","10/01/2026"
"09/26/2026","Influenza-associated pediatric deaths","Seasonal 2025-2026","9","Number","10/01/2026"
"09/26/2026","RSV-associated pediatric deaths","Seasonal 2025-2026","6","Number","10/01/2026"
"10/04/2025","SARS-CoV-2 viral load","Citywide average","23673579","Number","10/01/2026"
"10/11/2025","SARS-CoV-2 viral load","Citywide average","14960383","Number","10/01/2026"
"10/18/2025","SARS-CoV-2 viral load","Citywide average","20276110","Number","10/01/2026"
"10/25/2025","SARS-CoV-2 viral load","Citywide average","8375029","Number","10/01/2026"
"11/01/2025","SARS-CoV-2 viral load","Citywide average","6785698","Number","10/01/2026"
"11/08/2025","SARS-CoV-2 viral load","Citywide average","4204285","Number","10/01/2026"
"11/15/2025","SARS-CoV-2 viral load","Citywide average","3899146","Number","10/01/2026"
"11/22/2025","SARS-CoV-2 viral load","Citywide average","8903158","Number","10/01/2026"
"11/29/2025","SARS-CoV-2 viral load","Citywide average","4657496","Number","10/01/2026"
"12/06/2025","SARS-CoV-2 viral load","Citywide average","4351832","Number","10/01/2026"
"12/13/2025","SARS-CoV-2 viral load","Citywide average","4743288","Number","10/01/2026"
"12/20/2025","SARS-CoV-2 viral load","Citywide average","5501484","Number","10/01/2026"
"12/27/2025","SARS-CoV-2 viral load","Citywide average","7553885","Number","10/01/2026"
"01/03/2026","SARS-CoV-2 viral load","Citywide average","4509341","Number","10/01/2026"
"01/10/2026","SARS-CoV-2 viral load","Citywide average","5942780","Number","10/01/2026"
"01/17/2026","SARS-CoV-2 viral load","Citywide average","11782505","Number","10/01/2026"
"01/24/2026","SARS-CoV-2 viral load","Citywide average","6095745","Number","10/01/2026"
"01/31/2026","SARS-CoV-2 viral load","Citywide average","7426776","Number","10/01/2026"
"02/07/2026","SARS-CoV-2 viral load","Citywide average","5778145","Number","10/01/2026"
"02/14/2026","SARS-CoV-2 viral load","Citywide average","8749356","Number","10/01/2026"
"02/21/2026","SARS-CoV-2 viral load","Citywide average","9249389","Number","10/01/2026"
"02/28/2026","SARS-CoV-2 viral load","Citywide average","10671950","Number","10/01/2026"
"03/07/2026","SARS-CoV-2 viral load","Citywide average","8744360","Number","10/01/2026"
"03/14/2026","SARS-CoV-2 viral load","Citywide average","8083405","Number","10/01/2026"
"03/21/2026","SARS-CoV-2 viral load","Citywide average","14368543","Number","10/01/2026"
"03/28/2026","SARS-CoV-2 viral load","Citywide average","6903853","Number","10/01/2026"
"04/04/2026","SARS-CoV-2 viral load","Citywide average","7978443","Number","10/01/2026"
"04/11/2026","SARS-CoV-2 viral load","Citywide average","7486073","Number","10/01/2026"
"04/18/2026","SARS-CoV-2 viral load","Citywide average","7200454","Number","10/01/2026"
"04/25/2026","SARS-CoV-2 viral load","Citywide average","4658205","Number","10/01/2026"
"05/02/2026","SARS-CoV-2 viral load","Citywide average","3787387","Number","10/01/2026"
"05/09/2026","SARS-CoV-2 viral load","Citywide average","6275892","Number","10/01/2026"
"05/16/2026","SARS-CoV-2 viral load","Citywide average","4343609","Number","10/01/2026"
"05/23/2026","SARS-CoV-2 viral load","Citywide average","3488437","Number","10/01/2026"
"05/30/2026","SARS-CoV-2 viral load","Citywide average","3839839","Number","10/01/2026"
"06/06/2026","SARS-CoV-2 viral load","Citywide average","7811183","Number","10/01/2026"
"06/13/2026","SARS-CoV-2 viral load","Citywide average","3697636","Number","10/01/2026"
"06/20/2026","SARS-CoV-2 viral load","Citywide average","5173215","Number","10/01/2026"
"06/27/2026","SARS-CoV-2 viral load","Citywide average","2535964","Number","10/01/2026"
"07/04/2026","SARS-CoV-2 viral load","Citywide average","3244639","Number","10/01/2026"
"07/11/2026","SARS-CoV-2 viral load","Citywide average","","Number","10/01/2026"
"07/18/2026","SARS-CoV-2 viral load","Citywide average","5074122","Number","10/01/2026"
"07/25/2026","SARS-CoV-2 viral load","Citywide average","9493977","Number","10/01/2026"
"08/01/2026","SARS-CoV-2 viral load","Citywide average","10898569","Number","10/01/2026"
"08/08/2026","SARS-CoV-2 viral load","Citywide average","7386687","Number","10/01/2026"
"08/15/2026","SARS-CoV-2 viral load","Citywide average","16495027","Number","10/01/2026"
"08/22/2026","SARS-CoV-2 viral load","Citywide average","13686716","Number","10/01/2026"
"08/29/2026","SARS-CoV-2 viral load","Citywide average","17983336","Number","10/01/2026"
"09/05/2026","SARS-CoV-2 viral load","Citywide average","16316336","Number","10/01/2026"
"09/12/2026","SARS-CoV-2 viral load","Citywide average","33248205","Number","10/01/2026"
"09/19/2026","SARS-CoV-2 viral load","Citywide average","12231431","Number","10/01/2026"
"09/26/2026","SARS-CoV-2 viral load","Citywide average","54646661","Number","10/01/2026"
"10/04/2025","Flu A viral load","Citywide average","1446991","Number","10/01/2026"
"10/11/2025","Flu A viral load","Citywide average","1065656","Number","10/01/2026"
"10/18/2025","Flu A viral load","Citywide average","< LOD","Number","10/01/2026"
"10/25/2025","Flu A viral load","Citywide average","1521415","Number","10/01/2026"
"11/01/2025","Flu A viral load","Citywide average","840572","Number","10/01/2026"
"11/08/2025","Flu A viral load","Citywide average","1088318","Number","10/01/2026"
"11/15/2025","Flu A viral load","Citywide average","1263930","Number","10/01/2026"
"11/22/2025","Flu A viral load","Citywide average","3486676","Number","10/01/2026"
"11/29/2025","Flu A viral load","Citywide average","4555061","Number","10/01/2026"
"12/06/2025","Flu A viral load","Citywide average","5565322","Number","10/01/2026"
"12/13/2025","Flu A viral load","Citywide average","6987103","Number","10/01/2026"
"12/20/2025","Flu A viral load","Citywide average","18511495","Number","10/01/2026"
"12/27/2025","Flu A viral load","Citywide average","14581694","Number","10/01/2026"
"01/03/2026","Flu A viral load","Citywide average","10577791","Number","10/01/2026"
"01/10/2026","Flu A viral load","Citywide average","3291194","Number","10/01/2026"
"01/17/2026","Flu A viral load","Citywide average","6312545","Number","10/01/2026"
"01/24/2026","Flu A viral load","Citywide average","2195804","Number","10/01/2026"
"01/31/2026","Flu A viral load","Citywide average","2427919","Number","10/01/2026"
"02/07/2026","Flu A viral load","Citywide average","2436198","Number","10/01/2026"
"02/14/2026","Flu A viral load","Citywide average","2752658","Number","10/01/2026"
"02/21/2026","Flu A viral load","Citywide average","3283899","Number","10/01/2026"
"02/28/2026","Flu A viral load","Citywide average","7643400","Number","10/01/2026"
"03/07/2026","Flu A viral load","Citywide average","3777395","Number","10/01/2026"
"03/14/2026","Flu A viral load","Citywide average","2244235","Number","10/01/2026"
"03/21/2026","Flu A viral load","Citywide average","6452785","Number","10/01/2026"
"03/28/2026","Flu A viral load","Citywide average","7923526","Number","10/01/2026"
"04/04/2026","Flu A viral load","Citywide average","4451011","Number","10/01/2026"
"04/11/2026","Flu A viral load","Citywide average","5303520","Number","10/01/2026"
"04/18/2026","Flu A viral load","Citywide average","1241009","Number","10/01/2026"
"04/25/2026","Flu A viral load","Citywide average","745956","Number","10/01/2026"
"05/02/2026","Flu A viral load","Citywide average","2044066","Number","10/01/2026"
"05/09/2026","Flu A viral load","Citywide average","1953832","Number","10/01/2026"
"05/16/2026","Flu A viral load","Citywide average","542434","Number","10/01/2026"
"05/23/2026","Flu A viral load","Citywide average","2912968","Number","10/01/2026"
"05/30/2026","Flu A viral load","Citywide average","< LOD","Number","10/01/2026"
"06/06/2026","Flu A viral load","Citywide average","< LOD","Number","10/01/2026"
"06/13/2026","Flu A viral load","Citywide average","< LOD","Number","10/01/2026"
"06/20/2026","Flu A viral load","Citywide average","< LOD","Number","10/01/2026"
"06/27/2026","Flu A viral load","Citywide average","< LOD","Number","10/01/2026"
"07/04/2026","Flu A viral load","Citywide average","< LOD","Number","10/01/2026"
"07/11/2026","Flu A viral load","Citywide average","","Number","10/01/2026"
"07/18/2026","Flu A viral load","Citywide average","< LOD","Number","10/01/2026"
"07/25/2026","Flu A viral load","Citywide average","< LOD","Number","10/01/2026"
"08/01/2026","Flu A viral load","Citywide average","4158532","Number","10/01/2026"
"08/08/2026","Flu A viral load","Citywide average","< LOD","Number","10/01/2026"
"08/15/2026","Flu A viral load","Citywide average","< LOD","Number","10/01/2026"
"08/22/2026","Flu A viral load","Citywide average","< LOD","Number","10/01/2026"
"08/29/2026","Flu A viral load","Citywide average","< LOD","Number","10/01/2026"
"09/05/2026","Flu A viral load","Citywide average","894899","Number","10/01/2026"
"09/12/2026","Flu A viral load","Citywide average","919554","Number","10/01/2026"
"09/19/2026","Flu A viral load","Citywide average","1194816","Number","10/01/2026"
"09/26/2026","Flu A viral load","Citywide average","1497850","Number","10/01/2026"
"10/04/2025","Flu B viral load","Citywide average","< LOD","Number","10/01/2026"
"10/11/2025","Flu B viral load","Citywide average","< LOD","Number","10/01/2026"
"10/18/2025","Flu B viral load","Citywide average","< LOD","Number","10/01/2026"
"10/25/2025","Flu B viral load","Citywide average","< LOD","Number","10/01/2026"
"11/01/2025","Flu B viral load","Citywide average","< LOD","Number","10/01/2026"
"11/08/2025","Flu B viral load","Citywide average","< LOD","Number","10/01/2026"
"11/15/2025","Flu B viral load","Citywide average","< LOD","Number","10/01/2026"
"11/22/2025","Flu B viral load","Citywide average","< LOD","Number","10/01/2026"
"11/29/2025","Flu B viral load","Citywide average","1569193","Number","10/01/2026"
"12/06/2025","Flu B viral load","Citywide average","","Number","10/01/2026"
"12/13/2025","Flu B viral load","Citywide average","< LOD","Number","10/01/2026"
"12/20/2025","Flu B viral load","Citywide average","1564714","Number","10/01/2026"
"12/27/2025","Flu B viral load","Citywide average","< LOD","Number","10/01/2026"
"01/03/2026","Flu B viral load","Citywide average","3957167","Number","10/01/2026"
"01/10/2026","Flu B viral load","Citywide average","< LOD","Number","10/01/2026"
"01/17/2026","Flu B viral load","Citywide average","725964","Number","10/01/2026"
"01/24/2026","Flu B viral load","Citywide average","< LOD","Number","10/01/2026"
"01/31/2026","Flu B viral load","Citywide average","900770","Number","10/01/2026"
"02/07/2026","Flu B viral load","Citywide average","1330530","Number","10/01/2026"
"02/14/2026","Flu B viral load","Citywide average","1051262","Number","10/01/2026"
"02/21/2026","Flu B viral load","Citywide average","2107270","Number","10/01/2026"
"02/28/2026","Flu B viral load","Citywide average","2455161","Number","10/01/2026"
"03/07/2026","Flu B viral load","Citywide average","1460767","Number","10/01/2026"
"03/14/2026","Flu B viral load","Citywide average","1921703","Number","10/01/2026"
"03/21/2026","Flu B viral load","Citywide average","3275936","Number","10/01/2026"
"03/28/2026","Flu B viral load","Citywide average","2182539","Number","10/01/2026"
"04/04/2026","Flu B viral load","Citywide average","1614435","Number","10/01/2026"
"04/11/2026","Flu B viral load","Citywide average","1854130","Number","10/01/2026"
"04/18/2026","Flu B viral load","Citywide average","5434465","Number","10/01/2026"
"04/25/2026","Flu B viral load","Citywide average","1118489","Number","10/01/2026"
"05/02/2026","Flu B viral load","Citywide average","1317609","Number","10/01/2026"
"05/09/2026","Flu B viral load","Citywide average","1064870","Number","10/01/2026"
"05/16/2026","Flu B viral load","Citywide average","853226","Number","10/01/2026"
"05/23/2026","Flu B viral load","Citywide average","1290111","Number","10/01/2026"
"05/30/2026","Flu B viral load","Citywide average","< LOD","Number","10/01/2026"
"06/06/2026","Flu B viral load","Citywide average","627357","Number","10/01/2026"
"06/13/2026","Flu B viral load","Citywide average","697913","Number","10/01/2026"
"06/20/2026","Flu B viral load","Citywide average","2056547","Number","10/01/2026"
"06/27/2026","Flu B viral load","Citywide average","< LOD","Number","10/01/2026"
"07/04/2026","Flu B viral load","Citywide average","< LOD","Number","10/01/2026"
"07/11/2026","Flu B viral load","Citywide average","","Number","10/01/2026"
"07/18/2026","Flu B viral load","Citywide average","1096293","Number","10/01/2026"
"07/25/2026","Flu B viral load","Citywide average","< LOD","Number","10/01/2026"
"08/01/2026","Flu B viral load","Citywide average","< LOD","Number","10/01/2026"
"08/08/2026","Flu B viral load","Citywide average","< LOD","Number","10/01/2026"
"08/15/2026","Flu B viral load","Citywide average","901154","Number","10/01/2026"
"08/22/2026","Flu B viral load","Citywide average","< LOD","Number","10/01/2026"
"08/29/2026","Flu B viral load","Citywide average","< LOD","Number","10/01/2026"
"09/05/2026","Flu B viral load","Citywide average","964071","Number","10/01/2026"
"09/12/2026","Flu B viral load","Citywide average","< LOD","Number","10/01/2026"
"09/19/2026","Flu B viral load","Citywide average","< LOD","Number","10/01/2026"
"09/26/2026","Flu B viral load","Citywide average","1213789","Number","10/01/2026"
"10/04/2025","RSV viral load","Citywide average","5477022","Number","10/01/2026"
"10/11/2025","RSV viral load","Citywide average","12125241","Number","10/01/2026"
"10/18/2025","RSV viral load","Citywide average","2304523","Number","10/01/2026"
"10/25/2025","RSV viral load","Citywide average","1101906","Number","10/01/2026"
"11/01/2025","RSV viral load","Citywide average","1330835","Number","10/01/2026"
"11/08/2025","RSV viral load","Citywide average","797308","Number","10/01/2026"
"11/15/2025","RSV viral load","Citywide average","1232133","Number","10/01/2026"
"11/22/2025","RSV viral load","Citywide average","978649","Number","10/01/2026"
"11/29/2025","RSV viral load","Citywide average","2854663","Number","10/01/2026"
"12/06/2025","RSV viral load","Citywide average","","Number","10/01/2026"
"12/13/2025","RSV viral load","Citywide average","2959018","Number","10/01/2026"
"12/20/2025","RSV viral load","Citywide average","1986309","Number","10/01/2026"
"12/27/2025","RSV viral load","Citywide average","3153385","Number","10/01/2026"
"01/03/2026","RSV viral load","Citywide average","4423826","Number","10/01/2026"
"01/10/2026","RSV viral load","Citywide average","2108927","Number","10/01/2026"
"01/17/2026","RSV viral load","Citywide average","4040470","Number","10/01/2026"
"01/24/2026","RSV viral load","Citywide average","9774041","Number","10/01/2026"
"01/31/2026","RSV viral load","Citywide average","4373230","Number","10/01/2026"
"02/07/2026","RSV viral load","Citywide average","4375041","Number","10/01/2026"
"02/14/2026","RSV viral load","Citywide average","4961624","Number","10/01/2026"
"02/21/2026","RSV viral load","Citywide average","4076167","Number","10/01/2026"
"02/28/2026","RSV viral load","Citywide average","8735746","Number","10/01/2026"
"03/07/2026","RSV viral load","Citywide average","4809351","Number","10/01/2026"
"03/14/2026","RSV viral load","Citywide average","3775027","Number","10/01/2026"
"03/21/2026","RSV viral load","Citywide average","4545023","Number","10/01/2026"
"03/28/2026","RSV viral load","Citywide average","3673763","Number","10/01/2026"
"04/04/2026","RSV viral load","Citywide average","1605664","Number","10/01/2026"
"04/11/2026","RSV viral load","Citywide average","2278973","Number","10/01/2026"
"04/18/2026","RSV viral load","Citywide average","1064031","Number","10/01/2026"
"04/25/2026","RSV viral load","Citywide average","1324571","Number","10/01/2026"
"05/02/2026","RSV viral load","Citywide average","1126895","Number","10/01/2026"
"05/09/2026","RSV viral load","Citywide average","729076","Number","10/01/2026"
"05/16/2026","RSV viral load","Citywide average","967865","Number","10/01/2026"
"05/23/2026","RSV viral load","Citywide average","3225017","Number","10/01/2026"
"05/30/2026","RSV viral load","Citywide average","< LOD","Number","10/01/2026"
"06/06/2026","RSV viral load","Citywide average","818627","Number","10/01/2026"
"06/13/2026","RSV viral load","Citywide average","< LOD","Number","10/01/2026"
"06/20/2026","RSV viral load","Citywide average","< LOD","Number","10/01/2026"
"06/27/2026","RSV viral load","Citywide average","3163695","Number","10/01/2026"
"07/04/2026","RSV viral load","Citywide average","< LOD","Number","10/01/2026"
"07/11/2026","RSV viral load","Citywide average","","Number","10/01/2026"
"07/18/2026","RSV viral load","Citywide average","8236942","Number","10/01/2026"
"07/25/2026","RSV viral load","Citywide average","< LOD","Number","10/01/2026"
"08/01/2026","RSV viral load","Citywide average","597990","Number","10/01/2026"
"08/08/2026","RSV viral load","Citywide average","767361","Number","10/01/2026"
"08/15/2026","RSV viral load","Citywide average","< LOD","Number","10/01/2026"
"08/22/2026","RSV viral load","Citywide average","< LOD","Number","10/01/2026"
"08/29/2026","RSV viral load","Citywide average","< LOD","Number","10/01/2026"
"09/05/2026","RSV viral load","Citywide average","10041329","Number","10/01/2026"
"09/12/2026","RSV viral load","Citywide average","< LOD","Number","10/01/2026"
"09/19/2026","RSV viral load","Citywide average","3122514","Number","10/01/2026"
"09/26/2026","RSV viral load","Citywide average","815444","Number","10/01/2026"
